case_id,agent,activity_name,start_timestamp,end_timestamp,TimeStep,resource
0,2,Assign seriousness,2012-08-30 12:52:54+00:00,2012-08-30 12:52:54+00:00,0,Value 11
0,2,Take in charge ticket,2012-08-30 12:52:54+00:00,2012-08-30 12:52:54+00:00,1,Value 11
0,2,Resolve ticket,2012-08-30 12:52:54+00:00,2012-08-30 12:52:54+00:00,2,Value 11
0,5,Closed,2012-08-30 12:52:54+00:00,2012-08-30 12:52:54+00:00,3,Value 5
1,2,Assign seriousness,2012-08-30 12:57:24.679256883+00:00,2012-08-30 12:57:24.679256883+00:00,4,Value 11
1,2,Take in charge ticket,2012-08-30 12:57:24.679256883+00:00,2012-08-30 12:57:24.679256883+00:00,5,Value 11
1,2,Resolve ticket,2012-08-30 12:57:24.679256883+00:00,2012-08-30 12:57:24.679256883+00:00,6,Value 11
1,0,Resolve ticket,2012-08-30 12:57:24.679256883+00:00,2012-08-30 12:57:24.679256883+00:00,7,Value 2
1,5,Closed,2012-08-30 12:57:24.679256883+00:00,2012-08-30 12:57:24.679256883+00:00,8,Value 5
2,2,Assign seriousness,2012-08-30 12:59:40.771820337+00:00,2012-08-30 12:59:40.771820337+00:00,9,Value 11
2,2,Take in charge ticket,2012-08-30 12:59:40.771820337+00:00,2012-08-30 12:59:40.771820337+00:00,10,Value 11
2,2,Resolve ticket,2012-08-30 12:59:40.771820337+00:00,2012-08-30 12:59:40.771820337+00:00,11,Value 11
2,5,Closed,2012-08-30 12:59:40.771820337+00:00,2012-08-30 12:59:40.771820337+00:00,12,Value 5
3,2,Assign seriousness,2012-08-30 13:19:04.252814604+00:00,2012-08-30 13:19:04.252814604+00:00,13,Value 11
3,2,Take in charge ticket,2012-08-30 13:19:04.252814604+00:00,2012-08-30 13:19:04.252814604+00:00,14,Value 11
3,2,Resolve ticket,2012-08-30 13:19:04.252814604+00:00,2012-08-30 13:19:04.252814604+00:00,15,Value 11
3,5,Closed,2012-08-30 13:19:04.252814604+00:00,2012-08-30 13:19:04.252814604+00:00,16,Value 5
4,2,Assign seriousness,2012-08-30 13:25:38.303856123+00:00,2012-08-30 13:25:38.303856123+00:00,17,Value 11
4,2,Take in charge ticket,2012-08-30 13:25:38.303856123+00:00,2012-08-30 13:25:38.303856123+00:00,18,Value 11
4,2,Resolve ticket,2012-08-30 13:25:38.303856123+00:00,2012-08-30 13:25:38.303856123+00:00,19,Value 11
4,5,Closed,2012-08-30 13:25:38.303856123+00:00,2012-08-30 13:25:38.303856123+00:00,20,Value 5
5,2,Assign seriousness,2012-08-30 14:13:09.960989048+00:00,2012-08-30 14:13:09.960989048+00:00,21,Value 11
5,2,Take in charge ticket,2012-08-30 14:13:09.960989048+00:00,2012-08-30 14:13:09.960989048+00:00,22,Value 11
5,2,Resolve ticket,2012-08-30 14:13:09.960989048+00:00,2012-08-30 14:13:09.960989048+00:00,23,Value 11
5,5,Closed,2012-08-30 14:13:09.960989048+00:00,2012-08-30 14:13:09.960989048+00:00,24,Value 5
6,2,Assign seriousness,2012-08-30 14:46:39.377030476+00:00,2012-08-30 14:46:39.377030476+00:00,25,Value 11
6,2,Take in charge ticket,2012-08-30 14:46:39.377030476+00:00,2012-08-30 14:46:39.377030476+00:00,26,Value 11
6,2,Resolve ticket,2012-08-30 14:46:39.377030476+00:00,2012-08-30 14:46:39.377030476+00:00,27,Value 11
6,5,Closed,2012-08-30 14:46:39.377030476+00:00,2012-08-30 14:46:39.377030476+00:00,28,Value 5
7,2,Assign seriousness,2012-08-31 04:00:00+00:00,2012-08-31 04:00:00+00:00,31,Value 11
8,2,Assign seriousness,2012-08-31 04:00:00+00:00,2012-08-31 04:00:00+00:00,32,Value 11
7,2,Take in charge ticket,2012-08-31 04:00:00+00:00,2012-08-31 04:00:00+00:00,33,Value 11
8,2,Take in charge ticket,2012-08-31 04:00:00+00:00,2012-08-31 04:00:00+00:00,34,Value 11
7,2,Resolve ticket,2012-08-31 04:00:00+00:00,2012-08-31 04:00:00+00:00,35,Value 11
8,2,Wait,2012-08-31 04:00:00+00:00,2012-08-31 04:00:00+00:00,36,Value 11
7,5,Closed,2012-08-31 04:00:00+00:00,2012-08-31 04:00:00+00:00,37,Value 5
8,2,Take in charge ticket,2012-08-31 04:00:00+00:00,2012-08-31 04:00:00+00:00,38,Value 11
8,2,Resolve ticket,2012-08-31 04:00:00+00:00,2012-08-31 04:00:00+00:00,39,Value 11
8,5,Closed,2012-08-31 04:00:00+00:00,2012-08-31 04:00:00+00:00,40,Value 5
9,2,Assign seriousness,2012-08-31 07:41:18.294186882+00:00,2012-08-31 07:41:18.294186882+00:00,41,Value 11
9,2,Take in charge ticket,2012-08-31 07:41:18.294186882+00:00,2012-08-31 07:41:18.294186882+00:00,42,Value 11
9,2,Resolve ticket,2012-08-31 07:41:18.294186882+00:00,2012-08-31 07:41:18.294186882+00:00,43,Value 11
9,5,Closed,2012-08-31 07:41:18.294186882+00:00,2012-08-31 07:41:18.294186882+00:00,44,Value 5
10,2,Assign seriousness,2012-08-31 12:38:38.935904207+00:00,2012-08-31 12:38:38.935904207+00:00,45,Value 11
10,2,Take in charge ticket,2012-08-31 12:38:38.935904207+00:00,2012-08-31 12:38:38.935904207+00:00,46,Value 11
10,2,Resolve ticket,2012-08-31 12:38:38.935904207+00:00,2012-08-31 12:38:38.935904207+00:00,47,Value 11
10,5,Closed,2012-08-31 12:38:38.935904207+00:00,2012-08-31 12:38:38.935904207+00:00,48,Value 5
11,2,Assign seriousness,2012-08-31 12:58:50.629656510+00:00,2012-08-31 12:58:50.629656510+00:00,49,Value 11
11,2,Take in charge ticket,2012-08-31 12:58:50.629656510+00:00,2012-08-31 12:58:50.629656510+00:00,50,Value 11
11,2,Resolve ticket,2012-08-31 12:58:50.629656510+00:00,2012-08-31 12:58:50.629656510+00:00,51,Value 11
11,5,Closed,2012-08-31 12:58:50.629656510+00:00,2012-08-31 12:58:50.629656510+00:00,52,Value 5
12,2,Assign seriousness,2012-08-31 13:09:07.972585197+00:00,2012-08-31 13:09:07.972585197+00:00,53,Value 11
12,2,Take in charge ticket,2012-08-31 13:09:07.972585197+00:00,2012-08-31 13:09:07.972585197+00:00,54,Value 11
12,3,Wait,2012-08-31 13:09:07.972585197+00:00,2012-08-31 13:09:07.972585197+00:00,55,Value 16
12,3,Take in charge ticket,2012-08-31 13:09:07.972585197+00:00,2012-08-31 13:09:07.972585197+00:00,56,Value 16
12,3,Wait,2012-08-31 13:09:07.972585197+00:00,2012-08-31 13:09:07.972585197+00:00,57,Value 16
12,2,Take in charge ticket,2012-08-31 13:09:07.972585197+00:00,2012-08-31 13:09:07.972585197+00:00,58,Value 11
12,2,Resolve ticket,2012-08-31 13:09:07.972585197+00:00,2012-08-31 13:09:07.972585197+00:00,59,Value 11
12,5,Closed,2012-08-31 13:09:07.972585197+00:00,2012-08-31 13:09:07.972585197+00:00,60,Value 5
13,2,Assign seriousness,2012-08-31 14:26:53.200454242+00:00,2012-08-31 14:26:53.200454242+00:00,61,Value 11
13,0,Assign seriousness,2012-08-31 14:26:53.200454242+00:00,2012-08-31 14:26:53.200454242+00:00,62,Value 2
13,0,Take in charge ticket,2012-08-31 14:26:53.200454242+00:00,2012-08-31 14:26:53.200454242+00:00,63,Value 2
13,0,Resolve ticket,2012-08-31 14:26:53.200454242+00:00,2012-08-31 14:26:53.200454242+00:00,64,Value 2
13,5,Closed,2012-08-31 14:26:53.200454242+00:00,2012-08-31 14:26:53.200454242+00:00,65,Value 5
14,5,Assign seriousness,2012-09-01 13:17:27+00:00,2012-09-01 13:17:27+00:00,66,Value 5
14,0,Take in charge ticket,2012-09-03 03:00:00+00:00,2012-09-03 03:00:00+00:00,68,Value 2
14,0,Resolve ticket,2012-09-03 03:00:00+00:00,2012-09-03 03:00:00+00:00,69,Value 2
14,5,Closed,2012-09-03 06:00:00+00:00,2012-09-03 06:00:00+00:00,70,Value 5
15,2,Assign seriousness,2012-09-03 04:00:49+00:00,2012-09-03 04:00:49+00:00,71,Value 11
15,2,Take in charge ticket,2012-09-03 04:00:49+00:00,2012-09-03 04:00:49+00:00,72,Value 11
15,2,Resolve ticket,2012-09-03 04:00:49+00:00,2012-09-03 04:00:49+00:00,73,Value 11
15,5,Closed,2012-09-03 06:00:00+00:00,2012-09-03 06:00:00+00:00,75,Value 5
16,2,Assign seriousness,2012-09-03 06:06:44.701854400+00:00,2012-09-03 06:06:44.701854400+00:00,76,Value 11
16,2,Take in charge ticket,2012-09-03 06:06:44.701854400+00:00,2012-09-03 06:06:44.701854400+00:00,77,Value 11
16,2,Take in charge ticket,2012-09-03 06:06:44.701854400+00:00,2012-09-03 06:06:44.701854400+00:00,78,Value 11
16,2,Wait,2012-09-03 06:06:44.701854400+00:00,2012-09-03 06:06:44.701854400+00:00,79,Value 11
16,0,Take in charge ticket,2012-09-03 06:06:44.701854400+00:00,2012-09-03 06:06:44.701854400+00:00,80,Value 2
16,0,Resolve ticket,2012-09-03 06:06:44.701854400+00:00,2012-09-03 06:06:44.701854400+00:00,81,Value 2
16,5,Closed,2012-09-03 06:06:44.701854400+00:00,2012-09-03 06:06:44.701854400+00:00,82,Value 5
17,2,Assign seriousness,2012-09-03 06:37:50.441831363+00:00,2012-09-03 06:37:50.441831363+00:00,83,Value 11
17,2,Assign seriousness,2012-09-03 06:37:50.441831363+00:00,2012-09-03 06:37:50.441831363+00:00,84,Value 11
17,2,Take in charge ticket,2012-09-03 06:37:50.441831363+00:00,2012-09-03 06:37:50.441831363+00:00,85,Value 11
17,2,Resolve ticket,2012-09-03 06:37:50.441831363+00:00,2012-09-03 06:37:50.441831363+00:00,86,Value 11
17,5,Closed,2012-09-03 06:37:50.441831363+00:00,2012-09-03 06:37:50.441831363+00:00,87,Value 5
18,2,Assign seriousness,2012-09-03 06:46:48.775860120+00:00,2012-09-03 06:46:48.775860120+00:00,88,Value 11
18,2,Take in charge ticket,2012-09-03 06:46:48.775860120+00:00,2012-09-03 06:46:48.775860120+00:00,89,Value 11
18,2,Wait,2012-09-03 06:46:48.775860120+00:00,2012-09-03 06:46:48.775860120+00:00,90,Value 11
18,2,Take in charge ticket,2012-09-03 06:46:48.775860120+00:00,2012-09-03 06:46:48.775860120+00:00,91,Value 11
18,2,Resolve ticket,2012-09-03 06:46:48.775860120+00:00,2012-09-03 06:46:48.775860120+00:00,92,Value 11
18,5,Closed,2012-09-03 06:46:48.775860120+00:00,2012-09-03 06:46:48.775860120+00:00,93,Value 5
19,2,Assign seriousness,2012-09-03 07:19:06.717042878+00:00,2012-09-03 07:19:06.717042878+00:00,94,Value 11
19,2,Take in charge ticket,2012-09-03 07:19:06.717042878+00:00,2012-09-03 07:19:06.717042878+00:00,95,Value 11
19,2,Resolve ticket,2012-09-03 07:19:06.717042878+00:00,2012-09-03 07:19:06.717042878+00:00,96,Value 11
19,5,Closed,2012-09-03 07:19:06.717042878+00:00,2012-09-03 07:19:06.717042878+00:00,97,Value 5
20,2,Assign seriousness,2012-09-03 08:17:06.690206604+00:00,2012-09-03 08:17:06.690206604+00:00,98,Value 11
20,2,Take in charge ticket,2012-09-03 08:17:06.690206604+00:00,2012-09-03 08:17:06.690206604+00:00,99,Value 11
20,8,Wait,2012-09-03 08:17:06.690206604+00:00,2012-09-03 08:17:06.690206604+00:00,100,Value 6
20,8,Take in charge ticket,2012-09-03 08:17:06.690206604+00:00,2012-09-03 08:17:06.690206604+00:00,101,Value 6
20,8,Resolve ticket,2012-09-03 08:17:06.690206604+00:00,2012-09-03 08:17:06.690206604+00:00,102,Value 6
20,5,Closed,2012-09-03 08:17:06.690206604+00:00,2012-09-03 08:17:06.690206604+00:00,103,Value 5
21,2,Assign seriousness,2012-09-03 09:24:52.576627026+00:00,2012-09-03 09:24:52.576627026+00:00,104,Value 11
21,2,Take in charge ticket,2012-09-03 09:24:52.576627026+00:00,2012-09-03 09:24:52.576627026+00:00,105,Value 11
21,2,Wait,2012-09-03 09:24:52.576627026+00:00,2012-09-03 09:24:52.576627026+00:00,106,Value 11
21,2,Take in charge ticket,2012-09-03 09:24:52.576627026+00:00,2012-09-03 09:24:52.576627026+00:00,107,Value 11
21,2,Resolve ticket,2012-09-03 09:24:52.576627026+00:00,2012-09-03 09:24:52.576627026+00:00,108,Value 11
21,5,Closed,2012-09-03 09:24:52.576627026+00:00,2012-09-03 09:24:52.576627026+00:00,109,Value 5
22,2,Assign seriousness,2012-09-03 09:44:54.711078811+00:00,2012-09-03 09:44:54.711078811+00:00,110,Value 11
22,2,Take in charge ticket,2012-09-03 09:44:54.711078811+00:00,2012-09-03 09:44:54.711078811+00:00,111,Value 11
22,2,Resolve ticket,2012-09-03 09:44:54.711078811+00:00,2012-09-03 09:44:54.711078811+00:00,112,Value 11
22,5,Closed,2012-09-03 09:44:54.711078811+00:00,2012-09-03 09:44:54.711078811+00:00,113,Value 5
23,2,Assign seriousness,2012-09-03 11:03:34.849978599+00:00,2012-09-03 11:03:34.849978599+00:00,114,Value 11
23,2,Take in charge ticket,2012-09-03 11:03:34.849978599+00:00,2012-09-03 11:03:34.849978599+00:00,115,Value 11
23,2,Resolve ticket,2012-09-03 11:03:34.849978599+00:00,2012-09-03 11:03:34.849978599+00:00,116,Value 11
23,5,Closed,2012-09-03 11:03:34.849978599+00:00,2012-09-03 11:03:34.849978599+00:00,117,Value 5
24,2,Assign seriousness,2012-09-03 12:44:38.580726221+00:00,2012-09-03 12:44:38.580726221+00:00,118,Value 11
24,2,Take in charge ticket,2012-09-03 12:44:38.580726221+00:00,2012-09-03 12:44:38.580726221+00:00,119,Value 11
24,2,Resolve ticket,2012-09-03 12:44:38.580726221+00:00,2012-09-03 12:44:38.580726221+00:00,120,Value 11
24,5,Closed,2012-09-03 12:44:38.580726221+00:00,2012-09-03 12:44:38.580726221+00:00,121,Value 5
25,2,Assign seriousness,2012-09-03 13:41:41.290358490+00:00,2012-09-03 13:41:41.290358490+00:00,122,Value 11
25,2,Take in charge ticket,2012-09-03 13:41:41.290358490+00:00,2012-09-03 13:41:41.290358490+00:00,123,Value 11
25,2,Resolve ticket,2012-09-03 13:41:41.290358490+00:00,2012-09-03 13:41:41.290358490+00:00,124,Value 11
25,5,Closed,2012-09-03 13:41:41.290358490+00:00,2012-09-03 13:41:41.290358490+00:00,125,Value 5
26,2,Assign seriousness,2012-09-03 14:18:32.604774556+00:00,2012-09-03 14:18:32.604774556+00:00,126,Value 11
26,2,Take in charge ticket,2012-09-03 14:18:32.604774556+00:00,2012-09-03 14:18:32.604774556+00:00,127,Value 11
26,2,Resolve ticket,2012-09-03 14:18:32.604774556+00:00,2012-09-03 14:18:32.604774556+00:00,128,Value 11
26,5,Closed,2012-09-03 14:18:32.604774556+00:00,2012-09-03 14:18:32.604774556+00:00,129,Value 5
27,2,Assign seriousness,2012-09-03 14:48:08.090983040+00:00,2012-09-03 14:48:08.090983040+00:00,130,Value 11
27,2,Take in charge ticket,2012-09-03 14:48:08.090983040+00:00,2012-09-03 14:48:08.090983040+00:00,131,Value 11
27,2,Resolve ticket,2012-09-03 14:48:08.090983040+00:00,2012-09-03 14:48:08.090983040+00:00,132,Value 11
27,5,Closed,2012-09-03 14:48:08.090983040+00:00,2012-09-03 14:48:08.090983040+00:00,133,Value 5
28,2,Assign seriousness,2012-09-04 04:00:00+00:00,2012-09-04 04:00:00+00:00,135,Value 11
28,2,Take in charge ticket,2012-09-04 04:00:00+00:00,2012-09-04 04:00:00+00:00,136,Value 11
28,2,Resolve ticket,2012-09-04 04:00:00+00:00,2012-09-04 04:00:00+00:00,137,Value 11
28,5,Closed,2012-09-04 04:00:00+00:00,2012-09-04 04:00:00+00:00,138,Value 5
29,2,Assign seriousness,2012-09-04 06:00:56.673172109+00:00,2012-09-04 06:00:56.673172109+00:00,139,Value 11
29,2,Assign seriousness,2012-09-04 06:00:56.673172109+00:00,2012-09-04 06:00:56.673172109+00:00,140,Value 11
29,2,Take in charge ticket,2012-09-04 06:00:56.673172109+00:00,2012-09-04 06:00:56.673172109+00:00,141,Value 11
29,2,Resolve ticket,2012-09-04 06:00:56.673172109+00:00,2012-09-04 06:00:56.673172109+00:00,142,Value 11
29,5,Closed,2012-09-04 06:00:56.673172109+00:00,2012-09-04 06:00:56.673172109+00:00,143,Value 5
30,2,Assign seriousness,2012-09-04 07:45:01.795172903+00:00,2012-09-04 07:45:01.795172903+00:00,144,Value 11
30,2,Take in charge ticket,2012-09-04 07:45:01.795172903+00:00,2012-09-04 07:45:01.795172903+00:00,145,Value 11
30,2,Resolve ticket,2012-09-04 07:45:01.795172903+00:00,2012-09-04 07:45:01.795172903+00:00,146,Value 11
30,5,Closed,2012-09-04 07:45:01.795172903+00:00,2012-09-04 07:45:01.795172903+00:00,147,Value 5
31,2,Assign seriousness,2012-09-04 07:45:04.632742155+00:00,2012-09-04 07:45:04.632742155+00:00,148,Value 11
31,2,Take in charge ticket,2012-09-04 07:45:04.632742155+00:00,2012-09-04 07:45:04.632742155+00:00,149,Value 11
31,2,Resolve ticket,2012-09-04 07:45:04.632742155+00:00,2012-09-04 07:45:04.632742155+00:00,150,Value 11
31,5,Closed,2012-09-04 07:45:04.632742155+00:00,2012-09-04 07:45:04.632742155+00:00,151,Value 5
32,2,Assign seriousness,2012-09-04 09:07:36.431400436+00:00,2012-09-04 09:07:36.431400436+00:00,152,Value 11
32,0,Assign seriousness,2012-09-04 09:07:36.431400436+00:00,2012-09-04 09:07:36.431400436+00:00,153,Value 2
32,0,Take in charge ticket,2012-09-04 09:07:36.431400436+00:00,2012-09-04 09:07:36.431400436+00:00,154,Value 2
32,0,Resolve ticket,2012-09-04 09:07:36.431400436+00:00,2012-09-04 09:07:36.431400436+00:00,155,Value 2
32,0,Take in charge ticket,2012-09-04 09:07:36.431400436+00:00,2012-09-04 09:07:36.431400436+00:00,156,Value 2
32,0,Create SW anomaly,2012-09-04 09:07:36.431400436+00:00,2012-09-04 09:07:36.431400436+00:00,157,Value 2
32,0,Resolve ticket,2012-09-04 09:07:36.431400436+00:00,2012-09-04 09:07:36.431400436+00:00,158,Value 2
32,0,Take in charge ticket,2012-09-04 09:07:36.431400436+00:00,2012-09-04 09:07:36.431400436+00:00,159,Value 2
32,0,Create SW anomaly,2012-09-04 09:07:36.431400436+00:00,2012-09-04 09:07:36.431400436+00:00,160,Value 2
32,0,Resolve ticket,2012-09-04 09:07:36.431400436+00:00,2012-09-04 09:07:36.431400436+00:00,161,Value 2
32,5,Closed,2012-09-04 09:07:36.431400436+00:00,2012-09-04 09:07:36.431400436+00:00,162,Value 5
33,2,Assign seriousness,2012-09-04 10:43:05.397178837+00:00,2012-09-04 10:43:05.397178837+00:00,163,Value 11
33,2,Take in charge ticket,2012-09-04 10:43:05.397178837+00:00,2012-09-04 10:43:05.397178837+00:00,164,Value 11
33,2,Resolve ticket,2012-09-04 10:43:05.397178837+00:00,2012-09-04 10:43:05.397178837+00:00,165,Value 11
33,5,Closed,2012-09-04 10:43:05.397178837+00:00,2012-09-04 10:43:05.397178837+00:00,166,Value 5
34,2,Assign seriousness,2012-09-04 10:54:28.385372575+00:00,2012-09-04 10:54:28.385372575+00:00,167,Value 11
34,2,Assign seriousness,2012-09-04 10:54:28.385372575+00:00,2012-09-04 10:54:28.385372575+00:00,168,Value 11
34,2,Take in charge ticket,2012-09-04 10:54:28.385372575+00:00,2012-09-04 10:54:28.385372575+00:00,169,Value 11
34,2,Resolve ticket,2012-09-04 10:54:28.385372575+00:00,2012-09-04 10:54:28.385372575+00:00,170,Value 11
34,5,Closed,2012-09-04 10:54:28.385372575+00:00,2012-09-04 10:54:28.385372575+00:00,171,Value 5
35,2,Assign seriousness,2012-09-04 11:37:22.195039743+00:00,2012-09-04 11:37:22.195039743+00:00,172,Value 11
35,2,Take in charge ticket,2012-09-04 11:37:22.195039743+00:00,2012-09-04 11:37:22.195039743+00:00,173,Value 11
35,2,Resolve ticket,2012-09-04 11:37:22.195039743+00:00,2012-09-04 11:37:22.195039743+00:00,174,Value 11
35,5,Closed,2012-09-04 11:37:22.195039743+00:00,2012-09-04 11:37:22.195039743+00:00,175,Value 5
36,2,Assign seriousness,2012-09-04 13:14:56.288358852+00:00,2012-09-04 13:14:56.288358852+00:00,176,Value 11
36,2,Take in charge ticket,2012-09-04 13:14:56.288358852+00:00,2012-09-04 13:14:56.288358852+00:00,177,Value 11
36,2,Resolve ticket,2012-09-04 13:14:56.288358852+00:00,2012-09-04 13:14:56.288358852+00:00,178,Value 11
36,5,Closed,2012-09-04 13:14:56.288358852+00:00,2012-09-04 13:14:56.288358852+00:00,179,Value 5
37,2,Assign seriousness,2012-09-04 14:58:01.752995893+00:00,2012-09-04 14:58:01.752995893+00:00,180,Value 11
37,2,Take in charge ticket,2012-09-04 14:58:01.752995893+00:00,2012-09-04 14:58:01.752995893+00:00,181,Value 11
37,2,Resolve ticket,2012-09-04 14:58:01.752995893+00:00,2012-09-04 14:58:01.752995893+00:00,182,Value 11
37,5,Closed,2012-09-04 14:58:01.752995893+00:00,2012-09-04 14:58:01.752995893+00:00,183,Value 5
38,2,Assign seriousness,2012-09-05 04:01:43+00:00,2012-09-05 04:01:43+00:00,184,Value 11
38,2,Take in charge ticket,2012-09-05 04:01:43+00:00,2012-09-05 04:01:43+00:00,185,Value 11
38,2,Resolve ticket,2012-09-05 04:01:43+00:00,2012-09-05 04:01:43+00:00,186,Value 11
38,5,Closed,2012-09-05 04:01:43+00:00,2012-09-05 04:01:43+00:00,187,Value 5
39,2,Assign seriousness,2012-09-05 04:15:14.781516806+00:00,2012-09-05 04:15:14.781516806+00:00,188,Value 11
39,2,Take in charge ticket,2012-09-05 04:15:14.781516806+00:00,2012-09-05 04:15:14.781516806+00:00,189,Value 11
39,2,Resolve ticket,2012-09-05 04:15:14.781516806+00:00,2012-09-05 04:15:14.781516806+00:00,190,Value 11
39,5,Closed,2012-09-05 04:15:14.781516806+00:00,2012-09-05 04:15:14.781516806+00:00,191,Value 5
40,13,Take in charge ticket,2012-09-05 04:23:05.526307345+00:00,2012-09-05 04:23:05.526307345+00:00,192,Value 17
40,13,Resolve ticket,2012-09-05 04:23:05.526307345+00:00,2012-09-05 04:23:05.526307345+00:00,193,Value 17
40,5,Closed,2012-09-05 04:23:05.526307345+00:00,2012-09-05 04:23:05.526307345+00:00,194,Value 5
41,2,Assign seriousness,2012-09-05 04:38:46.318250521+00:00,2012-09-05 04:38:46.318250521+00:00,195,Value 11
41,2,Take in charge ticket,2012-09-05 04:38:46.318250521+00:00,2012-09-05 04:38:46.318250521+00:00,196,Value 11
41,2,Resolve ticket,2012-09-05 04:38:46.318250521+00:00,2012-09-05 04:38:46.318250521+00:00,197,Value 11
41,5,Closed,2012-09-05 04:38:46.318250521+00:00,2012-09-05 04:38:46.318250521+00:00,198,Value 5
42,2,Assign seriousness,2012-09-05 05:46:04.408951034+00:00,2012-09-05 05:46:04.408951034+00:00,199,Value 11
42,2,Take in charge ticket,2012-09-05 05:46:04.408951034+00:00,2012-09-05 05:46:04.408951034+00:00,200,Value 11
42,2,Resolve ticket,2012-09-05 05:46:04.408951034+00:00,2012-09-05 05:46:04.408951034+00:00,201,Value 11
42,5,Closed,2012-09-05 05:46:04.408951034+00:00,2012-09-05 05:46:04.408951034+00:00,202,Value 5
43,2,Assign seriousness,2012-09-05 05:57:09.352393024+00:00,2012-09-05 05:57:09.352393024+00:00,203,Value 11
43,2,Take in charge ticket,2012-09-05 05:57:09.352393024+00:00,2012-09-05 05:57:09.352393024+00:00,204,Value 11
43,2,Wait,2012-09-05 05:57:09.352393024+00:00,2012-09-05 05:57:09.352393024+00:00,205,Value 11
43,2,Take in charge ticket,2012-09-05 05:57:09.352393024+00:00,2012-09-05 05:57:09.352393024+00:00,206,Value 11
43,2,Resolve ticket,2012-09-05 05:57:09.352393024+00:00,2012-09-05 05:57:09.352393024+00:00,207,Value 11
43,5,Closed,2012-09-05 05:57:09.352393024+00:00,2012-09-05 05:57:09.352393024+00:00,208,Value 5
44,13,Take in charge ticket,2012-09-05 05:57:10.238471670+00:00,2012-09-05 05:57:10.238471670+00:00,209,Value 17
44,13,Resolve ticket,2012-09-05 05:57:10.238471670+00:00,2012-09-05 05:57:10.238471670+00:00,210,Value 17
44,5,Closed,2012-09-05 05:57:10.238471670+00:00,2012-09-05 05:57:10.238471670+00:00,211,Value 5
45,2,Assign seriousness,2012-09-05 07:17:57.460366226+00:00,2012-09-05 07:17:57.460366226+00:00,212,Value 11
45,2,Take in charge ticket,2012-09-05 07:17:57.460366226+00:00,2012-09-05 07:17:57.460366226+00:00,213,Value 11
45,2,Resolve ticket,2012-09-05 07:17:57.460366226+00:00,2012-09-05 07:17:57.460366226+00:00,214,Value 11
45,5,Closed,2012-09-05 07:17:57.460366226+00:00,2012-09-05 07:17:57.460366226+00:00,215,Value 5
46,2,Assign seriousness,2012-09-05 07:51:27.395965569+00:00,2012-09-05 07:51:27.395965569+00:00,216,Value 11
46,2,Take in charge ticket,2012-09-05 07:51:27.395965569+00:00,2012-09-05 07:51:27.395965569+00:00,217,Value 11
46,2,Resolve ticket,2012-09-05 07:51:27.395965569+00:00,2012-09-05 07:51:27.395965569+00:00,218,Value 11
46,5,Closed,2012-09-05 07:51:27.395965569+00:00,2012-09-05 07:51:27.395965569+00:00,219,Value 5
47,2,Assign seriousness,2012-09-05 10:29:20.745626847+00:00,2012-09-05 10:29:20.745626847+00:00,220,Value 11
47,2,Take in charge ticket,2012-09-05 10:29:20.745626847+00:00,2012-09-05 10:29:20.745626847+00:00,221,Value 11
47,2,Wait,2012-09-05 10:29:20.745626847+00:00,2012-09-05 10:29:20.745626847+00:00,222,Value 11
47,0,Take in charge ticket,2012-09-05 10:29:20.745626847+00:00,2012-09-05 10:29:20.745626847+00:00,223,Value 2
47,9,Resolve ticket,2012-09-05 10:29:20.745626847+00:00,2012-09-05 10:29:20.745626847+00:00,224,Value 14
47,5,Closed,2012-09-05 10:29:20.745626847+00:00,2012-09-05 10:29:20.745626847+00:00,225,Value 5
48,2,Assign seriousness,2012-09-05 10:33:51.841048194+00:00,2012-09-05 10:33:51.841048194+00:00,226,Value 11
48,2,Take in charge ticket,2012-09-05 10:33:51.841048194+00:00,2012-09-05 10:33:51.841048194+00:00,227,Value 11
48,8,Wait,2012-09-05 10:33:51.841048194+00:00,2012-09-05 10:33:51.841048194+00:00,228,Value 6
48,8,Take in charge ticket,2012-09-05 10:33:51.841048194+00:00,2012-09-05 10:33:51.841048194+00:00,229,Value 6
48,13,Resolve ticket,2012-09-05 10:33:51.841048194+00:00,2012-09-05 10:33:51.841048194+00:00,230,Value 17
48,5,Closed,2012-09-05 10:33:51.841048194+00:00,2012-09-05 10:33:51.841048194+00:00,231,Value 5
49,2,Assign seriousness,2012-09-05 11:32:35.240240220+00:00,2012-09-05 11:32:35.240240220+00:00,232,Value 11
49,2,Assign seriousness,2012-09-05 11:32:35.240240220+00:00,2012-09-05 11:32:35.240240220+00:00,233,Value 11
49,2,Take in charge ticket,2012-09-05 11:32:35.240240220+00:00,2012-09-05 11:32:35.240240220+00:00,234,Value 11
49,2,Resolve ticket,2012-09-05 11:32:35.240240220+00:00,2012-09-05 11:32:35.240240220+00:00,235,Value 11
49,5,Closed,2012-09-05 11:32:35.240240220+00:00,2012-09-05 11:32:35.240240220+00:00,236,Value 5
50,2,Assign seriousness,2012-09-05 13:08:19.627023026+00:00,2012-09-05 13:08:19.627023026+00:00,237,Value 11
50,2,Take in charge ticket,2012-09-05 13:08:19.627023026+00:00,2012-09-05 13:08:19.627023026+00:00,238,Value 11
50,2,Resolve ticket,2012-09-05 13:08:19.627023026+00:00,2012-09-05 13:08:19.627023026+00:00,239,Value 11
50,5,Closed,2012-09-05 13:08:19.627023026+00:00,2012-09-05 13:08:19.627023026+00:00,240,Value 5
51,2,Assign seriousness,2012-09-05 13:54:08.526428530+00:00,2012-09-05 13:54:08.526428530+00:00,241,Value 11
51,2,Take in charge ticket,2012-09-05 13:54:08.526428530+00:00,2012-09-05 13:54:08.526428530+00:00,242,Value 11
51,3,Resolve ticket,2012-09-05 13:54:08.526428530+00:00,2012-09-05 13:54:08.526428530+00:00,243,Value 16
51,5,Closed,2012-09-05 13:54:08.526428530+00:00,2012-09-05 13:54:08.526428530+00:00,244,Value 5
52,2,Assign seriousness,2012-09-06 04:02:16+00:00,2012-09-06 04:02:16+00:00,245,Value 11
52,2,Take in charge ticket,2012-09-06 04:02:16+00:00,2012-09-06 04:02:16+00:00,246,Value 11
52,2,Resolve ticket,2012-09-06 04:02:16+00:00,2012-09-06 04:02:16+00:00,247,Value 11
52,2,Take in charge ticket,2012-09-06 04:02:16+00:00,2012-09-06 04:02:16+00:00,248,Value 11
52,2,Wait,2012-09-06 04:02:16+00:00,2012-09-06 04:02:16+00:00,249,Value 11
52,2,Take in charge ticket,2012-09-06 04:02:16+00:00,2012-09-06 04:02:16+00:00,250,Value 11
52,2,Resolve ticket,2012-09-06 04:02:16+00:00,2012-09-06 04:02:16+00:00,251,Value 11
52,5,Closed,2012-09-06 04:02:16+00:00,2012-09-06 04:02:16+00:00,252,Value 5
53,2,Assign seriousness,2012-09-06 04:02:24.254128286+00:00,2012-09-06 04:02:24.254128286+00:00,253,Value 11
53,2,Take in charge ticket,2012-09-06 04:02:24.254128286+00:00,2012-09-06 04:02:24.254128286+00:00,254,Value 11
53,2,Resolve ticket,2012-09-06 04:02:24.254128286+00:00,2012-09-06 04:02:24.254128286+00:00,255,Value 11
53,5,Closed,2012-09-06 04:02:24.254128286+00:00,2012-09-06 04:02:24.254128286+00:00,256,Value 5
54,2,Assign seriousness,2012-09-06 06:30:16.608193578+00:00,2012-09-06 06:30:16.608193578+00:00,257,Value 11
54,2,Take in charge ticket,2012-09-06 06:30:16.608193578+00:00,2012-09-06 06:30:16.608193578+00:00,258,Value 11
54,2,Resolve ticket,2012-09-06 06:30:16.608193578+00:00,2012-09-06 06:30:16.608193578+00:00,259,Value 11
54,12,Take in charge ticket,2012-09-06 06:30:16.608193578+00:00,2012-09-06 06:30:16.608193578+00:00,260,Value 7
54,12,Resolve ticket,2012-09-06 06:30:16.608193578+00:00,2012-09-06 06:30:16.608193578+00:00,261,Value 7
54,5,Closed,2012-09-06 06:30:16.608193578+00:00,2012-09-06 06:30:16.608193578+00:00,262,Value 5
55,2,Assign seriousness,2012-09-06 06:52:57.138932567+00:00,2012-09-06 06:52:57.138932567+00:00,263,Value 11
55,0,Assign seriousness,2012-09-06 06:52:57.138932567+00:00,2012-09-06 06:52:57.138932567+00:00,264,Value 2
55,0,Take in charge ticket,2012-09-06 06:52:57.138932567+00:00,2012-09-06 06:52:57.138932567+00:00,265,Value 2
55,0,Resolve ticket,2012-09-06 06:52:57.138932567+00:00,2012-09-06 06:52:57.138932567+00:00,266,Value 2
55,5,Closed,2012-09-06 06:52:57.138932567+00:00,2012-09-06 06:52:57.138932567+00:00,267,Value 5
56,2,Assign seriousness,2012-09-06 07:10:16.306722326+00:00,2012-09-06 07:10:16.306722326+00:00,268,Value 11
56,2,Take in charge ticket,2012-09-06 07:10:16.306722326+00:00,2012-09-06 07:10:16.306722326+00:00,269,Value 11
56,2,Resolve ticket,2012-09-06 07:10:16.306722326+00:00,2012-09-06 07:10:16.306722326+00:00,270,Value 11
56,5,Closed,2012-09-06 07:10:16.306722326+00:00,2012-09-06 07:10:16.306722326+00:00,271,Value 5
57,2,Assign seriousness,2012-09-06 08:36:02.009832062+00:00,2012-09-06 08:36:02.009832062+00:00,272,Value 11
57,2,Take in charge ticket,2012-09-06 08:36:02.009832062+00:00,2012-09-06 08:36:02.009832062+00:00,273,Value 11
57,2,Resolve ticket,2012-09-06 08:36:02.009832062+00:00,2012-09-06 08:36:02.009832062+00:00,274,Value 11
57,5,Closed,2012-09-06 08:36:02.009832062+00:00,2012-09-06 08:36:02.009832062+00:00,275,Value 5
58,2,Assign seriousness,2012-09-06 09:28:28.490973653+00:00,2012-09-06 09:28:28.490973653+00:00,276,Value 11
58,2,Take in charge ticket,2012-09-06 09:28:28.490973653+00:00,2012-09-06 09:28:28.490973653+00:00,277,Value 11
58,8,Wait,2012-09-06 09:28:28.490973653+00:00,2012-09-06 09:28:28.490973653+00:00,278,Value 6
58,8,Resolve ticket,2012-09-06 09:28:28.490973653+00:00,2012-09-06 09:28:28.490973653+00:00,279,Value 6
58,5,Closed,2012-09-06 09:28:28.490973653+00:00,2012-09-06 09:28:28.490973653+00:00,280,Value 5
59,2,Assign seriousness,2012-09-06 12:41:35.460395139+00:00,2012-09-06 12:41:35.460395139+00:00,281,Value 11
59,2,Take in charge ticket,2012-09-06 12:41:35.460395139+00:00,2012-09-06 12:41:35.460395139+00:00,282,Value 11
59,2,Resolve ticket,2012-09-06 12:41:35.460395139+00:00,2012-09-06 12:41:35.460395139+00:00,283,Value 11
59,5,Closed,2012-09-06 12:41:35.460395139+00:00,2012-09-06 12:41:35.460395139+00:00,284,Value 5
60,2,Assign seriousness,2012-09-06 14:27:35.656092379+00:00,2012-09-06 14:27:35.656092379+00:00,285,Value 11
60,2,Take in charge ticket,2012-09-06 14:27:35.656092379+00:00,2012-09-06 14:27:35.656092379+00:00,286,Value 11
60,2,Resolve ticket,2012-09-06 14:27:35.656092379+00:00,2012-09-06 14:27:35.656092379+00:00,287,Value 11
60,5,Closed,2012-09-06 14:27:35.656092379+00:00,2012-09-06 14:27:35.656092379+00:00,288,Value 5
61,2,Assign seriousness,2012-09-06 14:50:39.836506794+00:00,2012-09-06 14:50:39.836506794+00:00,289,Value 11
61,2,Take in charge ticket,2012-09-06 14:50:39.836506794+00:00,2012-09-06 14:50:39.836506794+00:00,290,Value 11
61,2,Resolve ticket,2012-09-06 14:50:39.836506794+00:00,2012-09-06 14:50:39.836506794+00:00,291,Value 11
61,5,Closed,2012-09-06 14:50:39.836506794+00:00,2012-09-06 14:50:39.836506794+00:00,292,Value 5
62,2,Assign seriousness,2012-09-07 04:00:00+00:00,2012-09-07 04:00:00+00:00,295,Value 11
63,2,Assign seriousness,2012-09-07 04:00:00+00:00,2012-09-07 04:00:00+00:00,296,Value 11
62,2,Take in charge ticket,2012-09-07 04:00:00+00:00,2012-09-07 04:00:00+00:00,297,Value 11
63,2,Take in charge ticket,2012-09-07 04:00:00+00:00,2012-09-07 04:00:00+00:00,298,Value 11
62,8,Wait,2012-09-07 04:00:00+00:00,2012-09-07 04:00:00+00:00,299,Value 6
63,2,Wait,2012-09-07 04:00:00+00:00,2012-09-07 04:00:00+00:00,300,Value 11
62,8,Resolve ticket,2012-09-07 04:00:00+00:00,2012-09-07 04:00:00+00:00,301,Value 6
63,0,Take in charge ticket,2012-09-07 04:00:00+00:00,2012-09-07 04:00:00+00:00,302,Value 2
62,5,Closed,2012-09-07 04:00:00+00:00,2012-09-07 04:00:00+00:00,303,Value 5
63,0,Create SW anomaly,2012-09-07 04:00:00+00:00,2012-09-07 04:00:00+00:00,304,Value 2
63,0,Resolve ticket,2012-09-07 04:00:00+00:00,2012-09-07 04:00:00+00:00,305,Value 2
63,0,RESOLVED,2012-09-07 04:00:00+00:00,2012-09-07 04:00:00+00:00,306,Value 2
63,0,INVALID,2012-09-07 04:00:00+00:00,2012-09-07 04:00:00+00:00,307,Value 2
63,5,Closed,2012-09-07 04:00:00+00:00,2012-09-07 04:00:00+00:00,308,Value 5
64,2,Assign seriousness,2012-09-07 07:26:15.319211051+00:00,2012-09-07 07:26:15.319211051+00:00,310,Value 11
63,16,VERIFIED,2012-09-11 14:00:00+00:00,2012-09-11 14:00:00+00:00,311,Value 22
64,2,Take in charge ticket,2012-09-07 07:26:15.319211051+00:00,2012-09-07 07:26:15.319211051+00:00,312,Value 11
65,2,Assign seriousness,2012-09-07 07:39:53.516630087+00:00,2012-09-07 07:39:53.516630087+00:00,313,Value 11
64,2,Resolve ticket,2012-09-07 07:26:15.319211051+00:00,2012-09-07 07:26:15.319211051+00:00,314,Value 11
65,2,Take in charge ticket,2012-09-07 07:39:53.516630087+00:00,2012-09-07 07:39:53.516630087+00:00,315,Value 11
64,5,Closed,2012-09-07 07:26:15.319211051+00:00,2012-09-07 07:26:15.319211051+00:00,316,Value 5
65,2,Resolve ticket,2012-09-07 07:39:53.516630087+00:00,2012-09-07 07:39:53.516630087+00:00,317,Value 11
65,5,Closed,2012-09-07 07:39:53.516630087+00:00,2012-09-07 07:39:53.516630087+00:00,318,Value 5
66,2,Assign seriousness,2012-09-07 08:41:01.678690226+00:00,2012-09-07 08:41:01.678690226+00:00,319,Value 11
66,2,Take in charge ticket,2012-09-07 08:41:01.678690226+00:00,2012-09-07 08:41:01.678690226+00:00,320,Value 11
66,2,Resolve ticket,2012-09-07 08:41:01.678690226+00:00,2012-09-07 08:41:01.678690226+00:00,321,Value 11
66,5,Closed,2012-09-07 08:41:01.678690226+00:00,2012-09-07 08:41:01.678690226+00:00,322,Value 5
67,2,Assign seriousness,2012-09-07 10:54:15.449706849+00:00,2012-09-07 10:54:15.449706849+00:00,323,Value 11
67,2,Take in charge ticket,2012-09-07 10:54:15.449706849+00:00,2012-09-07 10:54:15.449706849+00:00,324,Value 11
67,2,Resolve ticket,2012-09-07 10:54:15.449706849+00:00,2012-09-07 10:54:15.449706849+00:00,325,Value 11
67,5,Closed,2012-09-07 10:54:15.449706849+00:00,2012-09-07 10:54:15.449706849+00:00,326,Value 5
68,2,Assign seriousness,2012-09-07 11:02:35.226594180+00:00,2012-09-07 11:02:35.226594180+00:00,327,Value 11
68,2,Take in charge ticket,2012-09-07 11:02:35.226594180+00:00,2012-09-07 11:02:35.226594180+00:00,328,Value 11
68,2,Resolve ticket,2012-09-07 11:02:35.226594180+00:00,2012-09-07 11:02:35.226594180+00:00,329,Value 11
68,5,Closed,2012-09-07 11:02:35.226594180+00:00,2012-09-07 11:02:35.226594180+00:00,330,Value 5
69,2,Assign seriousness,2012-09-07 11:35:14.836601121+00:00,2012-09-07 11:35:14.836601121+00:00,331,Value 11
69,2,Take in charge ticket,2012-09-07 11:35:14.836601121+00:00,2012-09-07 11:35:14.836601121+00:00,332,Value 11
69,2,Resolve ticket,2012-09-07 11:35:14.836601121+00:00,2012-09-07 11:35:14.836601121+00:00,333,Value 11
69,5,Closed,2012-09-07 11:35:14.836601121+00:00,2012-09-07 11:35:14.836601121+00:00,334,Value 5
70,2,Assign seriousness,2012-09-07 13:03:57.668607+00:00,2012-09-07 13:03:57.668607+00:00,335,Value 11
70,2,Take in charge ticket,2012-09-07 13:03:57.668607+00:00,2012-09-07 13:03:57.668607+00:00,336,Value 11
70,2,Resolve ticket,2012-09-07 13:03:57.668607+00:00,2012-09-07 13:03:57.668607+00:00,337,Value 11
70,5,Closed,2012-09-07 13:03:57.668607+00:00,2012-09-07 13:03:57.668607+00:00,338,Value 5
71,2,Assign seriousness,2012-09-07 15:05:08.875555249+00:00,2012-09-07 15:05:08.875555249+00:00,339,Value 11
71,2,Take in charge ticket,2012-09-07 15:05:08.875555249+00:00,2012-09-07 15:05:08.875555249+00:00,340,Value 11
71,2,Resolve ticket,2012-09-07 15:05:08.875555249+00:00,2012-09-07 15:05:08.875555249+00:00,341,Value 11
71,5,Closed,2012-09-07 15:05:08.875555249+00:00,2012-09-07 15:05:08.875555249+00:00,342,Value 5
71,5,Closed,2012-09-07 15:05:08.875555249+00:00,2012-09-07 15:05:08.875555249+00:00,343,Value 5
72,5,Assign seriousness,2012-09-08 13:17:27+00:00,2012-09-08 13:17:27+00:00,344,Value 5
72,0,Take in charge ticket,2012-09-10 03:00:00+00:00,2012-09-10 03:00:00+00:00,346,Value 2
72,0,Resolve ticket,2012-09-10 03:00:00+00:00,2012-09-10 03:00:00+00:00,347,Value 2
72,5,Closed,2012-09-10 06:00:00+00:00,2012-09-10 06:00:00+00:00,348,Value 5
73,10,Assign seriousness,2012-09-10 04:00:49+00:00,2012-09-10 04:00:49+00:00,349,Value 19
73,0,Take in charge ticket,2012-09-10 04:00:49+00:00,2012-09-10 04:00:49+00:00,350,Value 2
73,0,Resolve ticket,2012-09-10 04:00:49+00:00,2012-09-10 04:00:49+00:00,351,Value 2
73,5,Closed,2012-09-10 06:00:00+00:00,2012-09-10 06:00:00+00:00,352,Value 5
74,10,Assign seriousness,2012-09-10 05:02:55.331261951+00:00,2012-09-10 05:02:55.331261951+00:00,353,Value 19
74,11,Take in charge ticket,2012-09-10 05:02:55.331261951+00:00,2012-09-10 05:02:55.331261951+00:00,354,Value 9
74,11,Wait,2012-09-10 05:02:55.331261951+00:00,2012-09-10 05:02:55.331261951+00:00,355,Value 9
74,11,Take in charge ticket,2012-09-10 05:02:55.331261951+00:00,2012-09-10 05:02:55.331261951+00:00,356,Value 9
74,11,Resolve ticket,2012-09-10 05:02:55.331261951+00:00,2012-09-10 05:02:55.331261951+00:00,357,Value 9
74,5,Closed,2012-09-10 06:00:00+00:00,2012-09-10 06:00:00+00:00,358,Value 5
75,10,Assign seriousness,2012-09-10 05:31:35.223994649+00:00,2012-09-10 05:31:35.223994649+00:00,359,Value 19
75,8,Take in charge ticket,2012-09-10 05:31:35.223994649+00:00,2012-09-10 05:31:35.223994649+00:00,360,Value 6
75,8,Wait,2012-09-10 05:31:35.223994649+00:00,2012-09-10 05:31:35.223994649+00:00,361,Value 6
75,7,Take in charge ticket,2012-09-10 05:31:35.223994649+00:00,2012-09-10 05:31:35.223994649+00:00,362,Value 12
75,7,Resolve ticket,2012-09-10 05:31:35.223994649+00:00,2012-09-10 05:31:35.223994649+00:00,363,Value 12
75,5,Closed,2012-09-10 06:00:00+00:00,2012-09-10 06:00:00+00:00,365,Value 5
76,10,Assign seriousness,2012-09-10 06:42:02.914634863+00:00,2012-09-10 06:42:02.914634863+00:00,366,Value 19
76,10,Take in charge ticket,2012-09-10 06:42:02.914634863+00:00,2012-09-10 06:42:02.914634863+00:00,367,Value 19
76,10,Wait,2012-09-10 06:42:02.914634863+00:00,2012-09-10 06:42:02.914634863+00:00,368,Value 19
76,10,Take in charge ticket,2012-09-10 06:42:02.914634863+00:00,2012-09-10 06:42:02.914634863+00:00,369,Value 19
76,10,Resolve ticket,2012-09-10 06:42:02.914634863+00:00,2012-09-10 06:42:02.914634863+00:00,370,Value 19
76,5,Closed,2012-09-10 06:42:02.914634863+00:00,2012-09-10 06:42:02.914634863+00:00,371,Value 5
77,10,Assign seriousness,2012-09-10 06:58:42.478211224+00:00,2012-09-10 06:58:42.478211224+00:00,372,Value 19
77,0,Take in charge ticket,2012-09-10 06:58:42.478211224+00:00,2012-09-10 06:58:42.478211224+00:00,373,Value 2
77,4,Create SW anomaly,2012-09-10 06:58:42.478211224+00:00,2012-09-10 06:58:42.478211224+00:00,374,Value 21
77,4,Resolve ticket,2012-09-10 06:58:42.478211224+00:00,2012-09-10 06:58:42.478211224+00:00,375,Value 21
77,4,Closed,2012-09-10 06:58:42.478211224+00:00,2012-09-10 06:58:42.478211224+00:00,376,Value 21
78,10,Assign seriousness,2012-09-10 07:47:59.022262987+00:00,2012-09-10 07:47:59.022262987+00:00,377,Value 19
78,9,Assign seriousness,2012-09-10 07:47:59.022262987+00:00,2012-09-10 07:47:59.022262987+00:00,378,Value 14
78,9,Take in charge ticket,2012-09-10 07:47:59.022262987+00:00,2012-09-10 07:47:59.022262987+00:00,379,Value 14
78,9,Resolve ticket,2012-09-10 07:47:59.022262987+00:00,2012-09-10 07:47:59.022262987+00:00,380,Value 14
78,5,Closed,2012-09-10 07:47:59.022262987+00:00,2012-09-10 07:47:59.022262987+00:00,381,Value 5
79,10,Assign seriousness,2012-09-10 07:49:23.915900509+00:00,2012-09-10 07:49:23.915900509+00:00,382,Value 19
79,0,Assign seriousness,2012-09-10 07:49:23.915900509+00:00,2012-09-10 07:49:23.915900509+00:00,383,Value 2
79,0,Take in charge ticket,2012-09-10 07:49:23.915900509+00:00,2012-09-10 07:49:23.915900509+00:00,384,Value 2
79,0,Resolve ticket,2012-09-10 07:49:23.915900509+00:00,2012-09-10 07:49:23.915900509+00:00,385,Value 2
79,5,Closed,2012-09-10 07:49:23.915900509+00:00,2012-09-10 07:49:23.915900509+00:00,386,Value 5
80,10,Assign seriousness,2012-09-11 04:00:00+00:00,2012-09-11 04:00:00+00:00,388,Value 19
80,0,Assign seriousness,2012-09-11 04:00:00+00:00,2012-09-11 04:00:00+00:00,389,Value 2
80,0,Take in charge ticket,2012-09-11 04:00:00+00:00,2012-09-11 04:00:00+00:00,390,Value 2
80,0,Resolve ticket,2012-09-11 04:00:00+00:00,2012-09-11 04:00:00+00:00,391,Value 2
80,5,Closed,2012-09-11 04:00:00+00:00,2012-09-11 04:00:00+00:00,392,Value 5
81,10,Assign seriousness,2012-09-11 05:00:14.439803956+00:00,2012-09-11 05:00:14.439803956+00:00,393,Value 19
81,10,Take in charge ticket,2012-09-11 05:00:14.439803956+00:00,2012-09-11 05:00:14.439803956+00:00,394,Value 19
81,10,Resolve ticket,2012-09-11 05:00:14.439803956+00:00,2012-09-11 05:00:14.439803956+00:00,395,Value 19
81,5,Closed,2012-09-11 05:00:14.439803956+00:00,2012-09-11 05:00:14.439803956+00:00,396,Value 5
82,10,Assign seriousness,2012-09-11 05:02:47.247086636+00:00,2012-09-11 05:02:47.247086636+00:00,397,Value 19
82,12,Take in charge ticket,2012-09-11 05:02:47.247086636+00:00,2012-09-11 05:02:47.247086636+00:00,398,Value 7
82,12,Wait,2012-09-11 05:02:47.247086636+00:00,2012-09-11 05:02:47.247086636+00:00,399,Value 7
82,0,Resolve ticket,2012-09-11 05:02:47.247086636+00:00,2012-09-11 05:02:47.247086636+00:00,400,Value 2
82,5,Closed,2012-09-11 05:02:47.247086636+00:00,2012-09-11 05:02:47.247086636+00:00,401,Value 5
83,10,Assign seriousness,2012-09-11 09:00:07.628611173+00:00,2012-09-11 09:00:07.628611173+00:00,402,Value 19
83,2,Take in charge ticket,2012-09-11 09:00:07.628611173+00:00,2012-09-11 09:00:07.628611173+00:00,403,Value 11
83,2,Resolve ticket,2012-09-11 09:00:07.628611173+00:00,2012-09-11 09:00:07.628611173+00:00,404,Value 11
83,5,Closed,2012-09-11 09:00:07.628611173+00:00,2012-09-11 09:00:07.628611173+00:00,405,Value 5
84,10,Assign seriousness,2012-09-11 09:13:00.633976657+00:00,2012-09-11 09:13:00.633976657+00:00,406,Value 19
84,7,Take in charge ticket,2012-09-11 09:13:00.633976657+00:00,2012-09-11 09:13:00.633976657+00:00,407,Value 12
84,7,Resolve ticket,2012-09-11 09:13:00.633976657+00:00,2012-09-11 09:13:00.633976657+00:00,408,Value 12
84,5,Closed,2012-09-11 09:13:00.633976657+00:00,2012-09-11 09:13:00.633976657+00:00,409,Value 5
85,10,Assign seriousness,2012-09-11 09:39:23.439853564+00:00,2012-09-11 09:39:23.439853564+00:00,410,Value 19
85,10,Wait,2012-09-11 09:39:23.439853564+00:00,2012-09-11 09:39:23.439853564+00:00,411,Value 19
85,10,Take in charge ticket,2012-09-11 09:39:23.439853564+00:00,2012-09-11 09:39:23.439853564+00:00,412,Value 19
85,10,Wait,2012-09-11 09:39:23.439853564+00:00,2012-09-11 09:39:23.439853564+00:00,413,Value 19
85,10,Take in charge ticket,2012-09-11 09:39:23.439853564+00:00,2012-09-11 09:39:23.439853564+00:00,414,Value 19
85,10,Resolve ticket,2012-09-11 09:39:23.439853564+00:00,2012-09-11 09:39:23.439853564+00:00,415,Value 19
85,5,Closed,2012-09-11 09:39:23.439853564+00:00,2012-09-11 09:39:23.439853564+00:00,416,Value 5
86,10,Assign seriousness,2012-09-11 09:41:15.860072451+00:00,2012-09-11 09:41:15.860072451+00:00,417,Value 19
86,2,Take in charge ticket,2012-09-11 09:41:15.860072451+00:00,2012-09-11 09:41:15.860072451+00:00,418,Value 11
86,2,Resolve ticket,2012-09-11 09:41:15.860072451+00:00,2012-09-11 09:41:15.860072451+00:00,419,Value 11
86,5,Closed,2012-09-11 09:41:15.860072451+00:00,2012-09-11 09:41:15.860072451+00:00,420,Value 5
87,10,Assign seriousness,2012-09-11 11:47:07.283925271+00:00,2012-09-11 11:47:07.283925271+00:00,421,Value 19
87,0,Take in charge ticket,2012-09-11 11:47:07.283925271+00:00,2012-09-11 11:47:07.283925271+00:00,422,Value 2
87,0,Resolve ticket,2012-09-11 11:47:07.283925271+00:00,2012-09-11 11:47:07.283925271+00:00,423,Value 2
87,5,Closed,2012-09-11 11:47:07.283925271+00:00,2012-09-11 11:47:07.283925271+00:00,424,Value 5
88,10,Assign seriousness,2012-09-11 12:56:21.547816390+00:00,2012-09-11 12:56:21.547816390+00:00,425,Value 19
88,0,Take in charge ticket,2012-09-11 12:56:21.547816390+00:00,2012-09-11 12:56:21.547816390+00:00,426,Value 2
88,11,Wait,2012-09-11 12:56:21.547816390+00:00,2012-09-11 12:56:21.547816390+00:00,427,Value 9
88,12,Take in charge ticket,2012-09-11 12:56:21.547816390+00:00,2012-09-11 12:56:21.547816390+00:00,428,Value 7
88,12,Wait,2012-09-11 12:56:21.547816390+00:00,2012-09-11 12:56:21.547816390+00:00,429,Value 7
88,12,Take in charge ticket,2012-09-11 12:56:21.547816390+00:00,2012-09-11 12:56:21.547816390+00:00,430,Value 7
88,0,Resolve ticket,2012-09-11 12:56:21.547816390+00:00,2012-09-11 12:56:21.547816390+00:00,431,Value 2
88,5,Closed,2012-09-11 12:56:21.547816390+00:00,2012-09-11 12:56:21.547816390+00:00,432,Value 5
89,10,Assign seriousness,2012-09-11 13:48:30.422536956+00:00,2012-09-11 13:48:30.422536956+00:00,433,Value 19
89,0,Take in charge ticket,2012-09-11 13:48:30.422536956+00:00,2012-09-11 13:48:30.422536956+00:00,434,Value 2
89,0,Resolve ticket,2012-09-11 13:48:30.422536956+00:00,2012-09-11 13:48:30.422536956+00:00,435,Value 2
89,5,Closed,2012-09-11 13:48:30.422536956+00:00,2012-09-11 13:48:30.422536956+00:00,436,Value 5
90,10,Assign seriousness,2012-09-12 04:01:43+00:00,2012-09-12 04:01:43+00:00,437,Value 19
90,10,Wait,2012-09-12 04:01:43+00:00,2012-09-12 04:01:43+00:00,438,Value 19
90,10,Take in charge ticket,2012-09-12 04:01:43+00:00,2012-09-12 04:01:43+00:00,439,Value 19
90,10,Wait,2012-09-12 04:01:43+00:00,2012-09-12 04:01:43+00:00,440,Value 19
90,7,Take in charge ticket,2012-09-12 04:01:43+00:00,2012-09-12 04:01:43+00:00,441,Value 12
90,7,Resolve ticket,2012-09-12 04:01:43+00:00,2012-09-12 04:01:43+00:00,442,Value 12
90,5,Closed,2012-09-12 04:01:43+00:00,2012-09-12 04:01:43+00:00,443,Value 5
91,10,Assign seriousness,2012-09-12 06:47:52.357378002+00:00,2012-09-12 06:47:52.357378002+00:00,444,Value 19
91,10,Take in charge ticket,2012-09-12 06:47:52.357378002+00:00,2012-09-12 06:47:52.357378002+00:00,445,Value 19
91,10,Wait,2012-09-12 06:47:52.357378002+00:00,2012-09-12 06:47:52.357378002+00:00,446,Value 19
91,10,Take in charge ticket,2012-09-12 06:47:52.357378002+00:00,2012-09-12 06:47:52.357378002+00:00,447,Value 19
91,10,Resolve ticket,2012-09-12 06:47:52.357378002+00:00,2012-09-12 06:47:52.357378002+00:00,448,Value 19
91,5,Closed,2012-09-12 06:47:52.357378002+00:00,2012-09-12 06:47:52.357378002+00:00,449,Value 5
92,10,Assign seriousness,2012-09-12 07:03:00.018523820+00:00,2012-09-12 07:03:00.018523820+00:00,450,Value 19
92,11,Take in charge ticket,2012-09-12 07:03:00.018523820+00:00,2012-09-12 07:03:00.018523820+00:00,451,Value 9
92,2,Wait,2012-09-12 07:03:00.018523820+00:00,2012-09-12 07:03:00.018523820+00:00,452,Value 11
92,0,Wait,2012-09-12 07:03:00.018523820+00:00,2012-09-12 07:03:00.018523820+00:00,453,Value 2
92,11,Take in charge ticket,2012-09-12 07:03:00.018523820+00:00,2012-09-12 07:03:00.018523820+00:00,454,Value 9
92,11,Resolve ticket,2012-09-12 07:03:00.018523820+00:00,2012-09-12 07:03:00.018523820+00:00,455,Value 9
92,5,Closed,2012-09-12 07:03:00.018523820+00:00,2012-09-12 07:03:00.018523820+00:00,456,Value 5
93,10,Assign seriousness,2012-09-12 09:23:05.642091851+00:00,2012-09-12 09:23:05.642091851+00:00,457,Value 19
93,7,Take in charge ticket,2012-09-12 09:23:05.642091851+00:00,2012-09-12 09:23:05.642091851+00:00,458,Value 12
93,7,Resolve ticket,2012-09-12 09:23:05.642091851+00:00,2012-09-12 09:23:05.642091851+00:00,459,Value 12
93,5,Closed,2012-09-12 09:23:05.642091851+00:00,2012-09-12 09:23:05.642091851+00:00,460,Value 5
94,10,Assign seriousness,2012-09-12 11:01:30.294719457+00:00,2012-09-12 11:01:30.294719457+00:00,461,Value 19
94,0,Take in charge ticket,2012-09-12 11:01:30.294719457+00:00,2012-09-12 11:01:30.294719457+00:00,462,Value 2
94,0,Resolve ticket,2012-09-12 11:01:30.294719457+00:00,2012-09-12 11:01:30.294719457+00:00,463,Value 2
94,0,Resolve ticket,2012-09-12 11:01:30.294719457+00:00,2012-09-12 11:01:30.294719457+00:00,464,Value 2
94,5,Closed,2012-09-12 11:01:30.294719457+00:00,2012-09-12 11:01:30.294719457+00:00,465,Value 5
95,10,Assign seriousness,2012-09-12 11:02:11.496828426+00:00,2012-09-12 11:02:11.496828426+00:00,466,Value 19
95,0,Take in charge ticket,2012-09-12 11:02:11.496828426+00:00,2012-09-12 11:02:11.496828426+00:00,467,Value 2
95,0,Resolve ticket,2012-09-12 11:02:11.496828426+00:00,2012-09-12 11:02:11.496828426+00:00,468,Value 2
95,5,Closed,2012-09-12 11:02:11.496828426+00:00,2012-09-12 11:02:11.496828426+00:00,469,Value 5
96,10,Assign seriousness,2012-09-12 11:09:47.319556027+00:00,2012-09-12 11:09:47.319556027+00:00,470,Value 19
96,0,Take in charge ticket,2012-09-12 11:09:47.319556027+00:00,2012-09-12 11:09:47.319556027+00:00,471,Value 2
96,0,Resolve ticket,2012-09-12 11:09:47.319556027+00:00,2012-09-12 11:09:47.319556027+00:00,472,Value 2
96,5,Closed,2012-09-12 11:09:47.319556027+00:00,2012-09-12 11:09:47.319556027+00:00,473,Value 5
97,10,Assign seriousness,2012-09-12 11:14:22.587051218+00:00,2012-09-12 11:14:22.587051218+00:00,474,Value 19
97,2,Take in charge ticket,2012-09-12 11:14:22.587051218+00:00,2012-09-12 11:14:22.587051218+00:00,475,Value 11
97,2,Resolve ticket,2012-09-12 11:14:22.587051218+00:00,2012-09-12 11:14:22.587051218+00:00,476,Value 11
97,5,Closed,2012-09-12 11:14:22.587051218+00:00,2012-09-12 11:14:22.587051218+00:00,477,Value 5
98,10,Assign seriousness,2012-09-12 11:41:40.124862917+00:00,2012-09-12 11:41:40.124862917+00:00,478,Value 19
98,0,Take in charge ticket,2012-09-12 11:41:40.124862917+00:00,2012-09-12 11:41:40.124862917+00:00,479,Value 2
98,0,Resolve ticket,2012-09-12 11:41:40.124862917+00:00,2012-09-12 11:41:40.124862917+00:00,480,Value 2
98,5,Closed,2012-09-12 11:41:40.124862917+00:00,2012-09-12 11:41:40.124862917+00:00,481,Value 5
99,10,Assign seriousness,2012-09-12 11:53:42.096062432+00:00,2012-09-12 11:53:42.096062432+00:00,482,Value 19
99,2,Wait,2012-09-12 11:53:42.096062432+00:00,2012-09-12 11:53:42.096062432+00:00,483,Value 11
99,2,Take in charge ticket,2012-09-12 11:53:42.096062432+00:00,2012-09-12 11:53:42.096062432+00:00,484,Value 11
99,2,Resolve ticket,2012-09-12 11:53:42.096062432+00:00,2012-09-12 11:53:42.096062432+00:00,485,Value 11
99,2,Take in charge ticket,2012-09-12 11:53:42.096062432+00:00,2012-09-12 11:53:42.096062432+00:00,486,Value 11
99,2,Resolve ticket,2012-09-12 11:53:42.096062432+00:00,2012-09-12 11:53:42.096062432+00:00,487,Value 11
99,5,Closed,2012-09-12 11:53:42.096062432+00:00,2012-09-12 11:53:42.096062432+00:00,488,Value 5
100,10,Assign seriousness,2012-09-12 11:57:36.936807816+00:00,2012-09-12 11:57:36.936807816+00:00,489,Value 19
100,0,Take in charge ticket,2012-09-12 11:57:36.936807816+00:00,2012-09-12 11:57:36.936807816+00:00,490,Value 2
100,0,Wait,2012-09-12 11:57:36.936807816+00:00,2012-09-12 11:57:36.936807816+00:00,491,Value 2
100,0,Take in charge ticket,2012-09-12 11:57:36.936807816+00:00,2012-09-12 11:57:36.936807816+00:00,492,Value 2
100,0,Resolve ticket,2012-09-12 11:57:36.936807816+00:00,2012-09-12 11:57:36.936807816+00:00,493,Value 2
100,5,Closed,2012-09-12 11:57:36.936807816+00:00,2012-09-12 11:57:36.936807816+00:00,494,Value 5
101,10,Assign seriousness,2012-09-12 12:16:12.043506993+00:00,2012-09-12 12:16:12.043506993+00:00,495,Value 19
101,10,Take in charge ticket,2012-09-12 12:16:12.043506993+00:00,2012-09-12 12:16:12.043506993+00:00,496,Value 19
101,10,Wait,2012-09-12 12:16:12.043506993+00:00,2012-09-12 12:16:12.043506993+00:00,497,Value 19
101,7,Take in charge ticket,2012-09-12 12:16:12.043506993+00:00,2012-09-12 12:16:12.043506993+00:00,498,Value 12
101,7,Resolve ticket,2012-09-12 12:16:12.043506993+00:00,2012-09-12 12:16:12.043506993+00:00,499,Value 12
101,5,Closed,2012-09-12 12:16:12.043506993+00:00,2012-09-12 12:16:12.043506993+00:00,500,Value 5
102,10,Assign seriousness,2012-09-12 13:32:24.391725194+00:00,2012-09-12 13:32:24.391725194+00:00,501,Value 19
102,9,Take in charge ticket,2012-09-12 13:32:24.391725194+00:00,2012-09-12 13:32:24.391725194+00:00,502,Value 14
102,9,Wait,2012-09-12 13:32:24.391725194+00:00,2012-09-12 13:32:24.391725194+00:00,503,Value 14
102,9,Take in charge ticket,2012-09-12 13:32:24.391725194+00:00,2012-09-12 13:32:24.391725194+00:00,504,Value 14
102,9,Resolve ticket,2012-09-12 13:32:24.391725194+00:00,2012-09-12 13:32:24.391725194+00:00,505,Value 14
102,5,Closed,2012-09-12 13:32:24.391725194+00:00,2012-09-12 13:32:24.391725194+00:00,506,Value 5
103,10,Assign seriousness,2012-09-12 13:50:27.979626470+00:00,2012-09-12 13:50:27.979626470+00:00,507,Value 19
103,12,Take in charge ticket,2012-09-12 13:50:27.979626470+00:00,2012-09-12 13:50:27.979626470+00:00,508,Value 7
103,12,Resolve ticket,2012-09-12 13:50:27.979626470+00:00,2012-09-12 13:50:27.979626470+00:00,509,Value 7
103,5,Closed,2012-09-12 13:50:27.979626470+00:00,2012-09-12 13:50:27.979626470+00:00,510,Value 5
104,10,Assign seriousness,2012-09-12 14:15:36.602623138+00:00,2012-09-12 14:15:36.602623138+00:00,511,Value 19
104,2,Take in charge ticket,2012-09-12 14:15:36.602623138+00:00,2012-09-12 14:15:36.602623138+00:00,512,Value 11
104,2,Wait,2012-09-12 14:15:36.602623138+00:00,2012-09-12 14:15:36.602623138+00:00,513,Value 11
104,7,Take in charge ticket,2012-09-12 14:15:36.602623138+00:00,2012-09-12 14:15:36.602623138+00:00,514,Value 12
104,7,Resolve ticket,2012-09-12 14:15:36.602623138+00:00,2012-09-12 14:15:36.602623138+00:00,515,Value 12
104,5,Closed,2012-09-12 14:15:36.602623138+00:00,2012-09-12 14:15:36.602623138+00:00,516,Value 5
105,10,Assign seriousness,2012-09-12 15:28:17.694940152+00:00,2012-09-12 15:28:17.694940152+00:00,517,Value 19
105,2,Take in charge ticket,2012-09-12 15:28:17.694940152+00:00,2012-09-12 15:28:17.694940152+00:00,518,Value 11
105,2,Resolve ticket,2012-09-12 15:28:17.694940152+00:00,2012-09-12 15:28:17.694940152+00:00,519,Value 11
105,5,Closed,2012-09-12 15:28:17.694940152+00:00,2012-09-12 15:28:17.694940152+00:00,520,Value 5
106,12,Assign seriousness,2012-09-13 04:02:16+00:00,2012-09-13 04:02:16+00:00,521,Value 7
106,0,Take in charge ticket,2012-09-13 04:02:16+00:00,2012-09-13 04:02:16+00:00,522,Value 2
106,0,Resolve ticket,2012-09-13 04:02:16+00:00,2012-09-13 04:02:16+00:00,523,Value 2
106,5,Closed,2012-09-13 04:02:16+00:00,2012-09-13 04:02:16+00:00,524,Value 5
107,12,Assign seriousness,2012-09-13 04:41:34.794248465+00:00,2012-09-13 04:41:34.794248465+00:00,525,Value 7
107,0,Take in charge ticket,2012-09-13 04:41:34.794248465+00:00,2012-09-13 04:41:34.794248465+00:00,526,Value 2
107,11,Resolve ticket,2012-09-13 04:41:34.794248465+00:00,2012-09-13 04:41:34.794248465+00:00,527,Value 9
107,5,Closed,2012-09-13 04:41:34.794248465+00:00,2012-09-13 04:41:34.794248465+00:00,528,Value 5
108,12,Assign seriousness,2012-09-13 07:36:33.681823718+00:00,2012-09-13 07:36:33.681823718+00:00,529,Value 7
108,2,Take in charge ticket,2012-09-13 07:36:33.681823718+00:00,2012-09-13 07:36:33.681823718+00:00,530,Value 11
108,2,Resolve ticket,2012-09-13 07:36:33.681823718+00:00,2012-09-13 07:36:33.681823718+00:00,531,Value 11
108,5,Closed,2012-09-13 07:36:33.681823718+00:00,2012-09-13 07:36:33.681823718+00:00,532,Value 5
109,12,Assign seriousness,2012-09-13 12:39:13.397482637+00:00,2012-09-13 12:39:13.397482637+00:00,533,Value 7
109,0,Take in charge ticket,2012-09-13 12:39:13.397482637+00:00,2012-09-13 12:39:13.397482637+00:00,534,Value 2
109,0,Resolve ticket,2012-09-13 12:39:13.397482637+00:00,2012-09-13 12:39:13.397482637+00:00,535,Value 2
109,5,Closed,2012-09-13 12:39:13.397482637+00:00,2012-09-13 12:39:13.397482637+00:00,536,Value 5
110,12,Insert ticket,2012-09-13 14:11:52.642246365+00:00,2012-09-13 14:11:52.642246365+00:00,537,Value 7
110,12,Assign seriousness,2012-09-13 14:11:52.642246365+00:00,2012-09-13 14:11:52.642246365+00:00,538,Value 7
110,0,Take in charge ticket,2012-09-13 14:11:52.642246365+00:00,2012-09-13 14:11:52.642246365+00:00,539,Value 2
110,0,Resolve ticket,2012-09-13 14:11:52.642246365+00:00,2012-09-13 14:11:52.642246365+00:00,540,Value 2
110,5,Closed,2012-09-13 14:11:52.642246365+00:00,2012-09-13 14:11:52.642246365+00:00,541,Value 5
111,12,Assign seriousness,2012-09-13 14:13:57.373268065+00:00,2012-09-13 14:13:57.373268065+00:00,542,Value 7
111,3,Take in charge ticket,2012-09-13 14:13:57.373268065+00:00,2012-09-13 14:13:57.373268065+00:00,543,Value 16
111,8,Resolve ticket,2012-09-13 14:13:57.373268065+00:00,2012-09-13 14:13:57.373268065+00:00,544,Value 6
111,5,Closed,2012-09-13 14:13:57.373268065+00:00,2012-09-13 14:13:57.373268065+00:00,545,Value 5
112,12,Assign seriousness,2012-09-13 14:14:54.850173805+00:00,2012-09-13 14:14:54.850173805+00:00,546,Value 7
112,0,Take in charge ticket,2012-09-13 14:14:54.850173805+00:00,2012-09-13 14:14:54.850173805+00:00,547,Value 2
112,0,Take in charge ticket,2012-09-13 14:14:54.850173805+00:00,2012-09-13 14:14:54.850173805+00:00,548,Value 2
112,0,Wait,2012-09-13 14:14:54.850173805+00:00,2012-09-13 14:14:54.850173805+00:00,549,Value 2
112,0,Take in charge ticket,2012-09-13 14:14:54.850173805+00:00,2012-09-13 14:14:54.850173805+00:00,550,Value 2
112,0,Resolve ticket,2012-09-13 14:14:54.850173805+00:00,2012-09-13 14:14:54.850173805+00:00,551,Value 2
112,6,Closed,2012-09-13 14:14:54.850173805+00:00,2012-09-13 14:14:54.850173805+00:00,552,Value 10
113,12,Assign seriousness,2012-09-13 14:21:48.221378735+00:00,2012-09-13 14:21:48.221378735+00:00,553,Value 7
113,9,Take in charge ticket,2012-09-13 14:21:48.221378735+00:00,2012-09-13 14:21:48.221378735+00:00,554,Value 14
113,9,Resolve ticket,2012-09-13 14:21:48.221378735+00:00,2012-09-13 14:21:48.221378735+00:00,555,Value 14
113,5,Closed,2012-09-13 14:21:48.221378735+00:00,2012-09-13 14:21:48.221378735+00:00,556,Value 5
114,12,Assign seriousness,2012-09-14 04:00:00+00:00,2012-09-14 04:00:00+00:00,559,Value 7
115,12,Assign seriousness,2012-09-14 04:00:00+00:00,2012-09-14 04:00:00+00:00,561,Value 7
114,2,Take in charge ticket,2012-09-14 04:00:00+00:00,2012-09-14 04:00:00+00:00,562,Value 11
116,12,Assign seriousness,2012-09-14 04:00:00+00:00,2012-09-14 04:00:00+00:00,563,Value 7
115,0,Take in charge ticket,2012-09-14 04:00:00+00:00,2012-09-14 04:00:00+00:00,564,Value 2
114,2,Resolve ticket,2012-09-14 04:00:00+00:00,2012-09-14 04:00:00+00:00,565,Value 11
116,0,Take in charge ticket,2012-09-14 04:00:00+00:00,2012-09-14 04:00:00+00:00,566,Value 2
115,0,Resolve ticket,2012-09-14 04:00:00+00:00,2012-09-14 04:00:00+00:00,567,Value 2
114,5,Closed,2012-09-14 04:00:00+00:00,2012-09-14 04:00:00+00:00,568,Value 5
116,0,Resolve ticket,2012-09-14 04:00:00+00:00,2012-09-14 04:00:00+00:00,569,Value 2
115,5,Closed,2012-09-14 04:00:00+00:00,2012-09-14 04:00:00+00:00,570,Value 5
116,5,Closed,2012-09-14 04:00:00+00:00,2012-09-14 04:00:00+00:00,571,Value 5
117,12,Assign seriousness,2012-09-14 04:26:18.204859964+00:00,2012-09-14 04:26:18.204859964+00:00,572,Value 7
117,0,Assign seriousness,2012-09-14 04:26:18.204859964+00:00,2012-09-14 04:26:18.204859964+00:00,573,Value 2
117,0,Take in charge ticket,2012-09-14 04:26:18.204859964+00:00,2012-09-14 04:26:18.204859964+00:00,574,Value 2
117,0,Resolve ticket,2012-09-14 04:26:18.204859964+00:00,2012-09-14 04:26:18.204859964+00:00,575,Value 2
117,0,Take in charge ticket,2012-09-14 04:26:18.204859964+00:00,2012-09-14 04:26:18.204859964+00:00,576,Value 2
117,0,Wait,2012-09-14 04:26:18.204859964+00:00,2012-09-14 04:26:18.204859964+00:00,577,Value 2
117,0,Take in charge ticket,2012-09-14 04:26:18.204859964+00:00,2012-09-14 04:26:18.204859964+00:00,578,Value 2
117,0,Resolve ticket,2012-09-14 04:26:18.204859964+00:00,2012-09-14 04:26:18.204859964+00:00,579,Value 2
117,14,Take in charge ticket,2012-09-14 04:26:18.204859964+00:00,2012-09-14 04:26:18.204859964+00:00,580,Value 8
117,14,Wait,2012-09-14 04:26:18.204859964+00:00,2012-09-14 04:26:18.204859964+00:00,581,Value 8
117,0,Take in charge ticket,2012-09-14 04:26:18.204859964+00:00,2012-09-14 04:26:18.204859964+00:00,582,Value 2
117,0,Resolve ticket,2012-09-14 04:26:18.204859964+00:00,2012-09-14 04:26:18.204859964+00:00,583,Value 2
117,5,Closed,2012-09-14 04:26:18.204859964+00:00,2012-09-14 04:26:18.204859964+00:00,584,Value 5
118,12,Assign seriousness,2012-09-14 05:13:09.586667002+00:00,2012-09-14 05:13:09.586667002+00:00,585,Value 7
118,12,Take in charge ticket,2012-09-14 05:13:09.586667002+00:00,2012-09-14 05:13:09.586667002+00:00,586,Value 7
118,12,Resolve ticket,2012-09-14 05:13:09.586667002+00:00,2012-09-14 05:13:09.586667002+00:00,587,Value 7
118,5,Closed,2012-09-14 05:13:09.586667002+00:00,2012-09-14 05:13:09.586667002+00:00,588,Value 5
119,12,Assign seriousness,2012-09-14 06:55:52.812807783+00:00,2012-09-14 06:55:52.812807783+00:00,589,Value 7
119,3,Take in charge ticket,2012-09-14 06:55:52.812807783+00:00,2012-09-14 06:55:52.812807783+00:00,590,Value 16
119,3,Wait,2012-09-14 06:55:52.812807783+00:00,2012-09-14 06:55:52.812807783+00:00,591,Value 16
119,3,Take in charge ticket,2012-09-14 06:55:52.812807783+00:00,2012-09-14 06:55:52.812807783+00:00,592,Value 16
119,3,Take in charge ticket,2012-09-14 06:55:52.812807783+00:00,2012-09-14 06:55:52.812807783+00:00,593,Value 16
119,3,Resolve ticket,2012-09-14 06:55:52.812807783+00:00,2012-09-14 06:55:52.812807783+00:00,594,Value 16
119,5,Closed,2012-09-14 06:55:52.812807783+00:00,2012-09-14 06:55:52.812807783+00:00,595,Value 5
120,12,Insert ticket,2012-09-14 07:13:17.925762307+00:00,2012-09-14 07:13:17.925762307+00:00,596,Value 7
120,14,Assign seriousness,2012-09-14 07:13:17.925762307+00:00,2012-09-14 07:13:17.925762307+00:00,597,Value 8
120,14,Assign seriousness,2012-09-14 07:13:17.925762307+00:00,2012-09-14 07:13:17.925762307+00:00,598,Value 8
120,14,Take in charge ticket,2012-09-14 07:13:17.925762307+00:00,2012-09-14 07:13:17.925762307+00:00,599,Value 8
120,14,Resolve ticket,2012-09-14 07:13:17.925762307+00:00,2012-09-14 07:13:17.925762307+00:00,600,Value 8
120,5,Closed,2012-09-14 07:13:17.925762307+00:00,2012-09-14 07:13:17.925762307+00:00,601,Value 5
121,12,Assign seriousness,2012-09-14 08:04:24.276952124+00:00,2012-09-14 08:04:24.276952124+00:00,602,Value 7
121,3,Take in charge ticket,2012-09-14 08:04:24.276952124+00:00,2012-09-14 08:04:24.276952124+00:00,603,Value 16
121,3,Wait,2012-09-14 08:04:24.276952124+00:00,2012-09-14 08:04:24.276952124+00:00,604,Value 16
121,2,Take in charge ticket,2012-09-14 08:04:24.276952124+00:00,2012-09-14 08:04:24.276952124+00:00,605,Value 11
121,2,Resolve ticket,2012-09-14 08:04:24.276952124+00:00,2012-09-14 08:04:24.276952124+00:00,606,Value 11
121,5,Closed,2012-09-14 08:04:24.276952124+00:00,2012-09-14 08:04:24.276952124+00:00,607,Value 5
122,12,Assign seriousness,2012-09-14 10:24:17.094966290+00:00,2012-09-14 10:24:17.094966290+00:00,608,Value 7
122,11,Take in charge ticket,2012-09-14 10:24:17.094966290+00:00,2012-09-14 10:24:17.094966290+00:00,609,Value 9
122,11,Wait,2012-09-14 10:24:17.094966290+00:00,2012-09-14 10:24:17.094966290+00:00,610,Value 9
122,11,Resolve ticket,2012-09-14 10:24:17.094966290+00:00,2012-09-14 10:24:17.094966290+00:00,611,Value 9
122,5,Closed,2012-09-14 10:24:17.094966290+00:00,2012-09-14 10:24:17.094966290+00:00,612,Value 5
123,12,Assign seriousness,2012-09-14 10:55:01.404920223+00:00,2012-09-14 10:55:01.404920223+00:00,613,Value 7
123,0,Take in charge ticket,2012-09-14 10:55:01.404920223+00:00,2012-09-14 10:55:01.404920223+00:00,614,Value 2
123,11,Wait,2012-09-14 10:55:01.404920223+00:00,2012-09-14 10:55:01.404920223+00:00,615,Value 9
123,11,Resolve ticket,2012-09-14 10:55:01.404920223+00:00,2012-09-14 10:55:01.404920223+00:00,616,Value 9
123,5,Closed,2012-09-14 10:55:01.404920223+00:00,2012-09-14 10:55:01.404920223+00:00,617,Value 5
124,12,Assign seriousness,2012-09-14 11:26:47.893900797+00:00,2012-09-14 11:26:47.893900797+00:00,618,Value 7
124,0,Take in charge ticket,2012-09-14 11:26:47.893900797+00:00,2012-09-14 11:26:47.893900797+00:00,619,Value 2
124,11,Wait,2012-09-14 11:26:47.893900797+00:00,2012-09-14 11:26:47.893900797+00:00,620,Value 9
124,11,Resolve ticket,2012-09-14 11:26:47.893900797+00:00,2012-09-14 11:26:47.893900797+00:00,621,Value 9
124,5,Closed,2012-09-14 11:26:47.893900797+00:00,2012-09-14 11:26:47.893900797+00:00,622,Value 5
125,12,Assign seriousness,2012-09-14 12:41:57.208635821+00:00,2012-09-14 12:41:57.208635821+00:00,623,Value 7
125,0,Take in charge ticket,2012-09-14 12:41:57.208635821+00:00,2012-09-14 12:41:57.208635821+00:00,624,Value 2
125,0,Resolve ticket,2012-09-14 12:41:57.208635821+00:00,2012-09-14 12:41:57.208635821+00:00,625,Value 2
125,5,Closed,2012-09-14 12:41:57.208635821+00:00,2012-09-14 12:41:57.208635821+00:00,626,Value 5
126,5,Assign seriousness,2012-09-15 13:17:27+00:00,2012-09-15 13:17:27+00:00,627,Value 5
126,0,Take in charge ticket,2012-09-17 03:00:00+00:00,2012-09-17 03:00:00+00:00,629,Value 2
126,0,Resolve ticket,2012-09-17 03:00:00+00:00,2012-09-17 03:00:00+00:00,630,Value 2
126,5,Closed,2012-09-17 06:00:00+00:00,2012-09-17 06:00:00+00:00,631,Value 5
127,12,Assign seriousness,2012-09-17 04:00:49+00:00,2012-09-17 04:00:49+00:00,632,Value 7
127,12,Assign seriousness,2012-09-17 04:00:49+00:00,2012-09-17 04:00:49+00:00,633,Value 7
127,12,Take in charge ticket,2012-09-17 04:00:49+00:00,2012-09-17 04:00:49+00:00,634,Value 7
127,12,Wait,2012-09-17 04:00:49+00:00,2012-09-17 04:00:49+00:00,635,Value 7
127,12,Take in charge ticket,2012-09-17 04:00:49+00:00,2012-09-17 04:00:49+00:00,636,Value 7
127,12,Resolve ticket,2012-09-17 04:00:49+00:00,2012-09-17 04:00:49+00:00,637,Value 7
127,5,Closed,2012-09-17 06:00:00+00:00,2012-09-17 06:00:00+00:00,639,Value 5
128,12,Assign seriousness,2012-09-17 07:04:43.226456166+00:00,2012-09-17 07:04:43.226456166+00:00,640,Value 7
128,12,Take in charge ticket,2012-09-17 07:04:43.226456166+00:00,2012-09-17 07:04:43.226456166+00:00,641,Value 7
128,12,Wait,2012-09-17 07:04:43.226456166+00:00,2012-09-17 07:04:43.226456166+00:00,642,Value 7
128,5,Take in charge ticket,2012-09-17 07:04:43.226456166+00:00,2012-09-17 07:04:43.226456166+00:00,643,Value 5
128,5,Wait,2012-09-17 07:04:43.226456166+00:00,2012-09-17 07:04:43.226456166+00:00,644,Value 5
128,9,Take in charge ticket,2012-09-17 07:04:43.226456166+00:00,2012-09-17 07:04:43.226456166+00:00,645,Value 14
128,9,Resolve ticket,2012-09-17 07:04:43.226456166+00:00,2012-09-17 07:04:43.226456166+00:00,646,Value 14
128,5,Closed,2012-09-17 07:04:43.226456166+00:00,2012-09-17 07:04:43.226456166+00:00,647,Value 5
129,12,Assign seriousness,2012-09-17 09:50:31.382261196+00:00,2012-09-17 09:50:31.382261196+00:00,648,Value 7
129,2,Take in charge ticket,2012-09-17 09:50:31.382261196+00:00,2012-09-17 09:50:31.382261196+00:00,649,Value 11
129,2,Resolve ticket,2012-09-17 09:50:31.382261196+00:00,2012-09-17 09:50:31.382261196+00:00,650,Value 11
129,5,Closed,2012-09-17 09:50:31.382261196+00:00,2012-09-17 09:50:31.382261196+00:00,651,Value 5
130,12,Assign seriousness,2012-09-17 09:51:25.745182349+00:00,2012-09-17 09:51:25.745182349+00:00,652,Value 7
130,0,Take in charge ticket,2012-09-17 09:51:25.745182349+00:00,2012-09-17 09:51:25.745182349+00:00,653,Value 2
130,0,Resolve ticket,2012-09-17 09:51:25.745182349+00:00,2012-09-17 09:51:25.745182349+00:00,654,Value 2
130,5,Closed,2012-09-17 09:51:25.745182349+00:00,2012-09-17 09:51:25.745182349+00:00,655,Value 5
131,12,Assign seriousness,2012-09-17 09:53:15.083614726+00:00,2012-09-17 09:53:15.083614726+00:00,656,Value 7
131,12,Take in charge ticket,2012-09-17 09:53:15.083614726+00:00,2012-09-17 09:53:15.083614726+00:00,657,Value 7
131,12,Resolve ticket,2012-09-17 09:53:15.083614726+00:00,2012-09-17 09:53:15.083614726+00:00,658,Value 7
131,5,Closed,2012-09-17 09:53:15.083614726+00:00,2012-09-17 09:53:15.083614726+00:00,659,Value 5
132,12,Assign seriousness,2012-09-17 10:48:55.763939802+00:00,2012-09-17 10:48:55.763939802+00:00,660,Value 7
132,0,Take in charge ticket,2012-09-17 10:48:55.763939802+00:00,2012-09-17 10:48:55.763939802+00:00,661,Value 2
132,0,Resolve ticket,2012-09-17 10:48:55.763939802+00:00,2012-09-17 10:48:55.763939802+00:00,662,Value 2
132,5,Closed,2012-09-17 10:48:55.763939802+00:00,2012-09-17 10:48:55.763939802+00:00,663,Value 5
133,12,Assign seriousness,2012-09-17 12:00:38.642873534+00:00,2012-09-17 12:00:38.642873534+00:00,664,Value 7
133,0,Take in charge ticket,2012-09-17 12:00:38.642873534+00:00,2012-09-17 12:00:38.642873534+00:00,665,Value 2
133,0,Resolve ticket,2012-09-17 12:00:38.642873534+00:00,2012-09-17 12:00:38.642873534+00:00,666,Value 2
133,5,Closed,2012-09-17 12:00:38.642873534+00:00,2012-09-17 12:00:38.642873534+00:00,667,Value 5
134,12,Assign seriousness,2012-09-17 13:49:38.486374446+00:00,2012-09-17 13:49:38.486374446+00:00,668,Value 7
134,0,Take in charge ticket,2012-09-17 13:49:38.486374446+00:00,2012-09-17 13:49:38.486374446+00:00,669,Value 2
134,0,Wait,2012-09-17 13:49:38.486374446+00:00,2012-09-17 13:49:38.486374446+00:00,670,Value 2
134,0,Resolve ticket,2012-09-17 13:49:38.486374446+00:00,2012-09-17 13:49:38.486374446+00:00,671,Value 2
134,5,Closed,2012-09-17 13:49:38.486374446+00:00,2012-09-17 13:49:38.486374446+00:00,672,Value 5
135,12,Assign seriousness,2012-09-17 13:49:38.579889440+00:00,2012-09-17 13:49:38.579889440+00:00,673,Value 7
135,0,Take in charge ticket,2012-09-17 13:49:38.579889440+00:00,2012-09-17 13:49:38.579889440+00:00,674,Value 2
135,0,Resolve ticket,2012-09-17 13:49:38.579889440+00:00,2012-09-17 13:49:38.579889440+00:00,675,Value 2
135,5,Closed,2012-09-17 13:49:38.579889440+00:00,2012-09-17 13:49:38.579889440+00:00,676,Value 5
136,12,Assign seriousness,2012-09-17 14:09:36.824106775+00:00,2012-09-17 14:09:36.824106775+00:00,677,Value 7
136,0,Take in charge ticket,2012-09-17 14:09:36.824106775+00:00,2012-09-17 14:09:36.824106775+00:00,678,Value 2
136,0,Resolve ticket,2012-09-17 14:09:36.824106775+00:00,2012-09-17 14:09:36.824106775+00:00,679,Value 2
136,5,Closed,2012-09-17 14:09:36.824106775+00:00,2012-09-17 14:09:36.824106775+00:00,680,Value 5
137,12,Assign seriousness,2012-09-17 14:51:39.276120851+00:00,2012-09-17 14:51:39.276120851+00:00,681,Value 7
137,12,Take in charge ticket,2012-09-17 14:51:39.276120851+00:00,2012-09-17 14:51:39.276120851+00:00,682,Value 7
137,12,Resolve ticket,2012-09-17 14:51:39.276120851+00:00,2012-09-17 14:51:39.276120851+00:00,683,Value 7
137,5,Closed,2012-09-17 14:51:39.276120851+00:00,2012-09-17 14:51:39.276120851+00:00,684,Value 5
138,12,Assign seriousness,2012-09-17 14:51:44.168853787+00:00,2012-09-17 14:51:44.168853787+00:00,685,Value 7
138,12,Take in charge ticket,2012-09-17 14:51:44.168853787+00:00,2012-09-17 14:51:44.168853787+00:00,686,Value 7
138,12,Resolve ticket,2012-09-17 14:51:44.168853787+00:00,2012-09-17 14:51:44.168853787+00:00,687,Value 7
138,12,Take in charge ticket,2012-09-17 14:51:44.168853787+00:00,2012-09-17 14:51:44.168853787+00:00,688,Value 7
138,12,Resolve ticket,2012-09-17 14:51:44.168853787+00:00,2012-09-17 14:51:44.168853787+00:00,689,Value 7
138,5,Closed,2012-09-17 14:51:44.168853787+00:00,2012-09-17 14:51:44.168853787+00:00,690,Value 5
139,12,Assign seriousness,2012-09-18 04:00:00+00:00,2012-09-18 04:00:00+00:00,692,Value 7
139,12,Take in charge ticket,2012-09-18 04:00:00+00:00,2012-09-18 04:00:00+00:00,693,Value 7
139,12,Resolve ticket,2012-09-18 04:00:00+00:00,2012-09-18 04:00:00+00:00,694,Value 7
139,5,Closed,2012-09-18 04:00:00+00:00,2012-09-18 04:00:00+00:00,695,Value 5
140,12,Assign seriousness,2012-09-18 04:02:50.394682392+00:00,2012-09-18 04:02:50.394682392+00:00,696,Value 7
140,8,Take in charge ticket,2012-09-18 04:02:50.394682392+00:00,2012-09-18 04:02:50.394682392+00:00,697,Value 6
140,8,Resolve ticket,2012-09-18 04:02:50.394682392+00:00,2012-09-18 04:02:50.394682392+00:00,698,Value 6
140,5,Closed,2012-09-18 04:02:50.394682392+00:00,2012-09-18 04:02:50.394682392+00:00,699,Value 5
141,12,Assign seriousness,2012-09-18 04:21:45.837469926+00:00,2012-09-18 04:21:45.837469926+00:00,700,Value 7
141,0,Take in charge ticket,2012-09-18 04:21:45.837469926+00:00,2012-09-18 04:21:45.837469926+00:00,701,Value 2
141,0,Resolve ticket,2012-09-18 04:21:45.837469926+00:00,2012-09-18 04:21:45.837469926+00:00,702,Value 2
141,5,Closed,2012-09-18 04:21:45.837469926+00:00,2012-09-18 04:21:45.837469926+00:00,703,Value 5
142,12,Assign seriousness,2012-09-18 07:43:06.573819948+00:00,2012-09-18 07:43:06.573819948+00:00,704,Value 7
142,3,Take in charge ticket,2012-09-18 07:43:06.573819948+00:00,2012-09-18 07:43:06.573819948+00:00,705,Value 16
142,3,Wait,2012-09-18 07:43:06.573819948+00:00,2012-09-18 07:43:06.573819948+00:00,706,Value 16
142,3,Take in charge ticket,2012-09-18 07:43:06.573819948+00:00,2012-09-18 07:43:06.573819948+00:00,707,Value 16
142,3,Resolve ticket,2012-09-18 07:43:06.573819948+00:00,2012-09-18 07:43:06.573819948+00:00,708,Value 16
142,5,Closed,2012-09-18 07:43:06.573819948+00:00,2012-09-18 07:43:06.573819948+00:00,709,Value 5
143,12,Assign seriousness,2012-09-18 09:13:28.628695778+00:00,2012-09-18 09:13:28.628695778+00:00,710,Value 7
143,0,Take in charge ticket,2012-09-18 09:13:28.628695778+00:00,2012-09-18 09:13:28.628695778+00:00,711,Value 2
143,0,Resolve ticket,2012-09-18 09:13:28.628695778+00:00,2012-09-18 09:13:28.628695778+00:00,712,Value 2
143,5,Closed,2012-09-18 09:13:28.628695778+00:00,2012-09-18 09:13:28.628695778+00:00,713,Value 5
144,12,Assign seriousness,2012-09-18 09:21:58.956737414+00:00,2012-09-18 09:21:58.956737414+00:00,714,Value 7
144,3,Take in charge ticket,2012-09-18 09:21:58.956737414+00:00,2012-09-18 09:21:58.956737414+00:00,715,Value 16
144,3,Resolve ticket,2012-09-18 09:21:58.956737414+00:00,2012-09-18 09:21:58.956737414+00:00,716,Value 16
144,5,Closed,2012-09-18 09:21:58.956737414+00:00,2012-09-18 09:21:58.956737414+00:00,717,Value 5
145,12,Assign seriousness,2012-09-18 09:24:53.840917552+00:00,2012-09-18 09:24:53.840917552+00:00,718,Value 7
145,3,Take in charge ticket,2012-09-18 09:24:53.840917552+00:00,2012-09-18 09:24:53.840917552+00:00,719,Value 16
145,3,Resolve ticket,2012-09-18 09:24:53.840917552+00:00,2012-09-18 09:24:53.840917552+00:00,720,Value 16
145,0,Resolve ticket,2012-09-18 09:24:53.840917552+00:00,2012-09-18 09:24:53.840917552+00:00,721,Value 2
145,5,Closed,2012-09-18 09:24:53.840917552+00:00,2012-09-18 09:24:53.840917552+00:00,722,Value 5
146,12,Assign seriousness,2012-09-18 09:45:57.684594406+00:00,2012-09-18 09:45:57.684594406+00:00,723,Value 7
146,12,Take in charge ticket,2012-09-18 09:45:57.684594406+00:00,2012-09-18 09:45:57.684594406+00:00,724,Value 7
146,12,Resolve ticket,2012-09-18 09:45:57.684594406+00:00,2012-09-18 09:45:57.684594406+00:00,725,Value 7
146,5,Closed,2012-09-18 09:45:57.684594406+00:00,2012-09-18 09:45:57.684594406+00:00,726,Value 5
147,12,Assign seriousness,2012-09-18 13:24:09.572306034+00:00,2012-09-18 13:24:09.572306034+00:00,727,Value 7
147,0,Assign seriousness,2012-09-18 13:24:09.572306034+00:00,2012-09-18 13:24:09.572306034+00:00,728,Value 2
147,0,Assign seriousness,2012-09-18 13:24:09.572306034+00:00,2012-09-18 13:24:09.572306034+00:00,729,Value 2
147,0,Take in charge ticket,2012-09-18 13:24:09.572306034+00:00,2012-09-18 13:24:09.572306034+00:00,730,Value 2
147,9,Wait,2012-09-18 13:24:09.572306034+00:00,2012-09-18 13:24:09.572306034+00:00,731,Value 14
147,9,Take in charge ticket,2012-09-18 13:24:09.572306034+00:00,2012-09-18 13:24:09.572306034+00:00,732,Value 14
147,9,Resolve ticket,2012-09-18 13:24:09.572306034+00:00,2012-09-18 13:24:09.572306034+00:00,733,Value 14
147,5,Closed,2012-09-18 13:24:09.572306034+00:00,2012-09-18 13:24:09.572306034+00:00,734,Value 5
148,12,Assign seriousness,2012-09-19 04:01:43+00:00,2012-09-19 04:01:43+00:00,735,Value 7
148,0,Take in charge ticket,2012-09-19 04:01:43+00:00,2012-09-19 04:01:43+00:00,736,Value 2
148,12,Wait,2012-09-19 04:01:43+00:00,2012-09-19 04:01:43+00:00,737,Value 7
148,0,Take in charge ticket,2012-09-19 04:01:43+00:00,2012-09-19 04:01:43+00:00,738,Value 2
148,0,Resolve ticket,2012-09-19 04:01:43+00:00,2012-09-19 04:01:43+00:00,739,Value 2
148,5,Closed,2012-09-19 04:01:43+00:00,2012-09-19 04:01:43+00:00,740,Value 5
149,12,Assign seriousness,2012-09-19 04:53:51.877132894+00:00,2012-09-19 04:53:51.877132894+00:00,741,Value 7
149,12,Take in charge ticket,2012-09-19 04:53:51.877132894+00:00,2012-09-19 04:53:51.877132894+00:00,742,Value 7
149,15,Resolve ticket,2012-09-19 04:53:51.877132894+00:00,2012-09-19 04:53:51.877132894+00:00,743,Value 13
149,5,Closed,2012-09-19 04:53:51.877132894+00:00,2012-09-19 04:53:51.877132894+00:00,744,Value 5
150,12,Assign seriousness,2012-09-19 08:17:00.808834783+00:00,2012-09-19 08:17:00.808834783+00:00,745,Value 7
150,0,Take in charge ticket,2012-09-19 08:17:00.808834783+00:00,2012-09-19 08:17:00.808834783+00:00,746,Value 2
150,0,Resolve ticket,2012-09-19 08:17:00.808834783+00:00,2012-09-19 08:17:00.808834783+00:00,747,Value 2
150,5,Closed,2012-09-19 08:17:00.808834783+00:00,2012-09-19 08:17:00.808834783+00:00,748,Value 5
151,12,Assign seriousness,2012-09-19 08:48:16.012253059+00:00,2012-09-19 08:48:16.012253059+00:00,749,Value 7
151,12,Take in charge ticket,2012-09-19 08:48:16.012253059+00:00,2012-09-19 08:48:16.012253059+00:00,750,Value 7
151,12,Resolve ticket,2012-09-19 08:48:16.012253059+00:00,2012-09-19 08:48:16.012253059+00:00,751,Value 7
151,5,Closed,2012-09-19 08:48:16.012253059+00:00,2012-09-19 08:48:16.012253059+00:00,752,Value 5
152,12,Assign seriousness,2012-09-19 09:55:03.833076859+00:00,2012-09-19 09:55:03.833076859+00:00,753,Value 7
152,0,Take in charge ticket,2012-09-19 09:55:03.833076859+00:00,2012-09-19 09:55:03.833076859+00:00,754,Value 2
152,0,Resolve ticket,2012-09-19 09:55:03.833076859+00:00,2012-09-19 09:55:03.833076859+00:00,755,Value 2
152,5,Closed,2012-09-19 09:55:03.833076859+00:00,2012-09-19 09:55:03.833076859+00:00,756,Value 5
153,12,Assign seriousness,2012-09-19 10:44:21.243186875+00:00,2012-09-19 10:44:21.243186875+00:00,757,Value 7
153,0,Take in charge ticket,2012-09-19 10:44:21.243186875+00:00,2012-09-19 10:44:21.243186875+00:00,758,Value 2
153,0,Resolve ticket,2012-09-19 10:44:21.243186875+00:00,2012-09-19 10:44:21.243186875+00:00,759,Value 2
153,5,Closed,2012-09-19 10:44:21.243186875+00:00,2012-09-19 10:44:21.243186875+00:00,760,Value 5
154,12,Assign seriousness,2012-09-19 12:35:09.671008260+00:00,2012-09-19 12:35:09.671008260+00:00,761,Value 7
154,9,Take in charge ticket,2012-09-19 12:35:09.671008260+00:00,2012-09-19 12:35:09.671008260+00:00,762,Value 14
154,9,Resolve ticket,2012-09-19 12:35:09.671008260+00:00,2012-09-19 12:35:09.671008260+00:00,763,Value 14
154,5,Closed,2012-09-19 12:35:09.671008260+00:00,2012-09-19 12:35:09.671008260+00:00,764,Value 5
155,12,Assign seriousness,2012-09-19 12:59:55.011863125+00:00,2012-09-19 12:59:55.011863125+00:00,765,Value 7
155,9,Take in charge ticket,2012-09-19 12:59:55.011863125+00:00,2012-09-19 12:59:55.011863125+00:00,766,Value 14
155,9,Resolve ticket,2012-09-19 12:59:55.011863125+00:00,2012-09-19 12:59:55.011863125+00:00,767,Value 14
155,5,Closed,2012-09-19 12:59:55.011863125+00:00,2012-09-19 12:59:55.011863125+00:00,768,Value 5
156,12,Assign seriousness,2012-09-19 14:04:47.871561963+00:00,2012-09-19 14:04:47.871561963+00:00,769,Value 7
156,12,Take in charge ticket,2012-09-19 14:04:47.871561963+00:00,2012-09-19 14:04:47.871561963+00:00,770,Value 7
156,12,Resolve ticket,2012-09-19 14:04:47.871561963+00:00,2012-09-19 14:04:47.871561963+00:00,771,Value 7
156,5,Closed,2012-09-19 14:04:47.871561963+00:00,2012-09-19 14:04:47.871561963+00:00,772,Value 5
157,12,Assign seriousness,2012-09-19 15:05:46.362195348+00:00,2012-09-19 15:05:46.362195348+00:00,773,Value 7
157,2,Take in charge ticket,2012-09-19 15:05:46.362195348+00:00,2012-09-19 15:05:46.362195348+00:00,774,Value 11
157,2,Resolve ticket,2012-09-19 15:05:46.362195348+00:00,2012-09-19 15:05:46.362195348+00:00,775,Value 11
157,5,Closed,2012-09-19 15:05:46.362195348+00:00,2012-09-19 15:05:46.362195348+00:00,776,Value 5
158,18,Assign seriousness,2012-09-20 04:02:16+00:00,2012-09-20 04:02:16+00:00,777,Value 4
158,18,Take in charge ticket,2012-09-20 04:02:16+00:00,2012-09-20 04:02:16+00:00,778,Value 4
158,0,Resolve ticket,2012-09-20 04:02:16+00:00,2012-09-20 04:02:16+00:00,779,Value 2
158,5,Closed,2012-09-20 04:02:16+00:00,2012-09-20 04:02:16+00:00,780,Value 5
159,18,Assign seriousness,2012-09-20 05:39:32.753485599+00:00,2012-09-20 05:39:32.753485599+00:00,781,Value 4
159,18,Take in charge ticket,2012-09-20 05:39:32.753485599+00:00,2012-09-20 05:39:32.753485599+00:00,782,Value 4
159,0,Resolve ticket,2012-09-20 05:39:32.753485599+00:00,2012-09-20 05:39:32.753485599+00:00,783,Value 2
159,5,Closed,2012-09-20 05:39:32.753485599+00:00,2012-09-20 05:39:32.753485599+00:00,784,Value 5
160,18,Assign seriousness,2012-09-20 07:09:24.906513649+00:00,2012-09-20 07:09:24.906513649+00:00,785,Value 4
160,18,Take in charge ticket,2012-09-20 07:09:24.906513649+00:00,2012-09-20 07:09:24.906513649+00:00,786,Value 4
160,18,Resolve ticket,2012-09-20 07:09:24.906513649+00:00,2012-09-20 07:09:24.906513649+00:00,787,Value 4
160,5,Closed,2012-09-20 07:09:24.906513649+00:00,2012-09-20 07:09:24.906513649+00:00,788,Value 5
161,18,Insert ticket,2012-09-20 07:09:56.978789545+00:00,2012-09-20 07:09:56.978789545+00:00,789,Value 4
161,18,Take in charge ticket,2012-09-20 07:09:56.978789545+00:00,2012-09-20 07:09:56.978789545+00:00,790,Value 4
161,18,Resolve ticket,2012-09-20 07:09:56.978789545+00:00,2012-09-20 07:09:56.978789545+00:00,791,Value 4
161,5,Closed,2012-09-20 07:09:56.978789545+00:00,2012-09-20 07:09:56.978789545+00:00,792,Value 5
162,18,Assign seriousness,2012-09-20 07:29:16.869855560+00:00,2012-09-20 07:29:16.869855560+00:00,793,Value 4
162,18,Take in charge ticket,2012-09-20 07:29:16.869855560+00:00,2012-09-20 07:29:16.869855560+00:00,794,Value 4
162,18,Wait,2012-09-20 07:29:16.869855560+00:00,2012-09-20 07:29:16.869855560+00:00,795,Value 4
162,0,Wait,2012-09-20 07:29:16.869855560+00:00,2012-09-20 07:29:16.869855560+00:00,796,Value 2
162,17,Take in charge ticket,2012-09-20 07:29:16.869855560+00:00,2012-09-20 07:29:16.869855560+00:00,797,Value 1
162,17,Resolve ticket,2012-09-20 07:29:16.869855560+00:00,2012-09-20 07:29:16.869855560+00:00,798,Value 1
162,17,Resolve ticket,2012-09-20 07:29:16.869855560+00:00,2012-09-20 07:29:16.869855560+00:00,799,Value 1
162,5,Closed,2012-09-20 07:29:16.869855560+00:00,2012-09-20 07:29:16.869855560+00:00,800,Value 5
163,18,Assign seriousness,2012-09-20 08:23:07.191482947+00:00,2012-09-20 08:23:07.191482947+00:00,801,Value 4
163,0,Take in charge ticket,2012-09-20 08:23:07.191482947+00:00,2012-09-20 08:23:07.191482947+00:00,802,Value 2
163,0,Resolve ticket,2012-09-20 08:23:07.191482947+00:00,2012-09-20 08:23:07.191482947+00:00,803,Value 2
163,5,Closed,2012-09-20 08:23:07.191482947+00:00,2012-09-20 08:23:07.191482947+00:00,804,Value 5
164,18,Assign seriousness,2012-09-20 08:28:33.996205680+00:00,2012-09-20 08:28:33.996205680+00:00,805,Value 4
164,15,Take in charge ticket,2012-09-20 08:28:33.996205680+00:00,2012-09-20 08:28:33.996205680+00:00,806,Value 13
164,0,Wait,2012-09-20 08:28:33.996205680+00:00,2012-09-20 08:28:33.996205680+00:00,807,Value 2
164,0,Resolve ticket,2012-09-20 08:28:33.996205680+00:00,2012-09-20 08:28:33.996205680+00:00,808,Value 2
164,5,Closed,2012-09-20 08:28:33.996205680+00:00,2012-09-20 08:28:33.996205680+00:00,809,Value 5
165,18,Assign seriousness,2012-09-20 08:45:10.388182829+00:00,2012-09-20 08:45:10.388182829+00:00,810,Value 4
165,18,Take in charge ticket,2012-09-20 08:45:10.388182829+00:00,2012-09-20 08:45:10.388182829+00:00,811,Value 4
165,18,Resolve ticket,2012-09-20 08:45:10.388182829+00:00,2012-09-20 08:45:10.388182829+00:00,812,Value 4
165,5,Closed,2012-09-20 08:45:10.388182829+00:00,2012-09-20 08:45:10.388182829+00:00,813,Value 5
166,18,Assign seriousness,2012-09-20 10:18:59.809114813+00:00,2012-09-20 10:18:59.809114813+00:00,814,Value 4
166,18,Take in charge ticket,2012-09-20 10:18:59.809114813+00:00,2012-09-20 10:18:59.809114813+00:00,815,Value 4
166,18,Resolve ticket,2012-09-20 10:18:59.809114813+00:00,2012-09-20 10:18:59.809114813+00:00,816,Value 4
166,18,Resolve ticket,2012-09-20 10:18:59.809114813+00:00,2012-09-20 10:18:59.809114813+00:00,817,Value 4
166,5,Closed,2012-09-20 10:18:59.809114813+00:00,2012-09-20 10:18:59.809114813+00:00,818,Value 5
167,18,Assign seriousness,2012-09-20 11:24:24.372634032+00:00,2012-09-20 11:24:24.372634032+00:00,819,Value 4
167,8,Take in charge ticket,2012-09-20 11:24:24.372634032+00:00,2012-09-20 11:24:24.372634032+00:00,820,Value 6
167,8,Resolve ticket,2012-09-20 11:24:24.372634032+00:00,2012-09-20 11:24:24.372634032+00:00,821,Value 6
167,5,Closed,2012-09-20 11:24:24.372634032+00:00,2012-09-20 11:24:24.372634032+00:00,822,Value 5
168,18,Assign seriousness,2012-09-20 13:33:12.336536202+00:00,2012-09-20 13:33:12.336536202+00:00,823,Value 4
168,18,Take in charge ticket,2012-09-20 13:33:12.336536202+00:00,2012-09-20 13:33:12.336536202+00:00,824,Value 4
168,18,Resolve ticket,2012-09-20 13:33:12.336536202+00:00,2012-09-20 13:33:12.336536202+00:00,825,Value 4
168,5,Closed,2012-09-20 13:33:12.336536202+00:00,2012-09-20 13:33:12.336536202+00:00,826,Value 5
169,18,Assign seriousness,2012-09-20 14:52:35.746398656+00:00,2012-09-20 14:52:35.746398656+00:00,827,Value 4
169,15,Take in charge ticket,2012-09-20 14:52:35.746398656+00:00,2012-09-20 14:52:35.746398656+00:00,828,Value 13
169,15,Resolve ticket,2012-09-20 14:52:35.746398656+00:00,2012-09-20 14:52:35.746398656+00:00,829,Value 13
169,5,Closed,2012-09-20 14:52:35.746398656+00:00,2012-09-20 14:52:35.746398656+00:00,830,Value 5
170,18,Assign seriousness,2012-09-20 15:21:34.138660235+00:00,2012-09-20 15:21:34.138660235+00:00,831,Value 4
170,0,Assign seriousness,2012-09-20 15:21:34.138660235+00:00,2012-09-20 15:21:34.138660235+00:00,832,Value 2
170,0,Take in charge ticket,2012-09-20 15:21:34.138660235+00:00,2012-09-20 15:21:34.138660235+00:00,833,Value 2
170,0,Resolve ticket,2012-09-20 15:21:34.138660235+00:00,2012-09-20 15:21:34.138660235+00:00,834,Value 2
170,5,Closed,2012-09-20 15:21:34.138660235+00:00,2012-09-20 15:21:34.138660235+00:00,835,Value 5
171,1,Assign seriousness,2012-09-21 04:00:00+00:00,2012-09-21 04:00:00+00:00,837,Value 15
171,1,Take in charge ticket,2012-09-21 04:00:00+00:00,2012-09-21 04:00:00+00:00,838,Value 15
171,1,Resolve ticket,2012-09-21 04:00:00+00:00,2012-09-21 04:00:00+00:00,839,Value 15
171,5,Closed,2012-09-21 04:00:00+00:00,2012-09-21 04:00:00+00:00,840,Value 5
172,1,Assign seriousness,2012-09-21 04:04:26.027529229+00:00,2012-09-21 04:04:26.027529229+00:00,841,Value 15
172,8,Take in charge ticket,2012-09-21 04:04:26.027529229+00:00,2012-09-21 04:04:26.027529229+00:00,842,Value 6
172,8,Resolve ticket,2012-09-21 04:04:26.027529229+00:00,2012-09-21 04:04:26.027529229+00:00,843,Value 6
172,5,Closed,2012-09-21 04:04:26.027529229+00:00,2012-09-21 04:04:26.027529229+00:00,844,Value 5
173,1,Assign seriousness,2012-09-21 04:37:01.910485013+00:00,2012-09-21 04:37:01.910485013+00:00,845,Value 15
173,0,Take in charge ticket,2012-09-21 04:37:01.910485013+00:00,2012-09-21 04:37:01.910485013+00:00,846,Value 2
173,11,Wait,2012-09-21 04:37:01.910485013+00:00,2012-09-21 04:37:01.910485013+00:00,847,Value 9
173,11,Take in charge ticket,2012-09-21 04:37:01.910485013+00:00,2012-09-21 04:37:01.910485013+00:00,848,Value 9
173,6,Resolve ticket,2012-09-21 04:37:01.910485013+00:00,2012-09-21 04:37:01.910485013+00:00,849,Value 10
173,6,Resolve ticket,2012-09-21 04:37:01.910485013+00:00,2012-09-21 04:37:01.910485013+00:00,850,Value 10
173,5,Closed,2012-09-21 04:37:01.910485013+00:00,2012-09-21 04:37:01.910485013+00:00,851,Value 5
174,1,Assign seriousness,2012-09-21 04:55:41.381096780+00:00,2012-09-21 04:55:41.381096780+00:00,852,Value 15
174,1,Take in charge ticket,2012-09-21 04:55:41.381096780+00:00,2012-09-21 04:55:41.381096780+00:00,853,Value 15
174,1,Resolve ticket,2012-09-21 04:55:41.381096780+00:00,2012-09-21 04:55:41.381096780+00:00,854,Value 15
174,5,Closed,2012-09-21 04:55:41.381096780+00:00,2012-09-21 04:55:41.381096780+00:00,855,Value 5
175,1,Assign seriousness,2012-09-21 05:52:57.932941237+00:00,2012-09-21 05:52:57.932941237+00:00,856,Value 15
175,1,Take in charge ticket,2012-09-21 05:52:57.932941237+00:00,2012-09-21 05:52:57.932941237+00:00,857,Value 15
175,1,Wait,2012-09-21 05:52:57.932941237+00:00,2012-09-21 05:52:57.932941237+00:00,858,Value 15
175,0,Take in charge ticket,2012-09-21 05:52:57.932941237+00:00,2012-09-21 05:52:57.932941237+00:00,859,Value 2
175,0,Wait,2012-09-21 05:52:57.932941237+00:00,2012-09-21 05:52:57.932941237+00:00,860,Value 2
175,0,Take in charge ticket,2012-09-21 05:52:57.932941237+00:00,2012-09-21 05:52:57.932941237+00:00,861,Value 2
175,0,Resolve ticket,2012-09-21 05:52:57.932941237+00:00,2012-09-21 05:52:57.932941237+00:00,862,Value 2
175,5,Closed,2012-09-21 05:52:57.932941237+00:00,2012-09-21 05:52:57.932941237+00:00,863,Value 5
176,1,Assign seriousness,2012-09-21 07:50:39.922567375+00:00,2012-09-21 07:50:39.922567375+00:00,864,Value 15
176,1,Take in charge ticket,2012-09-21 07:50:39.922567375+00:00,2012-09-21 07:50:39.922567375+00:00,865,Value 15
176,1,Resolve ticket,2012-09-21 07:50:39.922567375+00:00,2012-09-21 07:50:39.922567375+00:00,866,Value 15
176,5,Closed,2012-09-21 07:50:39.922567375+00:00,2012-09-21 07:50:39.922567375+00:00,867,Value 5
177,1,Assign seriousness,2012-09-21 10:01:28.798669928+00:00,2012-09-21 10:01:28.798669928+00:00,868,Value 15
177,9,Take in charge ticket,2012-09-21 10:01:28.798669928+00:00,2012-09-21 10:01:28.798669928+00:00,869,Value 14
177,9,Resolve ticket,2012-09-21 10:01:28.798669928+00:00,2012-09-21 10:01:28.798669928+00:00,870,Value 14
177,5,Closed,2012-09-21 10:01:28.798669928+00:00,2012-09-21 10:01:28.798669928+00:00,871,Value 5
178,1,Insert ticket,2012-09-21 10:07:09.486381965+00:00,2012-09-21 10:07:09.486381965+00:00,872,Value 15
178,1,Assign seriousness,2012-09-21 10:07:09.486381965+00:00,2012-09-21 10:07:09.486381965+00:00,873,Value 15
178,1,Take in charge ticket,2012-09-21 10:07:09.486381965+00:00,2012-09-21 10:07:09.486381965+00:00,874,Value 15
178,1,Resolve ticket,2012-09-21 10:07:09.486381965+00:00,2012-09-21 10:07:09.486381965+00:00,875,Value 15
178,5,Closed,2012-09-21 10:07:09.486381965+00:00,2012-09-21 10:07:09.486381965+00:00,876,Value 5
179,1,Assign seriousness,2012-09-21 10:26:44.875385184+00:00,2012-09-21 10:26:44.875385184+00:00,877,Value 15
179,0,Assign seriousness,2012-09-21 10:26:44.875385184+00:00,2012-09-21 10:26:44.875385184+00:00,878,Value 2
179,6,Take in charge ticket,2012-09-21 10:26:44.875385184+00:00,2012-09-21 10:26:44.875385184+00:00,879,Value 10
179,0,Wait,2012-09-21 10:26:44.875385184+00:00,2012-09-21 10:26:44.875385184+00:00,880,Value 2
179,0,Take in charge ticket,2012-09-21 10:26:44.875385184+00:00,2012-09-21 10:26:44.875385184+00:00,881,Value 2
179,0,Resolve ticket,2012-09-21 10:26:44.875385184+00:00,2012-09-21 10:26:44.875385184+00:00,882,Value 2
179,5,Closed,2012-09-21 10:26:44.875385184+00:00,2012-09-21 10:26:44.875385184+00:00,883,Value 5
180,1,Assign seriousness,2012-09-21 13:40:56.659212891+00:00,2012-09-21 13:40:56.659212891+00:00,884,Value 15
180,1,Take in charge ticket,2012-09-21 13:40:56.659212891+00:00,2012-09-21 13:40:56.659212891+00:00,885,Value 15
180,1,Wait,2012-09-21 13:40:56.659212891+00:00,2012-09-21 13:40:56.659212891+00:00,886,Value 15
180,0,Take in charge ticket,2012-09-21 13:40:56.659212891+00:00,2012-09-21 13:40:56.659212891+00:00,887,Value 2
180,0,Resolve ticket,2012-09-21 13:40:56.659212891+00:00,2012-09-21 13:40:56.659212891+00:00,888,Value 2
180,5,Closed,2012-09-21 13:40:56.659212891+00:00,2012-09-21 13:40:56.659212891+00:00,889,Value 5
181,1,Assign seriousness,2012-09-21 14:18:21.272263701+00:00,2012-09-21 14:18:21.272263701+00:00,890,Value 15
181,0,Take in charge ticket,2012-09-21 14:18:21.272263701+00:00,2012-09-21 14:18:21.272263701+00:00,891,Value 2
181,0,Resolve ticket,2012-09-21 14:18:21.272263701+00:00,2012-09-21 14:18:21.272263701+00:00,892,Value 2
181,5,Closed,2012-09-21 14:18:21.272263701+00:00,2012-09-21 14:18:21.272263701+00:00,893,Value 5
182,5,Assign seriousness,2012-09-22 13:17:27+00:00,2012-09-22 13:17:27+00:00,894,Value 5
182,0,Take in charge ticket,2012-09-24 03:00:00+00:00,2012-09-24 03:00:00+00:00,896,Value 2
182,0,Resolve ticket,2012-09-24 03:00:00+00:00,2012-09-24 03:00:00+00:00,897,Value 2
182,5,Closed,2012-09-24 06:00:00+00:00,2012-09-24 06:00:00+00:00,898,Value 5
183,1,Assign seriousness,2012-09-24 04:00:49+00:00,2012-09-24 04:00:49+00:00,899,Value 15
183,1,Take in charge ticket,2012-09-24 04:00:49+00:00,2012-09-24 04:00:49+00:00,900,Value 15
183,1,Resolve ticket,2012-09-24 04:00:49+00:00,2012-09-24 04:00:49+00:00,901,Value 15
184,1,Insert ticket,2012-09-24 04:03:09.488478620+00:00,2012-09-24 04:03:09.488478620+00:00,903,Value 15
183,5,Closed,2012-09-24 06:00:00+00:00,2012-09-24 06:00:00+00:00,904,Value 5
184,1,Assign seriousness,2012-09-24 04:03:09.488478620+00:00,2012-09-24 04:03:09.488478620+00:00,905,Value 15
185,1,Assign seriousness,2012-09-24 05:18:07.093551340+00:00,2012-09-24 05:18:07.093551340+00:00,906,Value 15
184,7,Take in charge ticket,2012-09-24 04:03:09.488478620+00:00,2012-09-24 04:03:09.488478620+00:00,907,Value 12
185,1,Take in charge ticket,2012-09-24 05:18:07.093551340+00:00,2012-09-24 05:18:07.093551340+00:00,908,Value 15
184,7,Resolve ticket,2012-09-24 04:03:09.488478620+00:00,2012-09-24 04:03:09.488478620+00:00,909,Value 12
185,1,Resolve ticket,2012-09-24 05:18:07.093551340+00:00,2012-09-24 05:18:07.093551340+00:00,910,Value 15
186,1,Assign seriousness,2012-09-24 05:21:52.811659062+00:00,2012-09-24 05:21:52.811659062+00:00,913,Value 15
184,5,Closed,2012-09-24 06:00:00+00:00,2012-09-24 06:00:00+00:00,914,Value 5
185,5,Closed,2012-09-24 06:00:00+00:00,2012-09-24 06:00:00+00:00,915,Value 5
186,0,Take in charge ticket,2012-09-24 05:21:52.811659062+00:00,2012-09-24 05:21:52.811659062+00:00,916,Value 2
187,1,Assign seriousness,2012-09-24 05:45:08.771920212+00:00,2012-09-24 05:45:08.771920212+00:00,917,Value 15
186,0,Resolve ticket,2012-09-24 05:21:52.811659062+00:00,2012-09-24 05:21:52.811659062+00:00,918,Value 2
187,1,Take in charge ticket,2012-09-24 05:45:08.771920212+00:00,2012-09-24 05:45:08.771920212+00:00,919,Value 15
186,5,Closed,2012-09-24 06:00:00+00:00,2012-09-24 06:00:00+00:00,920,Value 5
187,1,Resolve ticket,2012-09-24 05:45:08.771920212+00:00,2012-09-24 05:45:08.771920212+00:00,921,Value 15
187,5,Closed,2012-09-24 06:00:00+00:00,2012-09-24 06:00:00+00:00,923,Value 5
188,1,Assign seriousness,2012-09-24 08:29:48.623177980+00:00,2012-09-24 08:29:48.623177980+00:00,924,Value 15
188,1,Take in charge ticket,2012-09-24 08:29:48.623177980+00:00,2012-09-24 08:29:48.623177980+00:00,925,Value 15
188,1,Resolve ticket,2012-09-24 08:29:48.623177980+00:00,2012-09-24 08:29:48.623177980+00:00,926,Value 15
188,5,Closed,2012-09-24 08:29:48.623177980+00:00,2012-09-24 08:29:48.623177980+00:00,927,Value 5
189,1,Assign seriousness,2012-09-24 14:13:18.187934142+00:00,2012-09-24 14:13:18.187934142+00:00,928,Value 15
189,1,Take in charge ticket,2012-09-24 14:13:18.187934142+00:00,2012-09-24 14:13:18.187934142+00:00,929,Value 15
189,1,Resolve ticket,2012-09-24 14:13:18.187934142+00:00,2012-09-24 14:13:18.187934142+00:00,930,Value 15
189,5,Closed,2012-09-24 14:13:18.187934142+00:00,2012-09-24 14:13:18.187934142+00:00,931,Value 5
190,1,Assign seriousness,2012-09-24 14:44:42.067818024+00:00,2012-09-24 14:44:42.067818024+00:00,932,Value 15
190,9,Take in charge ticket,2012-09-24 14:44:42.067818024+00:00,2012-09-24 14:44:42.067818024+00:00,933,Value 14
190,9,Resolve ticket,2012-09-24 14:44:42.067818024+00:00,2012-09-24 14:44:42.067818024+00:00,934,Value 14
190,5,Closed,2012-09-24 14:44:42.067818024+00:00,2012-09-24 14:44:42.067818024+00:00,935,Value 5
191,1,Assign seriousness,2012-09-24 14:45:00.067680836+00:00,2012-09-24 14:45:00.067680836+00:00,936,Value 15
191,0,Take in charge ticket,2012-09-24 14:45:00.067680836+00:00,2012-09-24 14:45:00.067680836+00:00,937,Value 2
191,0,Resolve ticket,2012-09-24 14:45:00.067680836+00:00,2012-09-24 14:45:00.067680836+00:00,938,Value 2
191,5,Closed,2012-09-24 14:45:00.067680836+00:00,2012-09-24 14:45:00.067680836+00:00,939,Value 5
192,1,Assign seriousness,2012-09-24 14:50:54.510564566+00:00,2012-09-24 14:50:54.510564566+00:00,940,Value 15
192,1,Take in charge ticket,2012-09-24 14:50:54.510564566+00:00,2012-09-24 14:50:54.510564566+00:00,941,Value 15
192,1,Resolve ticket,2012-09-24 14:50:54.510564566+00:00,2012-09-24 14:50:54.510564566+00:00,942,Value 15
192,5,Closed,2012-09-24 14:50:54.510564566+00:00,2012-09-24 14:50:54.510564566+00:00,943,Value 5
193,1,Assign seriousness,2012-09-25 04:00:00+00:00,2012-09-25 04:00:00+00:00,945,Value 15
193,8,Take in charge ticket,2012-09-25 04:00:00+00:00,2012-09-25 04:00:00+00:00,946,Value 6
193,8,Resolve ticket,2012-09-25 04:00:00+00:00,2012-09-25 04:00:00+00:00,947,Value 6
193,5,Closed,2012-09-25 04:00:00+00:00,2012-09-25 04:00:00+00:00,948,Value 5
194,1,Assign seriousness,2012-09-25 04:32:44.622410663+00:00,2012-09-25 04:32:44.622410663+00:00,949,Value 15
194,1,Take in charge ticket,2012-09-25 04:32:44.622410663+00:00,2012-09-25 04:32:44.622410663+00:00,950,Value 15
194,1,Resolve ticket,2012-09-25 04:32:44.622410663+00:00,2012-09-25 04:32:44.622410663+00:00,951,Value 15
194,5,Closed,2012-09-25 04:32:44.622410663+00:00,2012-09-25 04:32:44.622410663+00:00,952,Value 5
195,1,Assign seriousness,2012-09-25 05:05:34.840955266+00:00,2012-09-25 05:05:34.840955266+00:00,953,Value 15
195,9,Take in charge ticket,2012-09-25 05:05:34.840955266+00:00,2012-09-25 05:05:34.840955266+00:00,954,Value 14
195,9,Create SW anomaly,2012-09-25 05:05:34.840955266+00:00,2012-09-25 05:05:34.840955266+00:00,955,Value 14
195,9,Resolve ticket,2012-09-25 05:05:34.840955266+00:00,2012-09-25 05:05:34.840955266+00:00,956,Value 14
195,5,Closed,2012-09-25 05:05:34.840955266+00:00,2012-09-25 05:05:34.840955266+00:00,957,Value 5
196,1,Assign seriousness,2012-09-25 05:27:13.588293681+00:00,2012-09-25 05:27:13.588293681+00:00,958,Value 15
196,1,Take in charge ticket,2012-09-25 05:27:13.588293681+00:00,2012-09-25 05:27:13.588293681+00:00,959,Value 15
196,1,Resolve ticket,2012-09-25 05:27:13.588293681+00:00,2012-09-25 05:27:13.588293681+00:00,960,Value 15
196,5,Closed,2012-09-25 05:27:13.588293681+00:00,2012-09-25 05:27:13.588293681+00:00,961,Value 5
197,1,Assign seriousness,2012-09-25 06:50:56.690489579+00:00,2012-09-25 06:50:56.690489579+00:00,962,Value 15
197,0,Take in charge ticket,2012-09-25 06:50:56.690489579+00:00,2012-09-25 06:50:56.690489579+00:00,963,Value 2
197,0,Take in charge ticket,2012-09-25 06:50:56.690489579+00:00,2012-09-25 06:50:56.690489579+00:00,964,Value 2
197,0,Resolve ticket,2012-09-25 06:50:56.690489579+00:00,2012-09-25 06:50:56.690489579+00:00,965,Value 2
197,5,Closed,2012-09-25 06:50:56.690489579+00:00,2012-09-25 06:50:56.690489579+00:00,966,Value 5
198,1,Assign seriousness,2012-09-25 07:27:34.693542528+00:00,2012-09-25 07:27:34.693542528+00:00,967,Value 15
198,1,Take in charge ticket,2012-09-25 07:27:34.693542528+00:00,2012-09-25 07:27:34.693542528+00:00,968,Value 15
198,1,Resolve ticket,2012-09-25 07:27:34.693542528+00:00,2012-09-25 07:27:34.693542528+00:00,969,Value 15
198,5,Closed,2012-09-25 07:27:34.693542528+00:00,2012-09-25 07:27:34.693542528+00:00,970,Value 5
199,1,Assign seriousness,2012-09-25 07:32:30.386905086+00:00,2012-09-25 07:32:30.386905086+00:00,971,Value 15
199,2,Take in charge ticket,2012-09-25 07:32:30.386905086+00:00,2012-09-25 07:32:30.386905086+00:00,972,Value 11
199,2,Resolve ticket,2012-09-25 07:32:30.386905086+00:00,2012-09-25 07:32:30.386905086+00:00,973,Value 11
199,5,Closed,2012-09-25 07:32:30.386905086+00:00,2012-09-25 07:32:30.386905086+00:00,974,Value 5
200,1,Assign seriousness,2012-09-25 08:42:04.542186586+00:00,2012-09-25 08:42:04.542186586+00:00,975,Value 15
200,1,Take in charge ticket,2012-09-25 08:42:04.542186586+00:00,2012-09-25 08:42:04.542186586+00:00,976,Value 15
200,1,Wait,2012-09-25 08:42:04.542186586+00:00,2012-09-25 08:42:04.542186586+00:00,977,Value 15
200,0,Take in charge ticket,2012-09-25 08:42:04.542186586+00:00,2012-09-25 08:42:04.542186586+00:00,978,Value 2
200,0,Resolve ticket,2012-09-25 08:42:04.542186586+00:00,2012-09-25 08:42:04.542186586+00:00,979,Value 2
200,5,Closed,2012-09-25 08:42:04.542186586+00:00,2012-09-25 08:42:04.542186586+00:00,980,Value 5
201,1,Assign seriousness,2012-09-25 08:47:54.197010344+00:00,2012-09-25 08:47:54.197010344+00:00,981,Value 15
201,9,Take in charge ticket,2012-09-25 08:47:54.197010344+00:00,2012-09-25 08:47:54.197010344+00:00,982,Value 14
201,9,Resolve ticket,2012-09-25 08:47:54.197010344+00:00,2012-09-25 08:47:54.197010344+00:00,983,Value 14
201,5,Closed,2012-09-25 08:47:54.197010344+00:00,2012-09-25 08:47:54.197010344+00:00,984,Value 5
202,1,Assign seriousness,2012-09-25 10:47:36.758410426+00:00,2012-09-25 10:47:36.758410426+00:00,985,Value 15
202,1,Take in charge ticket,2012-09-25 10:47:36.758410426+00:00,2012-09-25 10:47:36.758410426+00:00,986,Value 15
202,1,Resolve ticket,2012-09-25 10:47:36.758410426+00:00,2012-09-25 10:47:36.758410426+00:00,987,Value 15
202,5,Closed,2012-09-25 10:47:36.758410426+00:00,2012-09-25 10:47:36.758410426+00:00,988,Value 5
203,1,Assign seriousness,2012-09-25 11:59:58.671574089+00:00,2012-09-25 11:59:58.671574089+00:00,989,Value 15
203,1,Assign seriousness,2012-09-25 11:59:58.671574089+00:00,2012-09-25 11:59:58.671574089+00:00,990,Value 15
203,3,Take in charge ticket,2012-09-25 11:59:58.671574089+00:00,2012-09-25 11:59:58.671574089+00:00,991,Value 16
203,3,Resolve ticket,2012-09-25 11:59:58.671574089+00:00,2012-09-25 11:59:58.671574089+00:00,992,Value 16
203,5,Closed,2012-09-25 11:59:58.671574089+00:00,2012-09-25 11:59:58.671574089+00:00,993,Value 5
204,1,Assign seriousness,2012-09-25 12:30:38.417532945+00:00,2012-09-25 12:30:38.417532945+00:00,994,Value 15
204,0,Take in charge ticket,2012-09-25 12:30:38.417532945+00:00,2012-09-25 12:30:38.417532945+00:00,995,Value 2
204,0,Wait,2012-09-25 12:30:38.417532945+00:00,2012-09-25 12:30:38.417532945+00:00,996,Value 2
204,0,Take in charge ticket,2012-09-25 12:30:38.417532945+00:00,2012-09-25 12:30:38.417532945+00:00,997,Value 2
204,0,Resolve ticket,2012-09-25 12:30:38.417532945+00:00,2012-09-25 12:30:38.417532945+00:00,998,Value 2
204,5,Closed,2012-09-25 12:30:38.417532945+00:00,2012-09-25 12:30:38.417532945+00:00,999,Value 5
205,1,Assign seriousness,2012-09-25 12:37:28.858382083+00:00,2012-09-25 12:37:28.858382083+00:00,1000,Value 15
205,0,Take in charge ticket,2012-09-25 12:37:28.858382083+00:00,2012-09-25 12:37:28.858382083+00:00,1001,Value 2
205,0,Wait,2012-09-25 12:37:28.858382083+00:00,2012-09-25 12:37:28.858382083+00:00,1002,Value 2
205,0,Resolve ticket,2012-09-25 12:37:28.858382083+00:00,2012-09-25 12:37:28.858382083+00:00,1003,Value 2
205,5,Closed,2012-09-25 12:37:28.858382083+00:00,2012-09-25 12:37:28.858382083+00:00,1004,Value 5
206,1,Assign seriousness,2012-09-25 15:14:49.040758502+00:00,2012-09-25 15:14:49.040758502+00:00,1005,Value 15
206,0,Assign seriousness,2012-09-25 15:14:49.040758502+00:00,2012-09-25 15:14:49.040758502+00:00,1006,Value 2
206,0,Take in charge ticket,2012-09-25 15:14:49.040758502+00:00,2012-09-25 15:14:49.040758502+00:00,1007,Value 2
206,0,Wait,2012-09-25 15:14:49.040758502+00:00,2012-09-25 15:14:49.040758502+00:00,1008,Value 2
206,0,Take in charge ticket,2012-09-25 15:14:49.040758502+00:00,2012-09-25 15:14:49.040758502+00:00,1009,Value 2
206,0,Resolve ticket,2012-09-25 15:14:49.040758502+00:00,2012-09-25 15:14:49.040758502+00:00,1010,Value 2
206,5,Closed,2012-09-25 15:14:49.040758502+00:00,2012-09-25 15:14:49.040758502+00:00,1011,Value 5
207,3,Assign seriousness,2012-09-26 04:01:43+00:00,2012-09-26 04:01:43+00:00,1012,Value 16
207,3,Take in charge ticket,2012-09-26 04:01:43+00:00,2012-09-26 04:01:43+00:00,1013,Value 16
207,3,Resolve ticket,2012-09-26 04:01:43+00:00,2012-09-26 04:01:43+00:00,1014,Value 16
207,5,Closed,2012-09-26 04:01:43+00:00,2012-09-26 04:01:43+00:00,1015,Value 5
208,3,Assign seriousness,2012-09-26 07:29:01.817754801+00:00,2012-09-26 07:29:01.817754801+00:00,1016,Value 16
208,3,Take in charge ticket,2012-09-26 07:29:01.817754801+00:00,2012-09-26 07:29:01.817754801+00:00,1017,Value 16
208,3,Resolve ticket,2012-09-26 07:29:01.817754801+00:00,2012-09-26 07:29:01.817754801+00:00,1018,Value 16
208,5,Closed,2012-09-26 07:29:01.817754801+00:00,2012-09-26 07:29:01.817754801+00:00,1019,Value 5
209,3,Assign seriousness,2012-09-26 12:16:37.433763532+00:00,2012-09-26 12:16:37.433763532+00:00,1020,Value 16
209,3,Assign seriousness,2012-09-26 12:16:37.433763532+00:00,2012-09-26 12:16:37.433763532+00:00,1021,Value 16
209,7,Take in charge ticket,2012-09-26 12:16:37.433763532+00:00,2012-09-26 12:16:37.433763532+00:00,1022,Value 12
209,7,Resolve ticket,2012-09-26 12:16:37.433763532+00:00,2012-09-26 12:16:37.433763532+00:00,1023,Value 12
209,5,Closed,2012-09-26 12:16:37.433763532+00:00,2012-09-26 12:16:37.433763532+00:00,1024,Value 5
210,3,Assign seriousness,2012-09-26 12:17:14.692324272+00:00,2012-09-26 12:17:14.692324272+00:00,1025,Value 16
210,3,Take in charge ticket,2012-09-26 12:17:14.692324272+00:00,2012-09-26 12:17:14.692324272+00:00,1026,Value 16
210,3,Resolve ticket,2012-09-26 12:17:14.692324272+00:00,2012-09-26 12:17:14.692324272+00:00,1027,Value 16
210,5,Closed,2012-09-26 12:17:14.692324272+00:00,2012-09-26 12:17:14.692324272+00:00,1028,Value 5
211,3,Assign seriousness,2012-09-26 12:59:57.485008640+00:00,2012-09-26 12:59:57.485008640+00:00,1029,Value 16
211,3,Take in charge ticket,2012-09-26 12:59:57.485008640+00:00,2012-09-26 12:59:57.485008640+00:00,1030,Value 16
211,3,Resolve ticket,2012-09-26 12:59:57.485008640+00:00,2012-09-26 12:59:57.485008640+00:00,1031,Value 16
211,5,Closed,2012-09-26 12:59:57.485008640+00:00,2012-09-26 12:59:57.485008640+00:00,1032,Value 5
212,3,Assign seriousness,2012-09-26 13:19:53.015948503+00:00,2012-09-26 13:19:53.015948503+00:00,1033,Value 16
212,3,Assign seriousness,2012-09-26 13:19:53.015948503+00:00,2012-09-26 13:19:53.015948503+00:00,1034,Value 16
212,3,Wait,2012-09-26 13:19:53.015948503+00:00,2012-09-26 13:19:53.015948503+00:00,1035,Value 16
212,3,Take in charge ticket,2012-09-26 13:19:53.015948503+00:00,2012-09-26 13:19:53.015948503+00:00,1036,Value 16
212,3,Resolve ticket,2012-09-26 13:19:53.015948503+00:00,2012-09-26 13:19:53.015948503+00:00,1037,Value 16
212,5,Closed,2012-09-26 13:19:53.015948503+00:00,2012-09-26 13:19:53.015948503+00:00,1038,Value 5
213,3,Assign seriousness,2012-09-26 13:38:29.735335799+00:00,2012-09-26 13:38:29.735335799+00:00,1039,Value 16
213,18,Take in charge ticket,2012-09-26 13:38:29.735335799+00:00,2012-09-26 13:38:29.735335799+00:00,1040,Value 4
213,18,Resolve ticket,2012-09-26 13:38:29.735335799+00:00,2012-09-26 13:38:29.735335799+00:00,1041,Value 4
213,5,Closed,2012-09-26 13:38:29.735335799+00:00,2012-09-26 13:38:29.735335799+00:00,1042,Value 5
214,3,Assign seriousness,2012-09-26 15:03:40.656208578+00:00,2012-09-26 15:03:40.656208578+00:00,1043,Value 16
214,3,Take in charge ticket,2012-09-26 15:03:40.656208578+00:00,2012-09-26 15:03:40.656208578+00:00,1044,Value 16
214,3,Resolve ticket,2012-09-26 15:03:40.656208578+00:00,2012-09-26 15:03:40.656208578+00:00,1045,Value 16
214,5,Closed,2012-09-26 15:03:40.656208578+00:00,2012-09-26 15:03:40.656208578+00:00,1046,Value 5
215,4,Assign seriousness,2012-09-27 04:02:16+00:00,2012-09-27 04:02:16+00:00,1047,Value 21
215,4,Take in charge ticket,2012-09-27 04:02:16+00:00,2012-09-27 04:02:16+00:00,1048,Value 21
215,4,Resolve ticket,2012-09-27 04:02:16+00:00,2012-09-27 04:02:16+00:00,1049,Value 21
215,4,Closed,2012-09-27 04:02:16+00:00,2012-09-27 04:02:16+00:00,1050,Value 21
216,4,Assign seriousness,2012-09-27 09:39:34.173685739+00:00,2012-09-27 09:39:34.173685739+00:00,1051,Value 21
216,4,Take in charge ticket,2012-09-27 09:39:34.173685739+00:00,2012-09-27 09:39:34.173685739+00:00,1052,Value 21
216,4,Resolve ticket,2012-09-27 09:39:34.173685739+00:00,2012-09-27 09:39:34.173685739+00:00,1053,Value 21
216,4,Closed,2012-09-27 09:39:34.173685739+00:00,2012-09-27 09:39:34.173685739+00:00,1054,Value 21
217,4,Assign seriousness,2012-09-27 12:15:44.021881484+00:00,2012-09-27 12:15:44.021881484+00:00,1055,Value 21
217,4,Take in charge ticket,2012-09-27 12:15:44.021881484+00:00,2012-09-27 12:15:44.021881484+00:00,1056,Value 21
217,4,Resolve ticket,2012-09-27 12:15:44.021881484+00:00,2012-09-27 12:15:44.021881484+00:00,1057,Value 21
217,5,Closed,2012-09-27 12:15:44.021881484+00:00,2012-09-27 12:15:44.021881484+00:00,1058,Value 5
218,7,Insert ticket,2012-09-27 12:49:35.688672879+00:00,2012-09-27 12:49:35.688672879+00:00,1059,Value 12
218,6,Assign seriousness,2012-09-27 12:49:35.688672879+00:00,2012-09-27 12:49:35.688672879+00:00,1060,Value 10
218,6,Assign seriousness,2012-09-27 12:49:35.688672879+00:00,2012-09-27 12:49:35.688672879+00:00,1061,Value 10
218,11,Take in charge ticket,2012-09-27 12:49:35.688672879+00:00,2012-09-27 12:49:35.688672879+00:00,1062,Value 9
218,11,Resolve ticket,2012-09-27 12:49:35.688672879+00:00,2012-09-27 12:49:35.688672879+00:00,1063,Value 9
218,5,Closed,2012-09-27 12:49:35.688672879+00:00,2012-09-27 12:49:35.688672879+00:00,1064,Value 5
219,4,Assign seriousness,2012-09-27 14:06:56.049176050+00:00,2012-09-27 14:06:56.049176050+00:00,1065,Value 21
219,4,Take in charge ticket,2012-09-27 14:06:56.049176050+00:00,2012-09-27 14:06:56.049176050+00:00,1066,Value 21
219,4,Resolve ticket,2012-09-27 14:06:56.049176050+00:00,2012-09-27 14:06:56.049176050+00:00,1067,Value 21
219,4,Closed,2012-09-27 14:06:56.049176050+00:00,2012-09-27 14:06:56.049176050+00:00,1068,Value 21
220,4,Assign seriousness,2012-09-27 14:21:16.349629644+00:00,2012-09-27 14:21:16.349629644+00:00,1069,Value 21
220,4,Take in charge ticket,2012-09-27 14:21:16.349629644+00:00,2012-09-27 14:21:16.349629644+00:00,1070,Value 21
220,4,Resolve ticket,2012-09-27 14:21:16.349629644+00:00,2012-09-27 14:21:16.349629644+00:00,1071,Value 21
220,5,Closed,2012-09-27 14:21:16.349629644+00:00,2012-09-27 14:21:16.349629644+00:00,1072,Value 5
221,4,Assign seriousness,2012-09-28 04:00:00+00:00,2012-09-28 04:00:00+00:00,1074,Value 21
221,4,Take in charge ticket,2012-09-28 04:00:00+00:00,2012-09-28 04:00:00+00:00,1075,Value 21
221,4,Resolve ticket,2012-09-28 04:00:00+00:00,2012-09-28 04:00:00+00:00,1076,Value 21
221,5,Closed,2012-09-28 04:00:00+00:00,2012-09-28 04:00:00+00:00,1077,Value 5
222,4,Assign seriousness,2012-09-28 04:25:03.738208659+00:00,2012-09-28 04:25:03.738208659+00:00,1078,Value 21
222,4,Take in charge ticket,2012-09-28 04:25:03.738208659+00:00,2012-09-28 04:25:03.738208659+00:00,1079,Value 21
222,4,Resolve ticket,2012-09-28 04:25:03.738208659+00:00,2012-09-28 04:25:03.738208659+00:00,1080,Value 21
222,5,Closed,2012-09-28 04:25:03.738208659+00:00,2012-09-28 04:25:03.738208659+00:00,1081,Value 5
223,4,Assign seriousness,2012-09-28 05:29:04.174343541+00:00,2012-09-28 05:29:04.174343541+00:00,1082,Value 21
223,4,Take in charge ticket,2012-09-28 05:29:04.174343541+00:00,2012-09-28 05:29:04.174343541+00:00,1083,Value 21
223,4,Resolve ticket,2012-09-28 05:29:04.174343541+00:00,2012-09-28 05:29:04.174343541+00:00,1084,Value 21
223,4,Closed,2012-09-28 05:29:04.174343541+00:00,2012-09-28 05:29:04.174343541+00:00,1085,Value 21
224,4,Assign seriousness,2012-09-28 06:37:57.918939789+00:00,2012-09-28 06:37:57.918939789+00:00,1086,Value 21
224,4,Take in charge ticket,2012-09-28 06:37:57.918939789+00:00,2012-09-28 06:37:57.918939789+00:00,1087,Value 21
224,4,Resolve ticket,2012-09-28 06:37:57.918939789+00:00,2012-09-28 06:37:57.918939789+00:00,1088,Value 21
224,5,Closed,2012-09-28 06:37:57.918939789+00:00,2012-09-28 06:37:57.918939789+00:00,1089,Value 5
225,4,Assign seriousness,2012-09-28 06:44:53.761715905+00:00,2012-09-28 06:44:53.761715905+00:00,1090,Value 21
225,4,Take in charge ticket,2012-09-28 06:44:53.761715905+00:00,2012-09-28 06:44:53.761715905+00:00,1091,Value 21
225,4,Resolve ticket,2012-09-28 06:44:53.761715905+00:00,2012-09-28 06:44:53.761715905+00:00,1092,Value 21
225,5,Closed,2012-09-28 06:44:53.761715905+00:00,2012-09-28 06:44:53.761715905+00:00,1093,Value 5
226,4,Assign seriousness,2012-09-28 08:51:03.860678670+00:00,2012-09-28 08:51:03.860678670+00:00,1094,Value 21
226,4,Take in charge ticket,2012-09-28 08:51:03.860678670+00:00,2012-09-28 08:51:03.860678670+00:00,1095,Value 21
226,7,Resolve ticket,2012-09-28 08:51:03.860678670+00:00,2012-09-28 08:51:03.860678670+00:00,1096,Value 12
226,5,Closed,2012-09-28 08:51:03.860678670+00:00,2012-09-28 08:51:03.860678670+00:00,1097,Value 5
227,4,Assign seriousness,2012-09-28 10:15:43.065087256+00:00,2012-09-28 10:15:43.065087256+00:00,1098,Value 21
227,4,Take in charge ticket,2012-09-28 10:15:43.065087256+00:00,2012-09-28 10:15:43.065087256+00:00,1099,Value 21
227,4,Resolve ticket,2012-09-28 10:15:43.065087256+00:00,2012-09-28 10:15:43.065087256+00:00,1100,Value 21
227,5,Closed,2012-09-28 10:15:43.065087256+00:00,2012-09-28 10:15:43.065087256+00:00,1101,Value 5
228,4,Assign seriousness,2012-09-28 11:35:12.942123111+00:00,2012-09-28 11:35:12.942123111+00:00,1102,Value 21
228,4,Take in charge ticket,2012-09-28 11:35:12.942123111+00:00,2012-09-28 11:35:12.942123111+00:00,1103,Value 21
228,7,Resolve ticket,2012-09-28 11:35:12.942123111+00:00,2012-09-28 11:35:12.942123111+00:00,1104,Value 12
228,5,Closed,2012-09-28 11:35:12.942123111+00:00,2012-09-28 11:35:12.942123111+00:00,1105,Value 5
229,4,Assign seriousness,2012-09-28 13:15:18.735411626+00:00,2012-09-28 13:15:18.735411626+00:00,1106,Value 21
229,4,Take in charge ticket,2012-09-28 13:15:18.735411626+00:00,2012-09-28 13:15:18.735411626+00:00,1107,Value 21
229,4,Resolve ticket,2012-09-28 13:15:18.735411626+00:00,2012-09-28 13:15:18.735411626+00:00,1108,Value 21
229,4,Closed,2012-09-28 13:15:18.735411626+00:00,2012-09-28 13:15:18.735411626+00:00,1109,Value 21
230,4,Assign seriousness,2012-09-28 13:27:08.933614558+00:00,2012-09-28 13:27:08.933614558+00:00,1110,Value 21
230,4,Take in charge ticket,2012-09-28 13:27:08.933614558+00:00,2012-09-28 13:27:08.933614558+00:00,1111,Value 21
230,4,Resolve ticket,2012-09-28 13:27:08.933614558+00:00,2012-09-28 13:27:08.933614558+00:00,1112,Value 21
230,5,Closed,2012-09-28 13:27:08.933614558+00:00,2012-09-28 13:27:08.933614558+00:00,1113,Value 5
231,4,Assign seriousness,2012-09-28 13:46:55.253806322+00:00,2012-09-28 13:46:55.253806322+00:00,1114,Value 21
231,4,Take in charge ticket,2012-09-28 13:46:55.253806322+00:00,2012-09-28 13:46:55.253806322+00:00,1115,Value 21
231,4,Resolve ticket,2012-09-28 13:46:55.253806322+00:00,2012-09-28 13:46:55.253806322+00:00,1116,Value 21
231,5,Closed,2012-09-28 13:46:55.253806322+00:00,2012-09-28 13:46:55.253806322+00:00,1117,Value 5
232,4,Assign seriousness,2012-09-28 13:59:36.390567964+00:00,2012-09-28 13:59:36.390567964+00:00,1118,Value 21
232,4,Take in charge ticket,2012-09-28 13:59:36.390567964+00:00,2012-09-28 13:59:36.390567964+00:00,1119,Value 21
232,4,Resolve ticket,2012-09-28 13:59:36.390567964+00:00,2012-09-28 13:59:36.390567964+00:00,1120,Value 21
232,5,Closed,2012-09-28 13:59:36.390567964+00:00,2012-09-28 13:59:36.390567964+00:00,1121,Value 5
233,5,Take in charge ticket,2012-09-29 13:17:27+00:00,2012-09-29 13:17:27+00:00,1122,Value 5
233,5,Wait,2012-09-29 13:17:27+00:00,2012-09-29 13:17:27+00:00,1123,Value 5
233,5,Take in charge ticket,2012-09-29 13:17:27+00:00,2012-09-29 13:17:27+00:00,1124,Value 5
233,5,Wait,2012-09-29 13:17:27+00:00,2012-09-29 13:17:27+00:00,1125,Value 5
233,5,Take in charge ticket,2012-09-29 13:17:27+00:00,2012-09-29 13:17:27+00:00,1126,Value 5
233,5,Wait,2012-09-29 13:17:27+00:00,2012-09-29 13:17:27+00:00,1127,Value 5
233,12,Take in charge ticket,2012-10-01 03:00:00+00:00,2012-10-01 03:00:00+00:00,1128,Value 7
233,12,Resolve ticket,2012-10-01 03:00:00+00:00,2012-10-01 03:00:00+00:00,1129,Value 7
234,4,Assign seriousness,2012-10-01 04:00:49+00:00,2012-10-01 04:00:49+00:00,1131,Value 21
233,5,Closed,2012-10-01 06:00:00+00:00,2012-10-01 06:00:00+00:00,1132,Value 5
234,4,Take in charge ticket,2012-10-01 04:00:49+00:00,2012-10-01 04:00:49+00:00,1133,Value 21
234,4,Resolve ticket,2012-10-01 04:00:49+00:00,2012-10-01 04:00:49+00:00,1134,Value 21
234,5,Closed,2012-10-01 06:00:00+00:00,2012-10-01 06:00:00+00:00,1135,Value 5
235,4,Assign seriousness,2012-10-01 06:02:56.762196816+00:00,2012-10-01 06:02:56.762196816+00:00,1136,Value 21
235,4,Take in charge ticket,2012-10-01 06:02:56.762196816+00:00,2012-10-01 06:02:56.762196816+00:00,1137,Value 21
235,4,Resolve ticket,2012-10-01 06:02:56.762196816+00:00,2012-10-01 06:02:56.762196816+00:00,1138,Value 21
235,4,Closed,2012-10-01 06:02:56.762196816+00:00,2012-10-01 06:02:56.762196816+00:00,1139,Value 21
236,4,Assign seriousness,2012-10-01 07:00:45.091209244+00:00,2012-10-01 07:00:45.091209244+00:00,1140,Value 21
236,4,Take in charge ticket,2012-10-01 07:00:45.091209244+00:00,2012-10-01 07:00:45.091209244+00:00,1141,Value 21
236,4,Resolve ticket,2012-10-01 07:00:45.091209244+00:00,2012-10-01 07:00:45.091209244+00:00,1142,Value 21
236,4,Closed,2012-10-01 07:00:45.091209244+00:00,2012-10-01 07:00:45.091209244+00:00,1143,Value 21
237,4,Assign seriousness,2012-10-01 07:10:22.639823761+00:00,2012-10-01 07:10:22.639823761+00:00,1144,Value 21
237,4,Take in charge ticket,2012-10-01 07:10:22.639823761+00:00,2012-10-01 07:10:22.639823761+00:00,1145,Value 21
237,7,Resolve ticket,2012-10-01 07:10:22.639823761+00:00,2012-10-01 07:10:22.639823761+00:00,1146,Value 12
237,5,Closed,2012-10-01 07:10:22.639823761+00:00,2012-10-01 07:10:22.639823761+00:00,1147,Value 5
238,4,Assign seriousness,2012-10-01 07:23:33.828785773+00:00,2012-10-01 07:23:33.828785773+00:00,1148,Value 21
238,4,Take in charge ticket,2012-10-01 07:23:33.828785773+00:00,2012-10-01 07:23:33.828785773+00:00,1149,Value 21
238,4,Resolve ticket,2012-10-01 07:23:33.828785773+00:00,2012-10-01 07:23:33.828785773+00:00,1150,Value 21
238,5,Closed,2012-10-01 07:23:33.828785773+00:00,2012-10-01 07:23:33.828785773+00:00,1151,Value 5
239,4,Assign seriousness,2012-10-01 08:30:06.955638815+00:00,2012-10-01 08:30:06.955638815+00:00,1152,Value 21
239,4,Take in charge ticket,2012-10-01 08:30:06.955638815+00:00,2012-10-01 08:30:06.955638815+00:00,1153,Value 21
239,4,Resolve ticket,2012-10-01 08:30:06.955638815+00:00,2012-10-01 08:30:06.955638815+00:00,1154,Value 21
239,4,Closed,2012-10-01 08:30:06.955638815+00:00,2012-10-01 08:30:06.955638815+00:00,1155,Value 21
240,4,Assign seriousness,2012-10-01 08:46:33.184614467+00:00,2012-10-01 08:46:33.184614467+00:00,1156,Value 21
240,4,Take in charge ticket,2012-10-01 08:46:33.184614467+00:00,2012-10-01 08:46:33.184614467+00:00,1157,Value 21
240,4,Resolve ticket,2012-10-01 08:46:33.184614467+00:00,2012-10-01 08:46:33.184614467+00:00,1158,Value 21
240,4,Closed,2012-10-01 08:46:33.184614467+00:00,2012-10-01 08:46:33.184614467+00:00,1159,Value 21
241,4,Assign seriousness,2012-10-01 10:12:05.545565871+00:00,2012-10-01 10:12:05.545565871+00:00,1160,Value 21
241,4,Take in charge ticket,2012-10-01 10:12:05.545565871+00:00,2012-10-01 10:12:05.545565871+00:00,1161,Value 21
241,4,Resolve ticket,2012-10-01 10:12:05.545565871+00:00,2012-10-01 10:12:05.545565871+00:00,1162,Value 21
241,5,Closed,2012-10-01 10:12:05.545565871+00:00,2012-10-01 10:12:05.545565871+00:00,1163,Value 5
242,4,Assign seriousness,2012-10-01 11:59:48.098923247+00:00,2012-10-01 11:59:48.098923247+00:00,1164,Value 21
242,4,Take in charge ticket,2012-10-01 11:59:48.098923247+00:00,2012-10-01 11:59:48.098923247+00:00,1165,Value 21
242,4,Resolve ticket,2012-10-01 11:59:48.098923247+00:00,2012-10-01 11:59:48.098923247+00:00,1166,Value 21
242,5,Closed,2012-10-01 11:59:48.098923247+00:00,2012-10-01 11:59:48.098923247+00:00,1167,Value 5
243,4,Assign seriousness,2012-10-01 12:58:12.382083922+00:00,2012-10-01 12:58:12.382083922+00:00,1168,Value 21
243,4,Take in charge ticket,2012-10-01 12:58:12.382083922+00:00,2012-10-01 12:58:12.382083922+00:00,1169,Value 21
243,7,Resolve ticket,2012-10-01 12:58:12.382083922+00:00,2012-10-01 12:58:12.382083922+00:00,1170,Value 12
243,5,Closed,2012-10-01 12:58:12.382083922+00:00,2012-10-01 12:58:12.382083922+00:00,1171,Value 5
244,4,Assign seriousness,2012-10-01 12:58:38.706482211+00:00,2012-10-01 12:58:38.706482211+00:00,1172,Value 21
244,4,Take in charge ticket,2012-10-01 12:58:38.706482211+00:00,2012-10-01 12:58:38.706482211+00:00,1173,Value 21
244,4,Resolve ticket,2012-10-01 12:58:38.706482211+00:00,2012-10-01 12:58:38.706482211+00:00,1174,Value 21
244,5,Closed,2012-10-01 12:58:38.706482211+00:00,2012-10-01 12:58:38.706482211+00:00,1175,Value 5
245,4,Assign seriousness,2012-10-01 13:17:19.031334121+00:00,2012-10-01 13:17:19.031334121+00:00,1176,Value 21
245,4,Take in charge ticket,2012-10-01 13:17:19.031334121+00:00,2012-10-01 13:17:19.031334121+00:00,1177,Value 21
245,4,Resolve ticket,2012-10-01 13:17:19.031334121+00:00,2012-10-01 13:17:19.031334121+00:00,1178,Value 21
245,5,Closed,2012-10-01 13:17:19.031334121+00:00,2012-10-01 13:17:19.031334121+00:00,1179,Value 5
246,4,Assign seriousness,2012-10-01 14:02:16.141401126+00:00,2012-10-01 14:02:16.141401126+00:00,1180,Value 21
246,4,Take in charge ticket,2012-10-01 14:02:16.141401126+00:00,2012-10-01 14:02:16.141401126+00:00,1181,Value 21
246,4,Resolve ticket,2012-10-01 14:02:16.141401126+00:00,2012-10-01 14:02:16.141401126+00:00,1182,Value 21
246,5,Closed,2012-10-01 14:02:16.141401126+00:00,2012-10-01 14:02:16.141401126+00:00,1183,Value 5
247,4,Assign seriousness,2012-10-01 14:14:26.136966706+00:00,2012-10-01 14:14:26.136966706+00:00,1184,Value 21
247,4,Take in charge ticket,2012-10-01 14:14:26.136966706+00:00,2012-10-01 14:14:26.136966706+00:00,1185,Value 21
247,4,Resolve ticket,2012-10-01 14:14:26.136966706+00:00,2012-10-01 14:14:26.136966706+00:00,1186,Value 21
247,4,Closed,2012-10-01 14:14:26.136966706+00:00,2012-10-01 14:14:26.136966706+00:00,1187,Value 21
248,4,Assign seriousness,2012-10-01 14:14:47.290382420+00:00,2012-10-01 14:14:47.290382420+00:00,1188,Value 21
248,4,Take in charge ticket,2012-10-01 14:14:47.290382420+00:00,2012-10-01 14:14:47.290382420+00:00,1189,Value 21
248,4,Resolve ticket,2012-10-01 14:14:47.290382420+00:00,2012-10-01 14:14:47.290382420+00:00,1190,Value 21
248,5,Closed,2012-10-01 14:14:47.290382420+00:00,2012-10-01 14:14:47.290382420+00:00,1191,Value 5
249,4,Assign seriousness,2012-10-01 14:23:28.155559141+00:00,2012-10-01 14:23:28.155559141+00:00,1192,Value 21
249,4,Take in charge ticket,2012-10-01 14:23:28.155559141+00:00,2012-10-01 14:23:28.155559141+00:00,1193,Value 21
249,7,Resolve ticket,2012-10-01 14:23:28.155559141+00:00,2012-10-01 14:23:28.155559141+00:00,1194,Value 12
249,5,Closed,2012-10-01 14:23:28.155559141+00:00,2012-10-01 14:23:28.155559141+00:00,1195,Value 5
250,4,Assign seriousness,2012-10-01 14:58:02.716352065+00:00,2012-10-01 14:58:02.716352065+00:00,1196,Value 21
250,4,Take in charge ticket,2012-10-01 14:58:02.716352065+00:00,2012-10-01 14:58:02.716352065+00:00,1197,Value 21
250,4,Resolve ticket,2012-10-01 14:58:02.716352065+00:00,2012-10-01 14:58:02.716352065+00:00,1198,Value 21
250,5,Closed,2012-10-01 14:58:02.716352065+00:00,2012-10-01 14:58:02.716352065+00:00,1199,Value 5
251,4,Assign seriousness,2012-10-01 14:58:15.244251085+00:00,2012-10-01 14:58:15.244251085+00:00,1200,Value 21
251,4,Take in charge ticket,2012-10-01 14:58:15.244251085+00:00,2012-10-01 14:58:15.244251085+00:00,1201,Value 21
251,4,Resolve ticket,2012-10-01 14:58:15.244251085+00:00,2012-10-01 14:58:15.244251085+00:00,1202,Value 21
251,4,Closed,2012-10-01 14:58:15.244251085+00:00,2012-10-01 14:58:15.244251085+00:00,1203,Value 21
252,4,Assign seriousness,2012-10-02 04:00:00+00:00,2012-10-02 04:00:00+00:00,1205,Value 21
252,4,Take in charge ticket,2012-10-02 04:00:00+00:00,2012-10-02 04:00:00+00:00,1206,Value 21
252,4,Resolve ticket,2012-10-02 04:00:00+00:00,2012-10-02 04:00:00+00:00,1207,Value 21
252,4,Closed,2012-10-02 04:00:00+00:00,2012-10-02 04:00:00+00:00,1208,Value 21
253,4,Assign seriousness,2012-10-02 04:09:11.039859638+00:00,2012-10-02 04:09:11.039859638+00:00,1209,Value 21
253,4,Take in charge ticket,2012-10-02 04:09:11.039859638+00:00,2012-10-02 04:09:11.039859638+00:00,1210,Value 21
253,4,Resolve ticket,2012-10-02 04:09:11.039859638+00:00,2012-10-02 04:09:11.039859638+00:00,1211,Value 21
253,4,Closed,2012-10-02 04:09:11.039859638+00:00,2012-10-02 04:09:11.039859638+00:00,1212,Value 21
254,4,Assign seriousness,2012-10-02 04:20:23.109160892+00:00,2012-10-02 04:20:23.109160892+00:00,1213,Value 21
254,4,Take in charge ticket,2012-10-02 04:20:23.109160892+00:00,2012-10-02 04:20:23.109160892+00:00,1214,Value 21
254,4,Resolve ticket,2012-10-02 04:20:23.109160892+00:00,2012-10-02 04:20:23.109160892+00:00,1215,Value 21
254,4,Closed,2012-10-02 04:20:23.109160892+00:00,2012-10-02 04:20:23.109160892+00:00,1216,Value 21
255,4,Assign seriousness,2012-10-02 05:06:36.235168525+00:00,2012-10-02 05:06:36.235168525+00:00,1217,Value 21
255,4,Take in charge ticket,2012-10-02 05:06:36.235168525+00:00,2012-10-02 05:06:36.235168525+00:00,1218,Value 21
255,4,Resolve ticket,2012-10-02 05:06:36.235168525+00:00,2012-10-02 05:06:36.235168525+00:00,1219,Value 21
255,5,Closed,2012-10-02 05:06:36.235168525+00:00,2012-10-02 05:06:36.235168525+00:00,1220,Value 5
256,4,Assign seriousness,2012-10-02 06:41:15.234778806+00:00,2012-10-02 06:41:15.234778806+00:00,1221,Value 21
256,4,Take in charge ticket,2012-10-02 06:41:15.234778806+00:00,2012-10-02 06:41:15.234778806+00:00,1222,Value 21
256,7,Resolve ticket,2012-10-02 06:41:15.234778806+00:00,2012-10-02 06:41:15.234778806+00:00,1223,Value 12
256,5,Closed,2012-10-02 06:41:15.234778806+00:00,2012-10-02 06:41:15.234778806+00:00,1224,Value 5
257,4,Assign seriousness,2012-10-02 08:12:00.492280588+00:00,2012-10-02 08:12:00.492280588+00:00,1225,Value 21
257,4,Take in charge ticket,2012-10-02 08:12:00.492280588+00:00,2012-10-02 08:12:00.492280588+00:00,1226,Value 21
257,7,Resolve ticket,2012-10-02 08:12:00.492280588+00:00,2012-10-02 08:12:00.492280588+00:00,1227,Value 12
257,5,Closed,2012-10-02 08:12:00.492280588+00:00,2012-10-02 08:12:00.492280588+00:00,1228,Value 5
258,4,Assign seriousness,2012-10-02 09:18:50.260979760+00:00,2012-10-02 09:18:50.260979760+00:00,1229,Value 21
258,4,Take in charge ticket,2012-10-02 09:18:50.260979760+00:00,2012-10-02 09:18:50.260979760+00:00,1230,Value 21
258,4,Resolve ticket,2012-10-02 09:18:50.260979760+00:00,2012-10-02 09:18:50.260979760+00:00,1231,Value 21
258,5,Closed,2012-10-02 09:18:50.260979760+00:00,2012-10-02 09:18:50.260979760+00:00,1232,Value 5
259,4,Assign seriousness,2012-10-02 09:19:14.009065040+00:00,2012-10-02 09:19:14.009065040+00:00,1233,Value 21
259,4,Take in charge ticket,2012-10-02 09:19:14.009065040+00:00,2012-10-02 09:19:14.009065040+00:00,1234,Value 21
259,4,Resolve ticket,2012-10-02 09:19:14.009065040+00:00,2012-10-02 09:19:14.009065040+00:00,1235,Value 21
259,5,Closed,2012-10-02 09:19:14.009065040+00:00,2012-10-02 09:19:14.009065040+00:00,1236,Value 5
260,4,Assign seriousness,2012-10-02 09:48:29.228572333+00:00,2012-10-02 09:48:29.228572333+00:00,1237,Value 21
260,4,Take in charge ticket,2012-10-02 09:48:29.228572333+00:00,2012-10-02 09:48:29.228572333+00:00,1238,Value 21
260,4,Resolve ticket,2012-10-02 09:48:29.228572333+00:00,2012-10-02 09:48:29.228572333+00:00,1239,Value 21
260,4,Closed,2012-10-02 09:48:29.228572333+00:00,2012-10-02 09:48:29.228572333+00:00,1240,Value 21
261,4,Assign seriousness,2012-10-02 10:20:52.915859651+00:00,2012-10-02 10:20:52.915859651+00:00,1241,Value 21
261,4,Take in charge ticket,2012-10-02 10:20:52.915859651+00:00,2012-10-02 10:20:52.915859651+00:00,1242,Value 21
261,4,Resolve ticket,2012-10-02 10:20:52.915859651+00:00,2012-10-02 10:20:52.915859651+00:00,1243,Value 21
261,4,Closed,2012-10-02 10:20:52.915859651+00:00,2012-10-02 10:20:52.915859651+00:00,1244,Value 21
262,4,Assign seriousness,2012-10-02 12:16:44.356199026+00:00,2012-10-02 12:16:44.356199026+00:00,1245,Value 21
262,4,Take in charge ticket,2012-10-02 12:16:44.356199026+00:00,2012-10-02 12:16:44.356199026+00:00,1246,Value 21
262,4,Resolve ticket,2012-10-02 12:16:44.356199026+00:00,2012-10-02 12:16:44.356199026+00:00,1247,Value 21
262,5,Closed,2012-10-02 12:16:44.356199026+00:00,2012-10-02 12:16:44.356199026+00:00,1248,Value 5
263,4,Assign seriousness,2012-10-02 13:01:50.388822918+00:00,2012-10-02 13:01:50.388822918+00:00,1249,Value 21
263,4,Take in charge ticket,2012-10-02 13:01:50.388822918+00:00,2012-10-02 13:01:50.388822918+00:00,1250,Value 21
263,4,Resolve ticket,2012-10-02 13:01:50.388822918+00:00,2012-10-02 13:01:50.388822918+00:00,1251,Value 21
263,4,Closed,2012-10-02 13:01:50.388822918+00:00,2012-10-02 13:01:50.388822918+00:00,1252,Value 21
264,4,Assign seriousness,2012-10-02 14:04:47.067616686+00:00,2012-10-02 14:04:47.067616686+00:00,1253,Value 21
264,4,Take in charge ticket,2012-10-02 14:04:47.067616686+00:00,2012-10-02 14:04:47.067616686+00:00,1254,Value 21
264,4,Resolve ticket,2012-10-02 14:04:47.067616686+00:00,2012-10-02 14:04:47.067616686+00:00,1255,Value 21
264,5,Closed,2012-10-02 14:04:47.067616686+00:00,2012-10-02 14:04:47.067616686+00:00,1256,Value 5
265,4,Assign seriousness,2012-10-03 04:01:43+00:00,2012-10-03 04:01:43+00:00,1257,Value 21
265,4,Take in charge ticket,2012-10-03 04:01:43+00:00,2012-10-03 04:01:43+00:00,1258,Value 21
265,4,Resolve ticket,2012-10-03 04:01:43+00:00,2012-10-03 04:01:43+00:00,1259,Value 21
265,4,Closed,2012-10-03 04:01:43+00:00,2012-10-03 04:01:43+00:00,1260,Value 21
266,4,Assign seriousness,2012-10-03 08:34:37.287618862+00:00,2012-10-03 08:34:37.287618862+00:00,1261,Value 21
266,4,Take in charge ticket,2012-10-03 08:34:37.287618862+00:00,2012-10-03 08:34:37.287618862+00:00,1262,Value 21
266,4,Resolve ticket,2012-10-03 08:34:37.287618862+00:00,2012-10-03 08:34:37.287618862+00:00,1263,Value 21
266,5,Closed,2012-10-03 08:34:37.287618862+00:00,2012-10-03 08:34:37.287618862+00:00,1264,Value 5
267,4,Assign seriousness,2012-10-03 08:40:59.127904759+00:00,2012-10-03 08:40:59.127904759+00:00,1265,Value 21
267,4,Take in charge ticket,2012-10-03 08:40:59.127904759+00:00,2012-10-03 08:40:59.127904759+00:00,1266,Value 21
267,4,Resolve ticket,2012-10-03 08:40:59.127904759+00:00,2012-10-03 08:40:59.127904759+00:00,1267,Value 21
267,5,Closed,2012-10-03 08:40:59.127904759+00:00,2012-10-03 08:40:59.127904759+00:00,1268,Value 5
268,4,Assign seriousness,2012-10-03 13:39:31.446848587+00:00,2012-10-03 13:39:31.446848587+00:00,1269,Value 21
268,4,Take in charge ticket,2012-10-03 13:39:31.446848587+00:00,2012-10-03 13:39:31.446848587+00:00,1270,Value 21
268,4,Resolve ticket,2012-10-03 13:39:31.446848587+00:00,2012-10-03 13:39:31.446848587+00:00,1271,Value 21
268,4,Closed,2012-10-03 13:39:31.446848587+00:00,2012-10-03 13:39:31.446848587+00:00,1272,Value 21
269,4,Assign seriousness,2012-10-03 14:37:28.086671990+00:00,2012-10-03 14:37:28.086671990+00:00,1273,Value 21
269,4,Take in charge ticket,2012-10-03 14:37:28.086671990+00:00,2012-10-03 14:37:28.086671990+00:00,1274,Value 21
269,4,Resolve ticket,2012-10-03 14:37:28.086671990+00:00,2012-10-03 14:37:28.086671990+00:00,1275,Value 21
269,5,Closed,2012-10-03 14:37:28.086671990+00:00,2012-10-03 14:37:28.086671990+00:00,1276,Value 5
270,4,Assign seriousness,2012-10-03 15:06:45.539348463+00:00,2012-10-03 15:06:45.539348463+00:00,1277,Value 21
270,4,Take in charge ticket,2012-10-03 15:06:45.539348463+00:00,2012-10-03 15:06:45.539348463+00:00,1278,Value 21
270,4,Resolve ticket,2012-10-03 15:06:45.539348463+00:00,2012-10-03 15:06:45.539348463+00:00,1279,Value 21
270,4,Closed,2012-10-03 15:06:45.539348463+00:00,2012-10-03 15:06:45.539348463+00:00,1280,Value 21
271,6,Assign seriousness,2012-10-04 04:02:16+00:00,2012-10-04 04:02:16+00:00,1281,Value 10
271,12,Take in charge ticket,2012-10-04 04:02:16+00:00,2012-10-04 04:02:16+00:00,1282,Value 7
271,12,Wait,2012-10-04 04:02:16+00:00,2012-10-04 04:02:16+00:00,1283,Value 7
271,0,Resolve ticket,2012-10-04 04:02:16+00:00,2012-10-04 04:02:16+00:00,1284,Value 2
271,5,Closed,2012-10-04 04:02:16+00:00,2012-10-04 04:02:16+00:00,1285,Value 5
272,6,Assign seriousness,2012-10-04 04:15:58.952838971+00:00,2012-10-04 04:15:58.952838971+00:00,1286,Value 10
272,1,Take in charge ticket,2012-10-04 04:15:58.952838971+00:00,2012-10-04 04:15:58.952838971+00:00,1287,Value 15
272,1,Resolve ticket,2012-10-04 04:15:58.952838971+00:00,2012-10-04 04:15:58.952838971+00:00,1288,Value 15
272,5,Closed,2012-10-04 04:15:58.952838971+00:00,2012-10-04 04:15:58.952838971+00:00,1289,Value 5
273,6,Assign seriousness,2012-10-04 04:40:16.125498212+00:00,2012-10-04 04:40:16.125498212+00:00,1290,Value 10
273,12,Take in charge ticket,2012-10-04 04:40:16.125498212+00:00,2012-10-04 04:40:16.125498212+00:00,1291,Value 7
273,12,Resolve ticket,2012-10-04 04:40:16.125498212+00:00,2012-10-04 04:40:16.125498212+00:00,1292,Value 7
273,5,Closed,2012-10-04 04:40:16.125498212+00:00,2012-10-04 04:40:16.125498212+00:00,1293,Value 5
274,6,Assign seriousness,2012-10-04 05:26:10.794500108+00:00,2012-10-04 05:26:10.794500108+00:00,1294,Value 10
274,11,Take in charge ticket,2012-10-04 05:26:10.794500108+00:00,2012-10-04 05:26:10.794500108+00:00,1295,Value 9
274,11,Resolve ticket,2012-10-04 05:26:10.794500108+00:00,2012-10-04 05:26:10.794500108+00:00,1296,Value 9
274,5,Closed,2012-10-04 05:26:10.794500108+00:00,2012-10-04 05:26:10.794500108+00:00,1297,Value 5
275,6,Assign seriousness,2012-10-04 08:13:33.786122063+00:00,2012-10-04 08:13:33.786122063+00:00,1298,Value 10
275,12,Take in charge ticket,2012-10-04 08:13:33.786122063+00:00,2012-10-04 08:13:33.786122063+00:00,1299,Value 7
275,12,Resolve ticket,2012-10-04 08:13:33.786122063+00:00,2012-10-04 08:13:33.786122063+00:00,1300,Value 7
275,5,Closed,2012-10-04 08:13:33.786122063+00:00,2012-10-04 08:13:33.786122063+00:00,1301,Value 5
276,6,Assign seriousness,2012-10-04 08:13:45.420463260+00:00,2012-10-04 08:13:45.420463260+00:00,1302,Value 10
276,9,Take in charge ticket,2012-10-04 08:13:45.420463260+00:00,2012-10-04 08:13:45.420463260+00:00,1303,Value 14
276,9,Resolve ticket,2012-10-04 08:13:45.420463260+00:00,2012-10-04 08:13:45.420463260+00:00,1304,Value 14
276,5,Closed,2012-10-04 08:13:45.420463260+00:00,2012-10-04 08:13:45.420463260+00:00,1305,Value 5
277,6,Assign seriousness,2012-10-04 10:08:32.081523789+00:00,2012-10-04 10:08:32.081523789+00:00,1306,Value 10
277,11,Take in charge ticket,2012-10-04 10:08:32.081523789+00:00,2012-10-04 10:08:32.081523789+00:00,1307,Value 9
277,11,Wait,2012-10-04 10:08:32.081523789+00:00,2012-10-04 10:08:32.081523789+00:00,1308,Value 9
277,11,Resolve ticket,2012-10-04 10:08:32.081523789+00:00,2012-10-04 10:08:32.081523789+00:00,1309,Value 9
277,5,Closed,2012-10-04 10:08:32.081523789+00:00,2012-10-04 10:08:32.081523789+00:00,1310,Value 5
278,6,Assign seriousness,2012-10-04 11:04:53.614835431+00:00,2012-10-04 11:04:53.614835431+00:00,1311,Value 10
278,6,Take in charge ticket,2012-10-04 11:04:53.614835431+00:00,2012-10-04 11:04:53.614835431+00:00,1312,Value 10
278,6,Resolve ticket,2012-10-04 11:04:53.614835431+00:00,2012-10-04 11:04:53.614835431+00:00,1313,Value 10
278,5,Closed,2012-10-04 11:04:53.614835431+00:00,2012-10-04 11:04:53.614835431+00:00,1314,Value 5
279,6,Assign seriousness,2012-10-04 13:51:43.469769312+00:00,2012-10-04 13:51:43.469769312+00:00,1315,Value 10
279,12,Take in charge ticket,2012-10-04 13:51:43.469769312+00:00,2012-10-04 13:51:43.469769312+00:00,1316,Value 7
279,9,Resolve ticket,2012-10-04 13:51:43.469769312+00:00,2012-10-04 13:51:43.469769312+00:00,1317,Value 14
279,5,Closed,2012-10-04 13:51:43.469769312+00:00,2012-10-04 13:51:43.469769312+00:00,1318,Value 5
280,6,Assign seriousness,2012-10-04 13:59:07.496100510+00:00,2012-10-04 13:59:07.496100510+00:00,1319,Value 10
280,11,Take in charge ticket,2012-10-04 13:59:07.496100510+00:00,2012-10-04 13:59:07.496100510+00:00,1320,Value 9
280,11,Resolve ticket,2012-10-04 13:59:07.496100510+00:00,2012-10-04 13:59:07.496100510+00:00,1321,Value 9
280,5,Closed,2012-10-04 13:59:07.496100510+00:00,2012-10-04 13:59:07.496100510+00:00,1322,Value 5
281,7,Insert ticket,2012-10-05 04:00:00+00:00,2012-10-05 04:00:00+00:00,1324,Value 12
281,7,Assign seriousness,2012-10-05 04:00:00+00:00,2012-10-05 04:00:00+00:00,1325,Value 12
281,0,Take in charge ticket,2012-10-05 04:00:00+00:00,2012-10-05 04:00:00+00:00,1326,Value 2
281,0,Resolve ticket,2012-10-05 04:00:00+00:00,2012-10-05 04:00:00+00:00,1327,Value 2
281,5,Closed,2012-10-05 04:00:00+00:00,2012-10-05 04:00:00+00:00,1328,Value 5
282,6,Assign seriousness,2012-10-05 04:22:32.190910994+00:00,2012-10-05 04:22:32.190910994+00:00,1329,Value 10
282,6,Assign seriousness,2012-10-05 04:22:32.190910994+00:00,2012-10-05 04:22:32.190910994+00:00,1330,Value 10
282,11,Take in charge ticket,2012-10-05 04:22:32.190910994+00:00,2012-10-05 04:22:32.190910994+00:00,1331,Value 9
282,11,Resolve ticket,2012-10-05 04:22:32.190910994+00:00,2012-10-05 04:22:32.190910994+00:00,1332,Value 9
282,5,Closed,2012-10-05 04:22:32.190910994+00:00,2012-10-05 04:22:32.190910994+00:00,1333,Value 5
283,6,Assign seriousness,2012-10-05 04:35:31.113030419+00:00,2012-10-05 04:35:31.113030419+00:00,1334,Value 10
283,12,Take in charge ticket,2012-10-05 04:35:31.113030419+00:00,2012-10-05 04:35:31.113030419+00:00,1335,Value 7
283,12,Resolve ticket,2012-10-05 04:35:31.113030419+00:00,2012-10-05 04:35:31.113030419+00:00,1336,Value 7
283,5,Closed,2012-10-05 04:35:31.113030419+00:00,2012-10-05 04:35:31.113030419+00:00,1337,Value 5
284,6,Assign seriousness,2012-10-05 05:19:59.625152419+00:00,2012-10-05 05:19:59.625152419+00:00,1338,Value 10
284,12,Take in charge ticket,2012-10-05 05:19:59.625152419+00:00,2012-10-05 05:19:59.625152419+00:00,1339,Value 7
284,12,Wait,2012-10-05 05:19:59.625152419+00:00,2012-10-05 05:19:59.625152419+00:00,1340,Value 7
284,12,Take in charge ticket,2012-10-05 05:19:59.625152419+00:00,2012-10-05 05:19:59.625152419+00:00,1341,Value 7
284,12,Wait,2012-10-05 05:19:59.625152419+00:00,2012-10-05 05:19:59.625152419+00:00,1342,Value 7
284,12,Take in charge ticket,2012-10-05 05:19:59.625152419+00:00,2012-10-05 05:19:59.625152419+00:00,1343,Value 7
284,12,Resolve ticket,2012-10-05 05:19:59.625152419+00:00,2012-10-05 05:19:59.625152419+00:00,1344,Value 7
284,5,Closed,2012-10-05 05:19:59.625152419+00:00,2012-10-05 05:19:59.625152419+00:00,1345,Value 5
285,6,Assign seriousness,2012-10-05 08:14:45.927023018+00:00,2012-10-05 08:14:45.927023018+00:00,1346,Value 10
285,0,Assign seriousness,2012-10-05 08:14:45.927023018+00:00,2012-10-05 08:14:45.927023018+00:00,1347,Value 2
285,0,Take in charge ticket,2012-10-05 08:14:45.927023018+00:00,2012-10-05 08:14:45.927023018+00:00,1348,Value 2
285,0,Resolve ticket,2012-10-05 08:14:45.927023018+00:00,2012-10-05 08:14:45.927023018+00:00,1349,Value 2
285,5,Closed,2012-10-05 08:14:45.927023018+00:00,2012-10-05 08:14:45.927023018+00:00,1350,Value 5
286,6,Assign seriousness,2012-10-05 10:22:12.234008692+00:00,2012-10-05 10:22:12.234008692+00:00,1351,Value 10
286,12,Take in charge ticket,2012-10-05 10:22:12.234008692+00:00,2012-10-05 10:22:12.234008692+00:00,1352,Value 7
286,12,Wait,2012-10-05 10:22:12.234008692+00:00,2012-10-05 10:22:12.234008692+00:00,1353,Value 7
286,0,Resolve ticket,2012-10-05 10:22:12.234008692+00:00,2012-10-05 10:22:12.234008692+00:00,1354,Value 2
286,5,Closed,2012-10-05 10:22:12.234008692+00:00,2012-10-05 10:22:12.234008692+00:00,1355,Value 5
287,6,Assign seriousness,2012-10-05 10:31:59.360514904+00:00,2012-10-05 10:31:59.360514904+00:00,1356,Value 10
287,0,Assign seriousness,2012-10-05 10:31:59.360514904+00:00,2012-10-05 10:31:59.360514904+00:00,1357,Value 2
287,0,Resolve ticket,2012-10-05 10:31:59.360514904+00:00,2012-10-05 10:31:59.360514904+00:00,1358,Value 2
287,5,Closed,2012-10-05 10:31:59.360514904+00:00,2012-10-05 10:31:59.360514904+00:00,1359,Value 5
288,6,Assign seriousness,2012-10-05 14:37:30.890922526+00:00,2012-10-05 14:37:30.890922526+00:00,1360,Value 10
288,1,Take in charge ticket,2012-10-05 14:37:30.890922526+00:00,2012-10-05 14:37:30.890922526+00:00,1361,Value 15
288,1,Resolve ticket,2012-10-05 14:37:30.890922526+00:00,2012-10-05 14:37:30.890922526+00:00,1362,Value 15
288,5,Closed,2012-10-05 14:37:30.890922526+00:00,2012-10-05 14:37:30.890922526+00:00,1363,Value 5
289,6,Assign seriousness,2012-10-05 15:08:09.287979668+00:00,2012-10-05 15:08:09.287979668+00:00,1364,Value 10
289,0,Assign seriousness,2012-10-05 15:08:09.287979668+00:00,2012-10-05 15:08:09.287979668+00:00,1365,Value 2
289,0,Take in charge ticket,2012-10-05 15:08:09.287979668+00:00,2012-10-05 15:08:09.287979668+00:00,1366,Value 2
289,0,Resolve ticket,2012-10-05 15:08:09.287979668+00:00,2012-10-05 15:08:09.287979668+00:00,1367,Value 2
289,5,Closed,2012-10-05 15:08:09.287979668+00:00,2012-10-05 15:08:09.287979668+00:00,1368,Value 5
290,5,Assign seriousness,2012-10-06 13:17:27+00:00,2012-10-06 13:17:27+00:00,1369,Value 5
290,0,Take in charge ticket,2012-10-08 03:00:00+00:00,2012-10-08 03:00:00+00:00,1371,Value 2
290,0,Resolve ticket,2012-10-08 03:00:00+00:00,2012-10-08 03:00:00+00:00,1372,Value 2
290,5,Closed,2012-10-08 06:00:00+00:00,2012-10-08 06:00:00+00:00,1373,Value 5
291,7,Assign seriousness,2012-10-08 04:00:49+00:00,2012-10-08 04:00:49+00:00,1374,Value 12
291,13,Wait,2012-10-08 04:00:49+00:00,2012-10-08 04:00:49+00:00,1375,Value 17
291,13,Take in charge ticket,2012-10-08 04:00:49+00:00,2012-10-08 04:00:49+00:00,1376,Value 17
291,13,Resolve ticket,2012-10-08 04:00:49+00:00,2012-10-08 04:00:49+00:00,1377,Value 17
292,7,Assign seriousness,2012-10-08 04:10:01.889319190+00:00,2012-10-08 04:10:01.889319190+00:00,1379,Value 12
291,5,Closed,2012-10-08 06:00:00+00:00,2012-10-08 06:00:00+00:00,1380,Value 5
292,6,Resolve ticket,2012-10-08 04:10:01.889319190+00:00,2012-10-08 04:10:01.889319190+00:00,1381,Value 10
293,7,Assign seriousness,2012-10-08 05:21:38.702859800+00:00,2012-10-08 05:21:38.702859800+00:00,1382,Value 12
293,6,Assign seriousness,2012-10-08 05:21:38.702859800+00:00,2012-10-08 05:21:38.702859800+00:00,1384,Value 10
293,1,Take in charge ticket,2012-10-08 05:21:38.702859800+00:00,2012-10-08 05:21:38.702859800+00:00,1385,Value 15
292,5,Closed,2012-10-08 06:00:00+00:00,2012-10-08 06:00:00+00:00,1386,Value 5
293,1,Resolve ticket,2012-10-08 05:21:38.702859800+00:00,2012-10-08 05:21:38.702859800+00:00,1387,Value 15
294,7,Assign seriousness,2012-10-08 05:38:06.204885104+00:00,2012-10-08 05:38:06.204885104+00:00,1388,Value 12
294,13,Take in charge ticket,2012-10-08 05:38:06.204885104+00:00,2012-10-08 05:38:06.204885104+00:00,1390,Value 17
294,13,Resolve ticket,2012-10-08 05:38:06.204885104+00:00,2012-10-08 05:38:06.204885104+00:00,1391,Value 17
293,5,Closed,2012-10-08 06:00:00+00:00,2012-10-08 06:00:00+00:00,1392,Value 5
295,7,Assign seriousness,2012-10-08 05:56:41.502471836+00:00,2012-10-08 05:56:41.502471836+00:00,1394,Value 12
295,7,Take in charge ticket,2012-10-08 05:56:41.502471836+00:00,2012-10-08 05:56:41.502471836+00:00,1395,Value 12
294,5,Closed,2012-10-08 06:00:00+00:00,2012-10-08 06:00:00+00:00,1396,Value 5
295,7,Resolve ticket,2012-10-08 05:56:41.502471836+00:00,2012-10-08 05:56:41.502471836+00:00,1397,Value 12
295,5,Closed,2012-10-08 06:00:00+00:00,2012-10-08 06:00:00+00:00,1399,Value 5
296,7,Assign seriousness,2012-10-08 06:13:57.726371494+00:00,2012-10-08 06:13:57.726371494+00:00,1400,Value 12
296,0,Assign seriousness,2012-10-08 06:13:57.726371494+00:00,2012-10-08 06:13:57.726371494+00:00,1401,Value 2
296,1,Take in charge ticket,2012-10-08 06:13:57.726371494+00:00,2012-10-08 06:13:57.726371494+00:00,1402,Value 15
296,1,Resolve ticket,2012-10-08 06:13:57.726371494+00:00,2012-10-08 06:13:57.726371494+00:00,1403,Value 15
296,5,Closed,2012-10-08 06:13:57.726371494+00:00,2012-10-08 06:13:57.726371494+00:00,1404,Value 5
297,7,Assign seriousness,2012-10-08 06:16:08.877894549+00:00,2012-10-08 06:16:08.877894549+00:00,1405,Value 12
297,0,Take in charge ticket,2012-10-08 06:16:08.877894549+00:00,2012-10-08 06:16:08.877894549+00:00,1406,Value 2
297,0,Wait,2012-10-08 06:16:08.877894549+00:00,2012-10-08 06:16:08.877894549+00:00,1407,Value 2
297,0,Take in charge ticket,2012-10-08 06:16:08.877894549+00:00,2012-10-08 06:16:08.877894549+00:00,1408,Value 2
297,0,Wait,2012-10-08 06:16:08.877894549+00:00,2012-10-08 06:16:08.877894549+00:00,1409,Value 2
297,15,Resolve ticket,2012-10-08 06:16:08.877894549+00:00,2012-10-08 06:16:08.877894549+00:00,1410,Value 13
297,5,Closed,2012-10-08 06:16:08.877894549+00:00,2012-10-08 06:16:08.877894549+00:00,1411,Value 5
298,7,Assign seriousness,2012-10-08 07:48:59.478341311+00:00,2012-10-08 07:48:59.478341311+00:00,1412,Value 12
298,13,Wait,2012-10-08 07:48:59.478341311+00:00,2012-10-08 07:48:59.478341311+00:00,1413,Value 17
298,13,Take in charge ticket,2012-10-08 07:48:59.478341311+00:00,2012-10-08 07:48:59.478341311+00:00,1414,Value 17
298,13,Resolve ticket,2012-10-08 07:48:59.478341311+00:00,2012-10-08 07:48:59.478341311+00:00,1415,Value 17
298,5,Closed,2012-10-08 07:48:59.478341311+00:00,2012-10-08 07:48:59.478341311+00:00,1416,Value 5
299,7,Assign seriousness,2012-10-08 07:57:13.175203792+00:00,2012-10-08 07:57:13.175203792+00:00,1417,Value 12
299,2,Take in charge ticket,2012-10-08 07:57:13.175203792+00:00,2012-10-08 07:57:13.175203792+00:00,1418,Value 11
299,2,Resolve ticket,2012-10-08 07:57:13.175203792+00:00,2012-10-08 07:57:13.175203792+00:00,1419,Value 11
299,5,Closed,2012-10-08 07:57:13.175203792+00:00,2012-10-08 07:57:13.175203792+00:00,1420,Value 5
300,7,Assign seriousness,2012-10-08 09:57:30.087901707+00:00,2012-10-08 09:57:30.087901707+00:00,1421,Value 12
300,7,Take in charge ticket,2012-10-08 09:57:30.087901707+00:00,2012-10-08 09:57:30.087901707+00:00,1422,Value 12
300,7,Resolve ticket,2012-10-08 09:57:30.087901707+00:00,2012-10-08 09:57:30.087901707+00:00,1423,Value 12
300,5,Closed,2012-10-08 09:57:30.087901707+00:00,2012-10-08 09:57:30.087901707+00:00,1424,Value 5
301,7,Assign seriousness,2012-10-08 10:09:43.926526999+00:00,2012-10-08 10:09:43.926526999+00:00,1425,Value 12
301,0,Assign seriousness,2012-10-08 10:09:43.926526999+00:00,2012-10-08 10:09:43.926526999+00:00,1426,Value 2
301,0,Take in charge ticket,2012-10-08 10:09:43.926526999+00:00,2012-10-08 10:09:43.926526999+00:00,1427,Value 2
301,0,Resolve ticket,2012-10-08 10:09:43.926526999+00:00,2012-10-08 10:09:43.926526999+00:00,1428,Value 2
301,5,Closed,2012-10-08 10:09:43.926526999+00:00,2012-10-08 10:09:43.926526999+00:00,1429,Value 5
302,7,Assign seriousness,2012-10-08 11:08:20.292961598+00:00,2012-10-08 11:08:20.292961598+00:00,1430,Value 12
302,0,Assign seriousness,2012-10-08 11:08:20.292961598+00:00,2012-10-08 11:08:20.292961598+00:00,1431,Value 2
302,0,Take in charge ticket,2012-10-08 11:08:20.292961598+00:00,2012-10-08 11:08:20.292961598+00:00,1432,Value 2
302,0,Resolve ticket,2012-10-08 11:08:20.292961598+00:00,2012-10-08 11:08:20.292961598+00:00,1433,Value 2
302,4,Closed,2012-10-08 11:08:20.292961598+00:00,2012-10-08 11:08:20.292961598+00:00,1434,Value 21
303,7,Assign seriousness,2012-10-08 11:46:21.005942931+00:00,2012-10-08 11:46:21.005942931+00:00,1435,Value 12
303,13,Wait,2012-10-08 11:46:21.005942931+00:00,2012-10-08 11:46:21.005942931+00:00,1436,Value 17
303,13,Take in charge ticket,2012-10-08 11:46:21.005942931+00:00,2012-10-08 11:46:21.005942931+00:00,1437,Value 17
303,13,Resolve ticket,2012-10-08 11:46:21.005942931+00:00,2012-10-08 11:46:21.005942931+00:00,1438,Value 17
303,5,Closed,2012-10-08 11:46:21.005942931+00:00,2012-10-08 11:46:21.005942931+00:00,1439,Value 5
304,7,Assign seriousness,2012-10-08 12:06:06.192978576+00:00,2012-10-08 12:06:06.192978576+00:00,1440,Value 12
304,13,Wait,2012-10-08 12:06:06.192978576+00:00,2012-10-08 12:06:06.192978576+00:00,1441,Value 17
304,13,Take in charge ticket,2012-10-08 12:06:06.192978576+00:00,2012-10-08 12:06:06.192978576+00:00,1442,Value 17
304,13,Resolve ticket,2012-10-08 12:06:06.192978576+00:00,2012-10-08 12:06:06.192978576+00:00,1443,Value 17
304,5,Closed,2012-10-08 12:06:06.192978576+00:00,2012-10-08 12:06:06.192978576+00:00,1444,Value 5
305,7,Insert ticket,2012-10-08 14:17:55.309506125+00:00,2012-10-08 14:17:55.309506125+00:00,1445,Value 12
305,0,Assign seriousness,2012-10-08 14:17:55.309506125+00:00,2012-10-08 14:17:55.309506125+00:00,1446,Value 2
305,0,Take in charge ticket,2012-10-08 14:17:55.309506125+00:00,2012-10-08 14:17:55.309506125+00:00,1447,Value 2
305,0,Resolve ticket,2012-10-08 14:17:55.309506125+00:00,2012-10-08 14:17:55.309506125+00:00,1448,Value 2
305,5,Closed,2012-10-08 14:17:55.309506125+00:00,2012-10-08 14:17:55.309506125+00:00,1449,Value 5
306,7,Assign seriousness,2012-10-08 14:18:34.202860623+00:00,2012-10-08 14:18:34.202860623+00:00,1450,Value 12
306,7,Assign seriousness,2012-10-08 14:18:34.202860623+00:00,2012-10-08 14:18:34.202860623+00:00,1451,Value 12
306,13,Wait,2012-10-08 14:18:34.202860623+00:00,2012-10-08 14:18:34.202860623+00:00,1452,Value 17
306,13,Take in charge ticket,2012-10-08 14:18:34.202860623+00:00,2012-10-08 14:18:34.202860623+00:00,1453,Value 17
306,13,Resolve ticket,2012-10-08 14:18:34.202860623+00:00,2012-10-08 14:18:34.202860623+00:00,1454,Value 17
306,5,Closed,2012-10-08 14:18:34.202860623+00:00,2012-10-08 14:18:34.202860623+00:00,1455,Value 5
307,7,Assign seriousness,2012-10-09 04:00:00+00:00,2012-10-09 04:00:00+00:00,1457,Value 12
307,8,Take in charge ticket,2012-10-09 04:00:00+00:00,2012-10-09 04:00:00+00:00,1458,Value 6
307,8,Resolve ticket,2012-10-09 04:00:00+00:00,2012-10-09 04:00:00+00:00,1459,Value 6
307,5,Closed,2012-10-09 04:00:00+00:00,2012-10-09 04:00:00+00:00,1460,Value 5
308,7,Assign seriousness,2012-10-09 04:21:49.210102269+00:00,2012-10-09 04:21:49.210102269+00:00,1461,Value 12
308,7,Take in charge ticket,2012-10-09 04:21:49.210102269+00:00,2012-10-09 04:21:49.210102269+00:00,1462,Value 12
308,7,Wait,2012-10-09 04:21:49.210102269+00:00,2012-10-09 04:21:49.210102269+00:00,1463,Value 12
308,7,Resolve ticket,2012-10-09 04:21:49.210102269+00:00,2012-10-09 04:21:49.210102269+00:00,1464,Value 12
308,5,Closed,2012-10-09 04:21:49.210102269+00:00,2012-10-09 04:21:49.210102269+00:00,1465,Value 5
309,7,Assign seriousness,2012-10-09 05:04:30.520377873+00:00,2012-10-09 05:04:30.520377873+00:00,1466,Value 12
309,0,Take in charge ticket,2012-10-09 05:04:30.520377873+00:00,2012-10-09 05:04:30.520377873+00:00,1467,Value 2
309,0,Wait,2012-10-09 05:04:30.520377873+00:00,2012-10-09 05:04:30.520377873+00:00,1468,Value 2
309,0,Take in charge ticket,2012-10-09 05:04:30.520377873+00:00,2012-10-09 05:04:30.520377873+00:00,1469,Value 2
309,0,Resolve ticket,2012-10-09 05:04:30.520377873+00:00,2012-10-09 05:04:30.520377873+00:00,1470,Value 2
309,5,Closed,2012-10-09 05:04:30.520377873+00:00,2012-10-09 05:04:30.520377873+00:00,1471,Value 5
310,7,Assign seriousness,2012-10-09 06:32:56.830415654+00:00,2012-10-09 06:32:56.830415654+00:00,1472,Value 12
310,7,Assign seriousness,2012-10-09 06:32:56.830415654+00:00,2012-10-09 06:32:56.830415654+00:00,1473,Value 12
310,7,Assign seriousness,2012-10-09 06:32:56.830415654+00:00,2012-10-09 06:32:56.830415654+00:00,1474,Value 12
310,0,Assign seriousness,2012-10-09 06:32:56.830415654+00:00,2012-10-09 06:32:56.830415654+00:00,1475,Value 2
310,0,Take in charge ticket,2012-10-09 06:32:56.830415654+00:00,2012-10-09 06:32:56.830415654+00:00,1476,Value 2
310,9,Wait,2012-10-09 06:32:56.830415654+00:00,2012-10-09 06:32:56.830415654+00:00,1477,Value 14
310,9,Take in charge ticket,2012-10-09 06:32:56.830415654+00:00,2012-10-09 06:32:56.830415654+00:00,1478,Value 14
310,9,Resolve ticket,2012-10-09 06:32:56.830415654+00:00,2012-10-09 06:32:56.830415654+00:00,1479,Value 14
310,5,Closed,2012-10-09 06:32:56.830415654+00:00,2012-10-09 06:32:56.830415654+00:00,1480,Value 5
311,7,Assign seriousness,2012-10-09 14:39:22.793474118+00:00,2012-10-09 14:39:22.793474118+00:00,1481,Value 12
311,7,Take in charge ticket,2012-10-09 14:39:22.793474118+00:00,2012-10-09 14:39:22.793474118+00:00,1482,Value 12
311,7,Resolve ticket,2012-10-09 14:39:22.793474118+00:00,2012-10-09 14:39:22.793474118+00:00,1483,Value 12
311,5,Closed,2012-10-09 14:39:22.793474118+00:00,2012-10-09 14:39:22.793474118+00:00,1484,Value 5
312,7,Assign seriousness,2012-10-10 04:01:43+00:00,2012-10-10 04:01:43+00:00,1485,Value 12
312,13,Take in charge ticket,2012-10-10 04:01:43+00:00,2012-10-10 04:01:43+00:00,1486,Value 17
312,13,Resolve ticket,2012-10-10 04:01:43+00:00,2012-10-10 04:01:43+00:00,1487,Value 17
312,5,Closed,2012-10-10 04:01:43+00:00,2012-10-10 04:01:43+00:00,1488,Value 5
313,7,Assign seriousness,2012-10-10 05:13:02.586275356+00:00,2012-10-10 05:13:02.586275356+00:00,1489,Value 12
313,7,Assign seriousness,2012-10-10 05:13:02.586275356+00:00,2012-10-10 05:13:02.586275356+00:00,1490,Value 12
313,0,Take in charge ticket,2012-10-10 05:13:02.586275356+00:00,2012-10-10 05:13:02.586275356+00:00,1491,Value 2
313,0,Resolve ticket,2012-10-10 05:13:02.586275356+00:00,2012-10-10 05:13:02.586275356+00:00,1492,Value 2
313,5,Closed,2012-10-10 05:13:02.586275356+00:00,2012-10-10 05:13:02.586275356+00:00,1493,Value 5
314,7,Assign seriousness,2012-10-10 07:31:42.759622628+00:00,2012-10-10 07:31:42.759622628+00:00,1494,Value 12
314,7,Assign seriousness,2012-10-10 07:31:42.759622628+00:00,2012-10-10 07:31:42.759622628+00:00,1495,Value 12
314,0,Assign seriousness,2012-10-10 07:31:42.759622628+00:00,2012-10-10 07:31:42.759622628+00:00,1496,Value 2
314,0,Take in charge ticket,2012-10-10 07:31:42.759622628+00:00,2012-10-10 07:31:42.759622628+00:00,1497,Value 2
314,0,Resolve ticket,2012-10-10 07:31:42.759622628+00:00,2012-10-10 07:31:42.759622628+00:00,1498,Value 2
314,0,Take in charge ticket,2012-10-10 07:31:42.759622628+00:00,2012-10-10 07:31:42.759622628+00:00,1499,Value 2
314,0,Wait,2012-10-10 07:31:42.759622628+00:00,2012-10-10 07:31:42.759622628+00:00,1500,Value 2
314,0,Take in charge ticket,2012-10-10 07:31:42.759622628+00:00,2012-10-10 07:31:42.759622628+00:00,1501,Value 2
314,0,Resolve ticket,2012-10-10 07:31:42.759622628+00:00,2012-10-10 07:31:42.759622628+00:00,1502,Value 2
314,0,Take in charge ticket,2012-10-10 07:31:42.759622628+00:00,2012-10-10 07:31:42.759622628+00:00,1503,Value 2
314,0,Wait,2012-10-10 07:31:42.759622628+00:00,2012-10-10 07:31:42.759622628+00:00,1504,Value 2
314,0,Take in charge ticket,2012-10-10 07:31:42.759622628+00:00,2012-10-10 07:31:42.759622628+00:00,1505,Value 2
314,0,Resolve ticket,2012-10-10 07:31:42.759622628+00:00,2012-10-10 07:31:42.759622628+00:00,1506,Value 2
314,5,Closed,2012-10-10 07:31:42.759622628+00:00,2012-10-10 07:31:42.759622628+00:00,1507,Value 5
315,13,Take in charge ticket,2012-10-10 08:19:57.718659308+00:00,2012-10-10 08:19:57.718659308+00:00,1508,Value 17
315,13,Resolve ticket,2012-10-10 08:19:57.718659308+00:00,2012-10-10 08:19:57.718659308+00:00,1509,Value 17
315,5,Closed,2012-10-10 08:19:57.718659308+00:00,2012-10-10 08:19:57.718659308+00:00,1510,Value 5
316,7,Assign seriousness,2012-10-10 08:25:20.132601242+00:00,2012-10-10 08:25:20.132601242+00:00,1511,Value 12
316,0,Assign seriousness,2012-10-10 08:25:20.132601242+00:00,2012-10-10 08:25:20.132601242+00:00,1512,Value 2
316,0,Take in charge ticket,2012-10-10 08:25:20.132601242+00:00,2012-10-10 08:25:20.132601242+00:00,1513,Value 2
316,0,Wait,2012-10-10 08:25:20.132601242+00:00,2012-10-10 08:25:20.132601242+00:00,1514,Value 2
316,0,Take in charge ticket,2012-10-10 08:25:20.132601242+00:00,2012-10-10 08:25:20.132601242+00:00,1515,Value 2
316,0,Resolve ticket,2012-10-10 08:25:20.132601242+00:00,2012-10-10 08:25:20.132601242+00:00,1516,Value 2
316,5,Closed,2012-10-10 08:25:20.132601242+00:00,2012-10-10 08:25:20.132601242+00:00,1517,Value 5
317,7,Assign seriousness,2012-10-10 09:42:31.249463124+00:00,2012-10-10 09:42:31.249463124+00:00,1518,Value 12
317,7,Take in charge ticket,2012-10-10 09:42:31.249463124+00:00,2012-10-10 09:42:31.249463124+00:00,1519,Value 12
317,7,Resolve ticket,2012-10-10 09:42:31.249463124+00:00,2012-10-10 09:42:31.249463124+00:00,1520,Value 12
317,5,Closed,2012-10-10 09:42:31.249463124+00:00,2012-10-10 09:42:31.249463124+00:00,1521,Value 5
318,7,Insert ticket,2012-10-10 09:53:46.216421080+00:00,2012-10-10 09:53:46.216421080+00:00,1522,Value 12
318,7,Assign seriousness,2012-10-10 09:53:46.216421080+00:00,2012-10-10 09:53:46.216421080+00:00,1523,Value 12
318,2,Take in charge ticket,2012-10-10 09:53:46.216421080+00:00,2012-10-10 09:53:46.216421080+00:00,1524,Value 11
318,2,Resolve ticket,2012-10-10 09:53:46.216421080+00:00,2012-10-10 09:53:46.216421080+00:00,1525,Value 11
318,5,Closed,2012-10-10 09:53:46.216421080+00:00,2012-10-10 09:53:46.216421080+00:00,1526,Value 5
319,7,Assign seriousness,2012-10-10 11:01:29.410452157+00:00,2012-10-10 11:01:29.410452157+00:00,1527,Value 12
319,8,Take in charge ticket,2012-10-10 11:01:29.410452157+00:00,2012-10-10 11:01:29.410452157+00:00,1528,Value 6
319,7,Wait,2012-10-10 11:01:29.410452157+00:00,2012-10-10 11:01:29.410452157+00:00,1529,Value 12
319,0,Wait,2012-10-10 11:01:29.410452157+00:00,2012-10-10 11:01:29.410452157+00:00,1530,Value 2
319,1,Take in charge ticket,2012-10-10 11:01:29.410452157+00:00,2012-10-10 11:01:29.410452157+00:00,1531,Value 15
319,1,Wait,2012-10-10 11:01:29.410452157+00:00,2012-10-10 11:01:29.410452157+00:00,1532,Value 15
319,0,Take in charge ticket,2012-10-10 11:01:29.410452157+00:00,2012-10-10 11:01:29.410452157+00:00,1533,Value 2
319,0,Resolve ticket,2012-10-10 11:01:29.410452157+00:00,2012-10-10 11:01:29.410452157+00:00,1534,Value 2
319,5,Closed,2012-10-10 11:01:29.410452157+00:00,2012-10-10 11:01:29.410452157+00:00,1535,Value 5
320,7,Assign seriousness,2012-10-10 11:08:38.093642220+00:00,2012-10-10 11:08:38.093642220+00:00,1536,Value 12
320,2,Take in charge ticket,2012-10-10 11:08:38.093642220+00:00,2012-10-10 11:08:38.093642220+00:00,1537,Value 11
320,2,Resolve ticket,2012-10-10 11:08:38.093642220+00:00,2012-10-10 11:08:38.093642220+00:00,1538,Value 11
320,5,Closed,2012-10-10 11:08:38.093642220+00:00,2012-10-10 11:08:38.093642220+00:00,1539,Value 5
321,7,Assign seriousness,2012-10-10 11:57:06.850041990+00:00,2012-10-10 11:57:06.850041990+00:00,1540,Value 12
321,0,Assign seriousness,2012-10-10 11:57:06.850041990+00:00,2012-10-10 11:57:06.850041990+00:00,1541,Value 2
321,8,Take in charge ticket,2012-10-10 11:57:06.850041990+00:00,2012-10-10 11:57:06.850041990+00:00,1542,Value 6
321,7,Wait,2012-10-10 11:57:06.850041990+00:00,2012-10-10 11:57:06.850041990+00:00,1543,Value 12
321,7,Take in charge ticket,2012-10-10 11:57:06.850041990+00:00,2012-10-10 11:57:06.850041990+00:00,1544,Value 12
321,7,Resolve ticket,2012-10-10 11:57:06.850041990+00:00,2012-10-10 11:57:06.850041990+00:00,1545,Value 12
321,5,Closed,2012-10-10 11:57:06.850041990+00:00,2012-10-10 11:57:06.850041990+00:00,1546,Value 5
322,7,Assign seriousness,2012-10-11 04:02:16+00:00,2012-10-11 04:02:16+00:00,1547,Value 12
322,0,Assign seriousness,2012-10-11 04:02:16+00:00,2012-10-11 04:02:16+00:00,1548,Value 2
322,0,Take in charge ticket,2012-10-11 04:02:16+00:00,2012-10-11 04:02:16+00:00,1549,Value 2
322,0,Resolve ticket,2012-10-11 04:02:16+00:00,2012-10-11 04:02:16+00:00,1550,Value 2
322,0,Take in charge ticket,2012-10-11 04:02:16+00:00,2012-10-11 04:02:16+00:00,1551,Value 2
322,0,Resolve ticket,2012-10-11 04:02:16+00:00,2012-10-11 04:02:16+00:00,1552,Value 2
322,5,Closed,2012-10-11 04:02:16+00:00,2012-10-11 04:02:16+00:00,1553,Value 5
323,7,Assign seriousness,2012-10-11 05:40:17.133191511+00:00,2012-10-11 05:40:17.133191511+00:00,1554,Value 12
323,0,Take in charge ticket,2012-10-11 05:40:17.133191511+00:00,2012-10-11 05:40:17.133191511+00:00,1555,Value 2
323,0,Resolve ticket,2012-10-11 05:40:17.133191511+00:00,2012-10-11 05:40:17.133191511+00:00,1556,Value 2
323,5,Closed,2012-10-11 05:40:17.133191511+00:00,2012-10-11 05:40:17.133191511+00:00,1557,Value 5
324,7,Assign seriousness,2012-10-11 07:53:20.250036857+00:00,2012-10-11 07:53:20.250036857+00:00,1558,Value 12
324,6,Assign seriousness,2012-10-11 07:53:20.250036857+00:00,2012-10-11 07:53:20.250036857+00:00,1559,Value 10
324,6,Take in charge ticket,2012-10-11 07:53:20.250036857+00:00,2012-10-11 07:53:20.250036857+00:00,1560,Value 10
324,6,Resolve ticket,2012-10-11 07:53:20.250036857+00:00,2012-10-11 07:53:20.250036857+00:00,1561,Value 10
324,5,Closed,2012-10-11 07:53:20.250036857+00:00,2012-10-11 07:53:20.250036857+00:00,1562,Value 5
325,7,Insert ticket,2012-10-11 08:23:01.818470047+00:00,2012-10-11 08:23:01.818470047+00:00,1563,Value 12
325,6,Assign seriousness,2012-10-11 08:23:01.818470047+00:00,2012-10-11 08:23:01.818470047+00:00,1564,Value 10
325,6,Assign seriousness,2012-10-11 08:23:01.818470047+00:00,2012-10-11 08:23:01.818470047+00:00,1565,Value 10
325,1,Take in charge ticket,2012-10-11 08:23:01.818470047+00:00,2012-10-11 08:23:01.818470047+00:00,1566,Value 15
325,1,Resolve ticket,2012-10-11 08:23:01.818470047+00:00,2012-10-11 08:23:01.818470047+00:00,1567,Value 15
325,5,Closed,2012-10-11 08:23:01.818470047+00:00,2012-10-11 08:23:01.818470047+00:00,1568,Value 5
326,7,Assign seriousness,2012-10-11 15:15:26.565381484+00:00,2012-10-11 15:15:26.565381484+00:00,1569,Value 12
326,11,Resolve ticket,2012-10-11 15:15:26.565381484+00:00,2012-10-11 15:15:26.565381484+00:00,1570,Value 9
326,5,Closed,2012-10-11 15:15:26.565381484+00:00,2012-10-11 15:15:26.565381484+00:00,1571,Value 5
327,8,Assign seriousness,2012-10-12 04:00:00+00:00,2012-10-12 04:00:00+00:00,1574,Value 6
329,8,Insert ticket,2012-10-12 03:45:48.700663264+00:00,2012-10-12 03:45:48.700663264+00:00,1575,Value 6
328,8,Assign seriousness,2012-10-12 04:00:00+00:00,2012-10-12 04:00:00+00:00,1576,Value 6
327,0,Take in charge ticket,2012-10-12 04:00:00+00:00,2012-10-12 04:00:00+00:00,1577,Value 2
328,8,Take in charge ticket,2012-10-12 04:00:00+00:00,2012-10-12 04:00:00+00:00,1580,Value 6
327,0,Resolve ticket,2012-10-12 04:00:00+00:00,2012-10-12 04:00:00+00:00,1581,Value 2
329,0,Assign seriousness,2012-10-12 04:00:00+00:00,2012-10-12 04:00:00+00:00,1582,Value 2
330,8,Assign seriousness,2012-10-12 04:00:00+00:00,2012-10-12 04:00:00+00:00,1583,Value 6
328,8,Resolve ticket,2012-10-12 04:00:00+00:00,2012-10-12 04:00:00+00:00,1584,Value 6
327,5,Closed,2012-10-12 04:00:00+00:00,2012-10-12 04:00:00+00:00,1585,Value 5
329,0,Take in charge ticket,2012-10-12 04:00:00+00:00,2012-10-12 04:00:00+00:00,1586,Value 2
330,11,Take in charge ticket,2012-10-12 04:00:00+00:00,2012-10-12 04:00:00+00:00,1587,Value 9
328,5,Closed,2012-10-12 04:00:00+00:00,2012-10-12 04:00:00+00:00,1588,Value 5
329,0,Resolve ticket,2012-10-12 04:00:00+00:00,2012-10-12 04:00:00+00:00,1589,Value 2
330,11,Resolve ticket,2012-10-12 04:00:00+00:00,2012-10-12 04:00:00+00:00,1590,Value 9
329,5,Closed,2012-10-12 04:00:00+00:00,2012-10-12 04:00:00+00:00,1591,Value 5
330,5,Closed,2012-10-12 04:00:00+00:00,2012-10-12 04:00:00+00:00,1592,Value 5
331,8,Assign seriousness,2012-10-12 04:12:51.515893218+00:00,2012-10-12 04:12:51.515893218+00:00,1593,Value 6
331,0,Take in charge ticket,2012-10-12 04:12:51.515893218+00:00,2012-10-12 04:12:51.515893218+00:00,1594,Value 2
331,0,Resolve ticket,2012-10-12 04:12:51.515893218+00:00,2012-10-12 04:12:51.515893218+00:00,1595,Value 2
331,5,Closed,2012-10-12 04:12:51.515893218+00:00,2012-10-12 04:12:51.515893218+00:00,1596,Value 5
332,8,Assign seriousness,2012-10-12 04:32:41.231400603+00:00,2012-10-12 04:32:41.231400603+00:00,1597,Value 6
332,8,Take in charge ticket,2012-10-12 04:32:41.231400603+00:00,2012-10-12 04:32:41.231400603+00:00,1598,Value 6
332,7,Wait,2012-10-12 04:32:41.231400603+00:00,2012-10-12 04:32:41.231400603+00:00,1599,Value 12
332,7,Resolve ticket,2012-10-12 04:32:41.231400603+00:00,2012-10-12 04:32:41.231400603+00:00,1600,Value 12
332,5,Closed,2012-10-12 04:32:41.231400603+00:00,2012-10-12 04:32:41.231400603+00:00,1601,Value 5
333,8,Insert ticket,2012-10-12 05:54:41.077918518+00:00,2012-10-12 05:54:41.077918518+00:00,1602,Value 6
333,8,Assign seriousness,2012-10-12 05:54:41.077918518+00:00,2012-10-12 05:54:41.077918518+00:00,1603,Value 6
333,0,Assign seriousness,2012-10-12 05:54:41.077918518+00:00,2012-10-12 05:54:41.077918518+00:00,1604,Value 2
333,0,Assign seriousness,2012-10-12 05:54:41.077918518+00:00,2012-10-12 05:54:41.077918518+00:00,1605,Value 2
333,0,Take in charge ticket,2012-10-12 05:54:41.077918518+00:00,2012-10-12 05:54:41.077918518+00:00,1606,Value 2
333,0,Resolve ticket,2012-10-12 05:54:41.077918518+00:00,2012-10-12 05:54:41.077918518+00:00,1607,Value 2
333,5,Closed,2012-10-12 05:54:41.077918518+00:00,2012-10-12 05:54:41.077918518+00:00,1608,Value 5
334,8,Assign seriousness,2012-10-12 06:25:41.896392582+00:00,2012-10-12 06:25:41.896392582+00:00,1609,Value 6
334,8,Take in charge ticket,2012-10-12 06:25:41.896392582+00:00,2012-10-12 06:25:41.896392582+00:00,1610,Value 6
334,17,Resolve ticket,2012-10-12 06:25:41.896392582+00:00,2012-10-12 06:25:41.896392582+00:00,1611,Value 1
334,5,Closed,2012-10-12 06:25:41.896392582+00:00,2012-10-12 06:25:41.896392582+00:00,1612,Value 5
335,8,Assign seriousness,2012-10-12 08:34:58.044527237+00:00,2012-10-12 08:34:58.044527237+00:00,1613,Value 6
335,0,Take in charge ticket,2012-10-12 08:34:58.044527237+00:00,2012-10-12 08:34:58.044527237+00:00,1614,Value 2
335,0,Wait,2012-10-12 08:34:58.044527237+00:00,2012-10-12 08:34:58.044527237+00:00,1615,Value 2
335,0,Resolve ticket,2012-10-12 08:34:58.044527237+00:00,2012-10-12 08:34:58.044527237+00:00,1616,Value 2
335,5,Closed,2012-10-12 08:34:58.044527237+00:00,2012-10-12 08:34:58.044527237+00:00,1617,Value 5
336,8,Assign seriousness,2012-10-12 11:56:11.631352600+00:00,2012-10-12 11:56:11.631352600+00:00,1618,Value 6
336,8,Take in charge ticket,2012-10-12 11:56:11.631352600+00:00,2012-10-12 11:56:11.631352600+00:00,1619,Value 6
336,8,Resolve ticket,2012-10-12 11:56:11.631352600+00:00,2012-10-12 11:56:11.631352600+00:00,1620,Value 6
336,5,Closed,2012-10-12 11:56:11.631352600+00:00,2012-10-12 11:56:11.631352600+00:00,1621,Value 5
337,5,Assign seriousness,2012-10-13 13:17:27+00:00,2012-10-13 13:17:27+00:00,1622,Value 5
337,0,Take in charge ticket,2012-10-15 03:00:00+00:00,2012-10-15 03:00:00+00:00,1624,Value 2
337,0,Resolve ticket,2012-10-15 03:00:00+00:00,2012-10-15 03:00:00+00:00,1625,Value 2
337,5,Closed,2012-10-15 06:00:00+00:00,2012-10-15 06:00:00+00:00,1626,Value 5
338,8,Assign seriousness,2012-10-15 04:00:49+00:00,2012-10-15 04:00:49+00:00,1627,Value 6
338,8,Take in charge ticket,2012-10-15 04:00:49+00:00,2012-10-15 04:00:49+00:00,1628,Value 6
338,8,Resolve ticket,2012-10-15 04:00:49+00:00,2012-10-15 04:00:49+00:00,1629,Value 6
339,8,Assign seriousness,2012-10-15 04:13:05.576487014+00:00,2012-10-15 04:13:05.576487014+00:00,1631,Value 6
338,5,Closed,2012-10-15 06:00:00+00:00,2012-10-15 06:00:00+00:00,1632,Value 5
339,0,Take in charge ticket,2012-10-15 04:13:05.576487014+00:00,2012-10-15 04:13:05.576487014+00:00,1633,Value 2
340,8,Assign seriousness,2012-10-15 04:31:09.069302412+00:00,2012-10-15 04:31:09.069302412+00:00,1634,Value 6
339,0,Resolve ticket,2012-10-15 04:13:05.576487014+00:00,2012-10-15 04:13:05.576487014+00:00,1635,Value 2
340,8,Take in charge ticket,2012-10-15 04:31:09.069302412+00:00,2012-10-15 04:31:09.069302412+00:00,1636,Value 6
339,5,Closed,2012-10-15 06:00:00+00:00,2012-10-15 06:00:00+00:00,1637,Value 5
340,8,Resolve ticket,2012-10-15 04:31:09.069302412+00:00,2012-10-15 04:31:09.069302412+00:00,1638,Value 6
341,8,Assign seriousness,2012-10-15 05:33:47.817477314+00:00,2012-10-15 05:33:47.817477314+00:00,1640,Value 6
340,5,Closed,2012-10-15 06:00:00+00:00,2012-10-15 06:00:00+00:00,1641,Value 5
341,0,Assign seriousness,2012-10-15 05:33:47.817477314+00:00,2012-10-15 05:33:47.817477314+00:00,1642,Value 2
342,8,Assign seriousness,2012-10-15 05:35:52.258917328+00:00,2012-10-15 05:35:52.258917328+00:00,1643,Value 6
341,0,Take in charge ticket,2012-10-15 05:33:47.817477314+00:00,2012-10-15 05:33:47.817477314+00:00,1644,Value 2
342,0,Take in charge ticket,2012-10-15 05:35:52.258917328+00:00,2012-10-15 05:35:52.258917328+00:00,1645,Value 2
341,0,Wait,2012-10-15 05:33:47.817477314+00:00,2012-10-15 05:33:47.817477314+00:00,1646,Value 2
342,0,Resolve ticket,2012-10-15 05:35:52.258917328+00:00,2012-10-15 05:35:52.258917328+00:00,1647,Value 2
341,0,Resolve ticket,2012-10-15 05:33:47.817477314+00:00,2012-10-15 05:33:47.817477314+00:00,1648,Value 2
342,5,Closed,2012-10-15 06:00:00+00:00,2012-10-15 06:00:00+00:00,1649,Value 5
341,5,Closed,2012-10-15 06:00:00+00:00,2012-10-15 06:00:00+00:00,1650,Value 5
343,8,Assign seriousness,2012-10-15 06:11:58.051849474+00:00,2012-10-15 06:11:58.051849474+00:00,1651,Value 6
343,11,Take in charge ticket,2012-10-15 06:11:58.051849474+00:00,2012-10-15 06:11:58.051849474+00:00,1652,Value 9
343,11,Resolve ticket,2012-10-15 06:11:58.051849474+00:00,2012-10-15 06:11:58.051849474+00:00,1653,Value 9
343,5,Closed,2012-10-15 06:11:58.051849474+00:00,2012-10-15 06:11:58.051849474+00:00,1654,Value 5
344,8,Assign seriousness,2012-10-15 06:12:30.928890369+00:00,2012-10-15 06:12:30.928890369+00:00,1655,Value 6
344,8,Take in charge ticket,2012-10-15 06:12:30.928890369+00:00,2012-10-15 06:12:30.928890369+00:00,1656,Value 6
344,8,Resolve ticket,2012-10-15 06:12:30.928890369+00:00,2012-10-15 06:12:30.928890369+00:00,1657,Value 6
344,8,Take in charge ticket,2012-10-15 06:12:30.928890369+00:00,2012-10-15 06:12:30.928890369+00:00,1658,Value 6
344,8,Wait,2012-10-15 06:12:30.928890369+00:00,2012-10-15 06:12:30.928890369+00:00,1659,Value 6
344,8,Take in charge ticket,2012-10-15 06:12:30.928890369+00:00,2012-10-15 06:12:30.928890369+00:00,1660,Value 6
344,2,Resolve ticket,2012-10-15 06:12:30.928890369+00:00,2012-10-15 06:12:30.928890369+00:00,1661,Value 11
344,5,Closed,2012-10-15 06:12:30.928890369+00:00,2012-10-15 06:12:30.928890369+00:00,1662,Value 5
345,8,Assign seriousness,2012-10-15 13:42:47.089405449+00:00,2012-10-15 13:42:47.089405449+00:00,1663,Value 6
345,0,Assign seriousness,2012-10-15 13:42:47.089405449+00:00,2012-10-15 13:42:47.089405449+00:00,1664,Value 2
345,0,Take in charge ticket,2012-10-15 13:42:47.089405449+00:00,2012-10-15 13:42:47.089405449+00:00,1665,Value 2
345,0,Wait,2012-10-15 13:42:47.089405449+00:00,2012-10-15 13:42:47.089405449+00:00,1666,Value 2
345,0,Resolve ticket,2012-10-15 13:42:47.089405449+00:00,2012-10-15 13:42:47.089405449+00:00,1667,Value 2
345,5,Closed,2012-10-15 13:42:47.089405449+00:00,2012-10-15 13:42:47.089405449+00:00,1668,Value 5
346,8,Insert ticket,2012-10-16 04:00:00+00:00,2012-10-16 04:00:00+00:00,1670,Value 6
346,6,Take in charge ticket,2012-10-16 04:00:00+00:00,2012-10-16 04:00:00+00:00,1671,Value 10
346,11,Resolve ticket,2012-10-16 04:00:00+00:00,2012-10-16 04:00:00+00:00,1672,Value 9
346,5,Closed,2012-10-16 04:00:00+00:00,2012-10-16 04:00:00+00:00,1673,Value 5
347,8,Assign seriousness,2012-10-16 04:48:48.091029886+00:00,2012-10-16 04:48:48.091029886+00:00,1674,Value 6
347,8,Take in charge ticket,2012-10-16 04:48:48.091029886+00:00,2012-10-16 04:48:48.091029886+00:00,1675,Value 6
347,8,Resolve ticket,2012-10-16 04:48:48.091029886+00:00,2012-10-16 04:48:48.091029886+00:00,1676,Value 6
347,5,Closed,2012-10-16 04:48:48.091029886+00:00,2012-10-16 04:48:48.091029886+00:00,1677,Value 5
348,8,Assign seriousness,2012-10-16 05:21:14.021248356+00:00,2012-10-16 05:21:14.021248356+00:00,1678,Value 6
348,8,Take in charge ticket,2012-10-16 05:21:14.021248356+00:00,2012-10-16 05:21:14.021248356+00:00,1679,Value 6
348,2,Wait,2012-10-16 05:21:14.021248356+00:00,2012-10-16 05:21:14.021248356+00:00,1680,Value 11
348,2,Take in charge ticket,2012-10-16 05:21:14.021248356+00:00,2012-10-16 05:21:14.021248356+00:00,1681,Value 11
348,2,Wait,2012-10-16 05:21:14.021248356+00:00,2012-10-16 05:21:14.021248356+00:00,1682,Value 11
348,0,Resolve ticket,2012-10-16 05:21:14.021248356+00:00,2012-10-16 05:21:14.021248356+00:00,1683,Value 2
348,5,Closed,2012-10-16 05:21:14.021248356+00:00,2012-10-16 05:21:14.021248356+00:00,1684,Value 5
349,8,Assign seriousness,2012-10-16 06:27:50.985246725+00:00,2012-10-16 06:27:50.985246725+00:00,1685,Value 6
349,0,Take in charge ticket,2012-10-16 06:27:50.985246725+00:00,2012-10-16 06:27:50.985246725+00:00,1686,Value 2
349,1,Resolve ticket,2012-10-16 06:27:50.985246725+00:00,2012-10-16 06:27:50.985246725+00:00,1687,Value 15
349,5,Closed,2012-10-16 06:27:50.985246725+00:00,2012-10-16 06:27:50.985246725+00:00,1688,Value 5
350,8,Assign seriousness,2012-10-16 06:41:14.346696937+00:00,2012-10-16 06:41:14.346696937+00:00,1689,Value 6
350,8,Take in charge ticket,2012-10-16 06:41:14.346696937+00:00,2012-10-16 06:41:14.346696937+00:00,1690,Value 6
350,8,Resolve ticket,2012-10-16 06:41:14.346696937+00:00,2012-10-16 06:41:14.346696937+00:00,1691,Value 6
350,5,Closed,2012-10-16 06:41:14.346696937+00:00,2012-10-16 06:41:14.346696937+00:00,1692,Value 5
351,8,Assign seriousness,2012-10-16 06:58:48.183963016+00:00,2012-10-16 06:58:48.183963016+00:00,1693,Value 6
351,3,Take in charge ticket,2012-10-16 06:58:48.183963016+00:00,2012-10-16 06:58:48.183963016+00:00,1694,Value 16
351,3,Wait,2012-10-16 06:58:48.183963016+00:00,2012-10-16 06:58:48.183963016+00:00,1695,Value 16
351,3,Take in charge ticket,2012-10-16 06:58:48.183963016+00:00,2012-10-16 06:58:48.183963016+00:00,1696,Value 16
351,3,Take in charge ticket,2012-10-16 06:58:48.183963016+00:00,2012-10-16 06:58:48.183963016+00:00,1697,Value 16
351,3,Resolve ticket,2012-10-16 06:58:48.183963016+00:00,2012-10-16 06:58:48.183963016+00:00,1698,Value 16
351,5,Closed,2012-10-16 06:58:48.183963016+00:00,2012-10-16 06:58:48.183963016+00:00,1699,Value 5
352,8,Assign seriousness,2012-10-17 04:01:43+00:00,2012-10-17 04:01:43+00:00,1700,Value 6
352,0,Assign seriousness,2012-10-17 04:01:43+00:00,2012-10-17 04:01:43+00:00,1701,Value 2
352,0,Take in charge ticket,2012-10-17 04:01:43+00:00,2012-10-17 04:01:43+00:00,1702,Value 2
352,0,Resolve ticket,2012-10-17 04:01:43+00:00,2012-10-17 04:01:43+00:00,1703,Value 2
352,5,Closed,2012-10-17 04:01:43+00:00,2012-10-17 04:01:43+00:00,1704,Value 5
353,8,Assign seriousness,2012-10-17 07:10:25.139405278+00:00,2012-10-17 07:10:25.139405278+00:00,1705,Value 6
353,8,Take in charge ticket,2012-10-17 07:10:25.139405278+00:00,2012-10-17 07:10:25.139405278+00:00,1706,Value 6
353,8,Resolve ticket,2012-10-17 07:10:25.139405278+00:00,2012-10-17 07:10:25.139405278+00:00,1707,Value 6
353,5,Closed,2012-10-17 07:10:25.139405278+00:00,2012-10-17 07:10:25.139405278+00:00,1708,Value 5
354,8,Assign seriousness,2012-10-17 10:14:36.920366701+00:00,2012-10-17 10:14:36.920366701+00:00,1709,Value 6
354,8,Take in charge ticket,2012-10-17 10:14:36.920366701+00:00,2012-10-17 10:14:36.920366701+00:00,1710,Value 6
354,17,Resolve ticket,2012-10-17 10:14:36.920366701+00:00,2012-10-17 10:14:36.920366701+00:00,1711,Value 1
354,17,Resolve ticket,2012-10-17 10:14:36.920366701+00:00,2012-10-17 10:14:36.920366701+00:00,1712,Value 1
354,5,Closed,2012-10-17 10:14:36.920366701+00:00,2012-10-17 10:14:36.920366701+00:00,1713,Value 5
355,8,Assign seriousness,2012-10-18 04:02:16+00:00,2012-10-18 04:02:16+00:00,1714,Value 6
355,0,Take in charge ticket,2012-10-18 04:02:16+00:00,2012-10-18 04:02:16+00:00,1715,Value 2
355,0,Resolve ticket,2012-10-18 04:02:16+00:00,2012-10-18 04:02:16+00:00,1716,Value 2
355,5,Closed,2012-10-18 04:02:16+00:00,2012-10-18 04:02:16+00:00,1717,Value 5
356,8,Assign seriousness,2012-10-18 04:03:02.887015578+00:00,2012-10-18 04:03:02.887015578+00:00,1718,Value 6
356,0,Take in charge ticket,2012-10-18 04:03:02.887015578+00:00,2012-10-18 04:03:02.887015578+00:00,1719,Value 2
356,0,Resolve ticket,2012-10-18 04:03:02.887015578+00:00,2012-10-18 04:03:02.887015578+00:00,1720,Value 2
356,5,Closed,2012-10-18 04:03:02.887015578+00:00,2012-10-18 04:03:02.887015578+00:00,1721,Value 5
357,8,Assign seriousness,2012-10-18 04:17:11.326544887+00:00,2012-10-18 04:17:11.326544887+00:00,1722,Value 6
357,8,Assign seriousness,2012-10-18 04:17:11.326544887+00:00,2012-10-18 04:17:11.326544887+00:00,1723,Value 6
357,0,Assign seriousness,2012-10-18 04:17:11.326544887+00:00,2012-10-18 04:17:11.326544887+00:00,1724,Value 2
357,9,Take in charge ticket,2012-10-18 04:17:11.326544887+00:00,2012-10-18 04:17:11.326544887+00:00,1725,Value 14
357,9,Resolve ticket,2012-10-18 04:17:11.326544887+00:00,2012-10-18 04:17:11.326544887+00:00,1726,Value 14
357,5,Closed,2012-10-18 04:17:11.326544887+00:00,2012-10-18 04:17:11.326544887+00:00,1727,Value 5
358,8,Assign seriousness,2012-10-18 04:59:30.926610068+00:00,2012-10-18 04:59:30.926610068+00:00,1728,Value 6
358,8,Take in charge ticket,2012-10-18 04:59:30.926610068+00:00,2012-10-18 04:59:30.926610068+00:00,1729,Value 6
358,8,Resolve ticket,2012-10-18 04:59:30.926610068+00:00,2012-10-18 04:59:30.926610068+00:00,1730,Value 6
358,5,Closed,2012-10-18 04:59:30.926610068+00:00,2012-10-18 04:59:30.926610068+00:00,1731,Value 5
359,8,Assign seriousness,2012-10-18 05:13:29.294006116+00:00,2012-10-18 05:13:29.294006116+00:00,1732,Value 6
359,0,Assign seriousness,2012-10-18 05:13:29.294006116+00:00,2012-10-18 05:13:29.294006116+00:00,1733,Value 2
359,9,Take in charge ticket,2012-10-18 05:13:29.294006116+00:00,2012-10-18 05:13:29.294006116+00:00,1734,Value 14
359,9,Resolve ticket,2012-10-18 05:13:29.294006116+00:00,2012-10-18 05:13:29.294006116+00:00,1735,Value 14
359,5,Closed,2012-10-18 05:13:29.294006116+00:00,2012-10-18 05:13:29.294006116+00:00,1736,Value 5
360,8,Insert ticket,2012-10-18 05:35:11.240312096+00:00,2012-10-18 05:35:11.240312096+00:00,1737,Value 6
360,6,Take in charge ticket,2012-10-18 05:35:11.240312096+00:00,2012-10-18 05:35:11.240312096+00:00,1738,Value 10
360,6,Resolve ticket,2012-10-18 05:35:11.240312096+00:00,2012-10-18 05:35:11.240312096+00:00,1739,Value 10
360,6,Take in charge ticket,2012-10-18 05:35:11.240312096+00:00,2012-10-18 05:35:11.240312096+00:00,1740,Value 10
360,6,Resolve ticket,2012-10-18 05:35:11.240312096+00:00,2012-10-18 05:35:11.240312096+00:00,1741,Value 10
360,5,Closed,2012-10-18 05:35:11.240312096+00:00,2012-10-18 05:35:11.240312096+00:00,1742,Value 5
361,8,Assign seriousness,2012-10-18 06:58:35.947687988+00:00,2012-10-18 06:58:35.947687988+00:00,1743,Value 6
361,3,Take in charge ticket,2012-10-18 06:58:35.947687988+00:00,2012-10-18 06:58:35.947687988+00:00,1744,Value 16
361,3,Resolve ticket,2012-10-18 06:58:35.947687988+00:00,2012-10-18 06:58:35.947687988+00:00,1745,Value 16
361,5,Closed,2012-10-18 06:58:35.947687988+00:00,2012-10-18 06:58:35.947687988+00:00,1746,Value 5
362,8,Assign seriousness,2012-10-18 07:50:09.478594153+00:00,2012-10-18 07:50:09.478594153+00:00,1747,Value 6
362,0,Take in charge ticket,2012-10-18 07:50:09.478594153+00:00,2012-10-18 07:50:09.478594153+00:00,1748,Value 2
362,6,Resolve ticket,2012-10-18 07:50:09.478594153+00:00,2012-10-18 07:50:09.478594153+00:00,1749,Value 10
362,5,Closed,2012-10-18 07:50:09.478594153+00:00,2012-10-18 07:50:09.478594153+00:00,1750,Value 5
363,8,Assign seriousness,2012-10-18 07:50:10.092294253+00:00,2012-10-18 07:50:10.092294253+00:00,1751,Value 6
363,3,Take in charge ticket,2012-10-18 07:50:10.092294253+00:00,2012-10-18 07:50:10.092294253+00:00,1752,Value 16
363,3,Resolve ticket,2012-10-18 07:50:10.092294253+00:00,2012-10-18 07:50:10.092294253+00:00,1753,Value 16
363,5,Closed,2012-10-18 07:50:10.092294253+00:00,2012-10-18 07:50:10.092294253+00:00,1754,Value 5
364,8,Assign seriousness,2012-10-18 08:03:51.894299671+00:00,2012-10-18 08:03:51.894299671+00:00,1755,Value 6
364,0,Take in charge ticket,2012-10-18 08:03:51.894299671+00:00,2012-10-18 08:03:51.894299671+00:00,1756,Value 2
364,15,Resolve ticket,2012-10-18 08:03:51.894299671+00:00,2012-10-18 08:03:51.894299671+00:00,1757,Value 13
364,5,Closed,2012-10-18 08:03:51.894299671+00:00,2012-10-18 08:03:51.894299671+00:00,1758,Value 5
365,8,Assign seriousness,2012-10-18 09:59:49.689961777+00:00,2012-10-18 09:59:49.689961777+00:00,1759,Value 6
365,1,Take in charge ticket,2012-10-18 09:59:49.689961777+00:00,2012-10-18 09:59:49.689961777+00:00,1760,Value 15
365,1,Resolve ticket,2012-10-18 09:59:49.689961777+00:00,2012-10-18 09:59:49.689961777+00:00,1761,Value 15
365,5,Closed,2012-10-18 09:59:49.689961777+00:00,2012-10-18 09:59:49.689961777+00:00,1762,Value 5
366,8,Assign seriousness,2012-10-18 10:33:48.980533505+00:00,2012-10-18 10:33:48.980533505+00:00,1763,Value 6
366,8,Assign seriousness,2012-10-18 10:33:48.980533505+00:00,2012-10-18 10:33:48.980533505+00:00,1764,Value 6
366,0,Assign seriousness,2012-10-18 10:33:48.980533505+00:00,2012-10-18 10:33:48.980533505+00:00,1765,Value 2
366,0,Take in charge ticket,2012-10-18 10:33:48.980533505+00:00,2012-10-18 10:33:48.980533505+00:00,1766,Value 2
366,0,Resolve ticket,2012-10-18 10:33:48.980533505+00:00,2012-10-18 10:33:48.980533505+00:00,1767,Value 2
366,5,Closed,2012-10-18 10:33:48.980533505+00:00,2012-10-18 10:33:48.980533505+00:00,1768,Value 5
367,8,Assign seriousness,2012-10-18 10:35:30.009216045+00:00,2012-10-18 10:35:30.009216045+00:00,1769,Value 6
367,0,Assign seriousness,2012-10-18 10:35:30.009216045+00:00,2012-10-18 10:35:30.009216045+00:00,1770,Value 2
367,11,Take in charge ticket,2012-10-18 10:35:30.009216045+00:00,2012-10-18 10:35:30.009216045+00:00,1771,Value 9
367,11,Wait,2012-10-18 10:35:30.009216045+00:00,2012-10-18 10:35:30.009216045+00:00,1772,Value 9
367,15,Resolve ticket,2012-10-18 10:35:30.009216045+00:00,2012-10-18 10:35:30.009216045+00:00,1773,Value 13
367,5,Closed,2012-10-18 10:35:30.009216045+00:00,2012-10-18 10:35:30.009216045+00:00,1774,Value 5
368,8,Assign seriousness,2012-10-18 15:37:31.077090912+00:00,2012-10-18 15:37:31.077090912+00:00,1775,Value 6
368,8,Take in charge ticket,2012-10-18 15:37:31.077090912+00:00,2012-10-18 15:37:31.077090912+00:00,1776,Value 6
368,8,Wait,2012-10-18 15:37:31.077090912+00:00,2012-10-18 15:37:31.077090912+00:00,1777,Value 6
368,8,Resolve ticket,2012-10-18 15:37:31.077090912+00:00,2012-10-18 15:37:31.077090912+00:00,1778,Value 6
368,5,Closed,2012-10-18 15:37:31.077090912+00:00,2012-10-18 15:37:31.077090912+00:00,1779,Value 5
369,9,Insert ticket,2012-10-19 04:00:00+00:00,2012-10-19 04:00:00+00:00,1781,Value 14
369,9,Assign seriousness,2012-10-19 04:00:00+00:00,2012-10-19 04:00:00+00:00,1782,Value 14
369,9,Take in charge ticket,2012-10-19 04:00:00+00:00,2012-10-19 04:00:00+00:00,1783,Value 14
369,9,Resolve ticket,2012-10-19 04:00:00+00:00,2012-10-19 04:00:00+00:00,1784,Value 14
369,5,Closed,2012-10-19 04:00:00+00:00,2012-10-19 04:00:00+00:00,1785,Value 5
370,9,Assign seriousness,2012-10-19 04:38:31.201320398+00:00,2012-10-19 04:38:31.201320398+00:00,1786,Value 14
370,9,Take in charge ticket,2012-10-19 04:38:31.201320398+00:00,2012-10-19 04:38:31.201320398+00:00,1787,Value 14
370,9,Resolve ticket,2012-10-19 04:38:31.201320398+00:00,2012-10-19 04:38:31.201320398+00:00,1788,Value 14
370,5,Closed,2012-10-19 04:38:31.201320398+00:00,2012-10-19 04:38:31.201320398+00:00,1789,Value 5
371,9,Assign seriousness,2012-10-19 08:17:34.075151641+00:00,2012-10-19 08:17:34.075151641+00:00,1790,Value 14
371,9,Take in charge ticket,2012-10-19 08:17:34.075151641+00:00,2012-10-19 08:17:34.075151641+00:00,1791,Value 14
371,9,Resolve ticket,2012-10-19 08:17:34.075151641+00:00,2012-10-19 08:17:34.075151641+00:00,1792,Value 14
371,5,Closed,2012-10-19 08:17:34.075151641+00:00,2012-10-19 08:17:34.075151641+00:00,1793,Value 5
372,9,Assign seriousness,2012-10-19 08:54:16.539408972+00:00,2012-10-19 08:54:16.539408972+00:00,1794,Value 14
372,9,Take in charge ticket,2012-10-19 08:54:16.539408972+00:00,2012-10-19 08:54:16.539408972+00:00,1795,Value 14
372,9,Resolve ticket,2012-10-19 08:54:16.539408972+00:00,2012-10-19 08:54:16.539408972+00:00,1796,Value 14
372,5,Closed,2012-10-19 08:54:16.539408972+00:00,2012-10-19 08:54:16.539408972+00:00,1797,Value 5
373,9,Assign seriousness,2012-10-19 11:40:09.913531744+00:00,2012-10-19 11:40:09.913531744+00:00,1798,Value 14
373,9,Take in charge ticket,2012-10-19 11:40:09.913531744+00:00,2012-10-19 11:40:09.913531744+00:00,1799,Value 14
373,9,Resolve ticket,2012-10-19 11:40:09.913531744+00:00,2012-10-19 11:40:09.913531744+00:00,1800,Value 14
373,5,Closed,2012-10-19 11:40:09.913531744+00:00,2012-10-19 11:40:09.913531744+00:00,1801,Value 5
374,9,Assign seriousness,2012-10-19 12:18:15.044632364+00:00,2012-10-19 12:18:15.044632364+00:00,1802,Value 14
374,9,Take in charge ticket,2012-10-19 12:18:15.044632364+00:00,2012-10-19 12:18:15.044632364+00:00,1803,Value 14
374,9,Resolve ticket,2012-10-19 12:18:15.044632364+00:00,2012-10-19 12:18:15.044632364+00:00,1804,Value 14
374,5,Closed,2012-10-19 12:18:15.044632364+00:00,2012-10-19 12:18:15.044632364+00:00,1805,Value 5
375,9,Assign seriousness,2012-10-19 12:18:43.576860054+00:00,2012-10-19 12:18:43.576860054+00:00,1806,Value 14
375,9,Take in charge ticket,2012-10-19 12:18:43.576860054+00:00,2012-10-19 12:18:43.576860054+00:00,1807,Value 14
375,9,Wait,2012-10-19 12:18:43.576860054+00:00,2012-10-19 12:18:43.576860054+00:00,1808,Value 14
375,9,Take in charge ticket,2012-10-19 12:18:43.576860054+00:00,2012-10-19 12:18:43.576860054+00:00,1809,Value 14
375,9,Resolve ticket,2012-10-19 12:18:43.576860054+00:00,2012-10-19 12:18:43.576860054+00:00,1810,Value 14
375,5,Closed,2012-10-19 12:18:43.576860054+00:00,2012-10-19 12:18:43.576860054+00:00,1811,Value 5
376,9,Assign seriousness,2012-10-19 12:26:30.672276151+00:00,2012-10-19 12:26:30.672276151+00:00,1812,Value 14
376,0,Take in charge ticket,2012-10-19 12:26:30.672276151+00:00,2012-10-19 12:26:30.672276151+00:00,1813,Value 2
376,0,Resolve ticket,2012-10-19 12:26:30.672276151+00:00,2012-10-19 12:26:30.672276151+00:00,1814,Value 2
376,5,Closed,2012-10-19 12:26:30.672276151+00:00,2012-10-19 12:26:30.672276151+00:00,1815,Value 5
377,9,Assign seriousness,2012-10-19 12:31:46.565949540+00:00,2012-10-19 12:31:46.565949540+00:00,1816,Value 14
377,9,Take in charge ticket,2012-10-19 12:31:46.565949540+00:00,2012-10-19 12:31:46.565949540+00:00,1817,Value 14
377,9,Resolve ticket,2012-10-19 12:31:46.565949540+00:00,2012-10-19 12:31:46.565949540+00:00,1818,Value 14
377,5,Closed,2012-10-19 12:31:46.565949540+00:00,2012-10-19 12:31:46.565949540+00:00,1819,Value 5
378,9,Assign seriousness,2012-10-19 14:26:39.033399705+00:00,2012-10-19 14:26:39.033399705+00:00,1820,Value 14
378,9,Assign seriousness,2012-10-19 14:26:39.033399705+00:00,2012-10-19 14:26:39.033399705+00:00,1821,Value 14
378,9,Take in charge ticket,2012-10-19 14:26:39.033399705+00:00,2012-10-19 14:26:39.033399705+00:00,1822,Value 14
378,9,Resolve ticket,2012-10-19 14:26:39.033399705+00:00,2012-10-19 14:26:39.033399705+00:00,1823,Value 14
378,5,Closed,2012-10-19 14:26:39.033399705+00:00,2012-10-19 14:26:39.033399705+00:00,1824,Value 5
379,9,Assign seriousness,2012-10-19 14:35:51.093052142+00:00,2012-10-19 14:35:51.093052142+00:00,1825,Value 14
379,0,Assign seriousness,2012-10-19 14:35:51.093052142+00:00,2012-10-19 14:35:51.093052142+00:00,1826,Value 2
379,0,Take in charge ticket,2012-10-19 14:35:51.093052142+00:00,2012-10-19 14:35:51.093052142+00:00,1827,Value 2
379,0,Resolve ticket,2012-10-19 14:35:51.093052142+00:00,2012-10-19 14:35:51.093052142+00:00,1828,Value 2
379,5,Closed,2012-10-19 14:35:51.093052142+00:00,2012-10-19 14:35:51.093052142+00:00,1829,Value 5
380,9,Assign seriousness,2012-10-19 14:44:56.941808159+00:00,2012-10-19 14:44:56.941808159+00:00,1830,Value 14
380,9,Take in charge ticket,2012-10-19 14:44:56.941808159+00:00,2012-10-19 14:44:56.941808159+00:00,1831,Value 14
380,0,Create SW anomaly,2012-10-19 14:44:56.941808159+00:00,2012-10-19 14:44:56.941808159+00:00,1832,Value 2
380,0,Resolve ticket,2012-10-19 14:44:56.941808159+00:00,2012-10-19 14:44:56.941808159+00:00,1833,Value 2
380,5,Closed,2012-10-19 14:44:56.941808159+00:00,2012-10-19 14:44:56.941808159+00:00,1834,Value 5
381,5,Assign seriousness,2012-10-20 13:17:27+00:00,2012-10-20 13:17:27+00:00,1835,Value 5
381,0,Take in charge ticket,2012-10-22 03:00:00+00:00,2012-10-22 03:00:00+00:00,1837,Value 2
381,7,Wait,2012-10-22 03:00:00+00:00,2012-10-22 03:00:00+00:00,1838,Value 12
381,0,Wait,2012-10-22 03:00:00+00:00,2012-10-22 03:00:00+00:00,1839,Value 2
381,0,Take in charge ticket,2012-10-22 03:00:00+00:00,2012-10-22 03:00:00+00:00,1840,Value 2
381,0,Resolve ticket,2012-10-22 03:00:00+00:00,2012-10-22 03:00:00+00:00,1841,Value 2
381,5,Closed,2012-10-22 06:00:00+00:00,2012-10-22 06:00:00+00:00,1842,Value 5
382,9,Insert ticket,2012-10-22 04:00:49+00:00,2012-10-22 04:00:49+00:00,1843,Value 14
382,9,Assign seriousness,2012-10-22 04:00:49+00:00,2012-10-22 04:00:49+00:00,1844,Value 14
382,9,Take in charge ticket,2012-10-22 04:00:49+00:00,2012-10-22 04:00:49+00:00,1845,Value 14
382,11,Resolve ticket,2012-10-22 04:00:49+00:00,2012-10-22 04:00:49+00:00,1846,Value 9
382,5,Closed,2012-10-22 06:00:00+00:00,2012-10-22 06:00:00+00:00,1847,Value 5
383,9,Assign seriousness,2012-10-22 04:01:49.754259935+00:00,2012-10-22 04:01:49.754259935+00:00,1848,Value 14
383,0,Assign seriousness,2012-10-22 04:01:49.754259935+00:00,2012-10-22 04:01:49.754259935+00:00,1849,Value 2
383,9,Take in charge ticket,2012-10-22 04:01:49.754259935+00:00,2012-10-22 04:01:49.754259935+00:00,1850,Value 14
383,9,Resolve ticket,2012-10-22 04:01:49.754259935+00:00,2012-10-22 04:01:49.754259935+00:00,1851,Value 14
384,9,Assign seriousness,2012-10-22 04:07:24.508995179+00:00,2012-10-22 04:07:24.508995179+00:00,1853,Value 14
383,5,Closed,2012-10-22 06:00:00+00:00,2012-10-22 06:00:00+00:00,1854,Value 5
384,9,Take in charge ticket,2012-10-22 04:07:24.508995179+00:00,2012-10-22 04:07:24.508995179+00:00,1855,Value 14
385,9,Assign seriousness,2012-10-22 05:09:27.813841628+00:00,2012-10-22 05:09:27.813841628+00:00,1856,Value 14
384,9,Resolve ticket,2012-10-22 04:07:24.508995179+00:00,2012-10-22 04:07:24.508995179+00:00,1857,Value 14
385,12,Assign seriousness,2012-10-22 05:09:27.813841628+00:00,2012-10-22 05:09:27.813841628+00:00,1858,Value 7
385,12,Take in charge ticket,2012-10-22 05:09:27.813841628+00:00,2012-10-22 05:09:27.813841628+00:00,1860,Value 7
385,12,Resolve ticket,2012-10-22 05:09:27.813841628+00:00,2012-10-22 05:09:27.813841628+00:00,1861,Value 7
384,5,Closed,2012-10-22 06:00:00+00:00,2012-10-22 06:00:00+00:00,1862,Value 5
386,9,Assign seriousness,2012-10-22 05:24:28.113037050+00:00,2012-10-22 05:24:28.113037050+00:00,1864,Value 14
386,9,Take in charge ticket,2012-10-22 05:24:28.113037050+00:00,2012-10-22 05:24:28.113037050+00:00,1865,Value 14
385,5,Closed,2012-10-22 06:00:00+00:00,2012-10-22 06:00:00+00:00,1866,Value 5
386,9,Resolve ticket,2012-10-22 05:24:28.113037050+00:00,2012-10-22 05:24:28.113037050+00:00,1867,Value 14
386,5,Closed,2012-10-22 06:00:00+00:00,2012-10-22 06:00:00+00:00,1869,Value 5
387,9,Assign seriousness,2012-10-22 06:09:15.930710898+00:00,2012-10-22 06:09:15.930710898+00:00,1870,Value 14
387,0,Take in charge ticket,2012-10-22 06:09:15.930710898+00:00,2012-10-22 06:09:15.930710898+00:00,1871,Value 2
387,0,Resolve ticket,2012-10-22 06:09:15.930710898+00:00,2012-10-22 06:09:15.930710898+00:00,1872,Value 2
387,5,Closed,2012-10-22 06:09:15.930710898+00:00,2012-10-22 06:09:15.930710898+00:00,1873,Value 5
388,9,Assign seriousness,2012-10-22 07:24:32.718858397+00:00,2012-10-22 07:24:32.718858397+00:00,1874,Value 14
388,10,Take in charge ticket,2012-10-22 07:24:32.718858397+00:00,2012-10-22 07:24:32.718858397+00:00,1875,Value 19
388,10,Wait,2012-10-22 07:24:32.718858397+00:00,2012-10-22 07:24:32.718858397+00:00,1876,Value 19
388,10,Take in charge ticket,2012-10-22 07:24:32.718858397+00:00,2012-10-22 07:24:32.718858397+00:00,1877,Value 19
388,10,Resolve ticket,2012-10-22 07:24:32.718858397+00:00,2012-10-22 07:24:32.718858397+00:00,1878,Value 19
388,5,Closed,2012-10-22 07:24:32.718858397+00:00,2012-10-22 07:24:32.718858397+00:00,1879,Value 5
389,9,Assign seriousness,2012-10-22 10:16:42.858039315+00:00,2012-10-22 10:16:42.858039315+00:00,1880,Value 14
389,9,Take in charge ticket,2012-10-22 10:16:42.858039315+00:00,2012-10-22 10:16:42.858039315+00:00,1881,Value 14
389,9,Resolve ticket,2012-10-22 10:16:42.858039315+00:00,2012-10-22 10:16:42.858039315+00:00,1882,Value 14
389,5,Closed,2012-10-22 10:16:42.858039315+00:00,2012-10-22 10:16:42.858039315+00:00,1883,Value 5
390,9,Assign seriousness,2012-10-22 12:06:23.729030779+00:00,2012-10-22 12:06:23.729030779+00:00,1884,Value 14
390,0,Assign seriousness,2012-10-22 12:06:23.729030779+00:00,2012-10-22 12:06:23.729030779+00:00,1885,Value 2
390,0,Take in charge ticket,2012-10-22 12:06:23.729030779+00:00,2012-10-22 12:06:23.729030779+00:00,1886,Value 2
390,0,Resolve ticket,2012-10-22 12:06:23.729030779+00:00,2012-10-22 12:06:23.729030779+00:00,1887,Value 2
390,5,Closed,2012-10-22 12:06:23.729030779+00:00,2012-10-22 12:06:23.729030779+00:00,1888,Value 5
391,9,Insert ticket,2012-10-22 12:25:57.270772973+00:00,2012-10-22 12:25:57.270772973+00:00,1889,Value 14
391,9,Assign seriousness,2012-10-22 12:25:57.270772973+00:00,2012-10-22 12:25:57.270772973+00:00,1890,Value 14
391,9,Take in charge ticket,2012-10-22 12:25:57.270772973+00:00,2012-10-22 12:25:57.270772973+00:00,1891,Value 14
391,9,Resolve ticket,2012-10-22 12:25:57.270772973+00:00,2012-10-22 12:25:57.270772973+00:00,1892,Value 14
391,5,Closed,2012-10-22 12:25:57.270772973+00:00,2012-10-22 12:25:57.270772973+00:00,1893,Value 5
392,9,Assign seriousness,2012-10-22 12:39:59.116052065+00:00,2012-10-22 12:39:59.116052065+00:00,1894,Value 14
392,9,Take in charge ticket,2012-10-22 12:39:59.116052065+00:00,2012-10-22 12:39:59.116052065+00:00,1895,Value 14
392,9,Resolve ticket,2012-10-22 12:39:59.116052065+00:00,2012-10-22 12:39:59.116052065+00:00,1896,Value 14
392,5,Closed,2012-10-22 12:39:59.116052065+00:00,2012-10-22 12:39:59.116052065+00:00,1897,Value 5
393,9,Assign seriousness,2012-10-22 13:12:50.518409632+00:00,2012-10-22 13:12:50.518409632+00:00,1898,Value 14
393,11,Take in charge ticket,2012-10-22 13:12:50.518409632+00:00,2012-10-22 13:12:50.518409632+00:00,1899,Value 9
393,11,Resolve ticket,2012-10-22 13:12:50.518409632+00:00,2012-10-22 13:12:50.518409632+00:00,1900,Value 9
393,5,Closed,2012-10-22 13:12:50.518409632+00:00,2012-10-22 13:12:50.518409632+00:00,1901,Value 5
394,9,Assign seriousness,2012-10-22 14:02:45.535565541+00:00,2012-10-22 14:02:45.535565541+00:00,1902,Value 14
394,3,Take in charge ticket,2012-10-22 14:02:45.535565541+00:00,2012-10-22 14:02:45.535565541+00:00,1903,Value 16
394,3,Wait,2012-10-22 14:02:45.535565541+00:00,2012-10-22 14:02:45.535565541+00:00,1904,Value 16
394,3,Take in charge ticket,2012-10-22 14:02:45.535565541+00:00,2012-10-22 14:02:45.535565541+00:00,1905,Value 16
394,3,Resolve ticket,2012-10-22 14:02:45.535565541+00:00,2012-10-22 14:02:45.535565541+00:00,1906,Value 16
394,5,Closed,2012-10-22 14:02:45.535565541+00:00,2012-10-22 14:02:45.535565541+00:00,1907,Value 5
395,9,Assign seriousness,2012-10-22 14:31:16.138509692+00:00,2012-10-22 14:31:16.138509692+00:00,1908,Value 14
395,9,Take in charge ticket,2012-10-22 14:31:16.138509692+00:00,2012-10-22 14:31:16.138509692+00:00,1909,Value 14
395,9,Resolve ticket,2012-10-22 14:31:16.138509692+00:00,2012-10-22 14:31:16.138509692+00:00,1910,Value 14
395,5,Closed,2012-10-22 14:31:16.138509692+00:00,2012-10-22 14:31:16.138509692+00:00,1911,Value 5
396,9,Insert ticket,2012-10-22 15:01:26.666774161+00:00,2012-10-22 15:01:26.666774161+00:00,1912,Value 14
396,9,Assign seriousness,2012-10-22 15:01:26.666774161+00:00,2012-10-22 15:01:26.666774161+00:00,1913,Value 14
396,9,Take in charge ticket,2012-10-22 15:01:26.666774161+00:00,2012-10-22 15:01:26.666774161+00:00,1914,Value 14
396,9,Resolve ticket,2012-10-22 15:01:26.666774161+00:00,2012-10-22 15:01:26.666774161+00:00,1915,Value 14
396,5,Closed,2012-10-22 15:01:26.666774161+00:00,2012-10-22 15:01:26.666774161+00:00,1916,Value 5
397,14,Assign seriousness,2012-10-22 15:02:02.964347203+00:00,2012-10-22 15:02:02.964347203+00:00,1917,Value 8
397,0,Assign seriousness,2012-10-22 15:02:02.964347203+00:00,2012-10-22 15:02:02.964347203+00:00,1918,Value 2
397,0,Take in charge ticket,2012-10-22 15:02:02.964347203+00:00,2012-10-22 15:02:02.964347203+00:00,1919,Value 2
397,0,Wait,2012-10-22 15:02:02.964347203+00:00,2012-10-22 15:02:02.964347203+00:00,1920,Value 2
397,17,Take in charge ticket,2012-10-22 15:02:02.964347203+00:00,2012-10-22 15:02:02.964347203+00:00,1921,Value 1
397,17,Wait,2012-10-22 15:02:02.964347203+00:00,2012-10-22 15:02:02.964347203+00:00,1922,Value 1
397,17,Resolve ticket,2012-10-22 15:02:02.964347203+00:00,2012-10-22 15:02:02.964347203+00:00,1923,Value 1
397,5,Closed,2012-10-22 15:02:02.964347203+00:00,2012-10-22 15:02:02.964347203+00:00,1924,Value 5
398,15,Assign seriousness,2012-10-23 04:00:00+00:00,2012-10-23 04:00:00+00:00,1926,Value 13
398,8,Take in charge ticket,2012-10-23 04:00:00+00:00,2012-10-23 04:00:00+00:00,1927,Value 6
398,8,Resolve ticket,2012-10-23 04:00:00+00:00,2012-10-23 04:00:00+00:00,1928,Value 6
398,5,Closed,2012-10-23 04:00:00+00:00,2012-10-23 04:00:00+00:00,1929,Value 5
399,15,Assign seriousness,2012-10-23 04:14:18.506713526+00:00,2012-10-23 04:14:18.506713526+00:00,1930,Value 13
399,15,Take in charge ticket,2012-10-23 04:14:18.506713526+00:00,2012-10-23 04:14:18.506713526+00:00,1931,Value 13
399,15,Resolve ticket,2012-10-23 04:14:18.506713526+00:00,2012-10-23 04:14:18.506713526+00:00,1932,Value 13
399,5,Closed,2012-10-23 04:14:18.506713526+00:00,2012-10-23 04:14:18.506713526+00:00,1933,Value 5
400,15,Assign seriousness,2012-10-23 05:11:36.411129966+00:00,2012-10-23 05:11:36.411129966+00:00,1934,Value 13
400,8,Take in charge ticket,2012-10-23 05:11:36.411129966+00:00,2012-10-23 05:11:36.411129966+00:00,1935,Value 6
400,8,Resolve ticket,2012-10-23 05:11:36.411129966+00:00,2012-10-23 05:11:36.411129966+00:00,1936,Value 6
400,5,Closed,2012-10-23 05:11:36.411129966+00:00,2012-10-23 05:11:36.411129966+00:00,1937,Value 5
401,15,Assign seriousness,2012-10-23 07:12:33.881821292+00:00,2012-10-23 07:12:33.881821292+00:00,1938,Value 13
401,0,Take in charge ticket,2012-10-23 07:12:33.881821292+00:00,2012-10-23 07:12:33.881821292+00:00,1939,Value 2
401,0,Wait,2012-10-23 07:12:33.881821292+00:00,2012-10-23 07:12:33.881821292+00:00,1940,Value 2
401,0,Resolve ticket,2012-10-23 07:12:33.881821292+00:00,2012-10-23 07:12:33.881821292+00:00,1941,Value 2
401,5,Closed,2012-10-23 07:12:33.881821292+00:00,2012-10-23 07:12:33.881821292+00:00,1942,Value 5
402,15,Assign seriousness,2012-10-23 08:20:41.062719316+00:00,2012-10-23 08:20:41.062719316+00:00,1943,Value 13
402,11,Take in charge ticket,2012-10-23 08:20:41.062719316+00:00,2012-10-23 08:20:41.062719316+00:00,1944,Value 9
402,11,Resolve ticket,2012-10-23 08:20:41.062719316+00:00,2012-10-23 08:20:41.062719316+00:00,1945,Value 9
402,5,Closed,2012-10-23 08:20:41.062719316+00:00,2012-10-23 08:20:41.062719316+00:00,1946,Value 5
403,15,Assign seriousness,2012-10-23 08:52:24.815997567+00:00,2012-10-23 08:52:24.815997567+00:00,1947,Value 13
403,15,Take in charge ticket,2012-10-23 08:52:24.815997567+00:00,2012-10-23 08:52:24.815997567+00:00,1948,Value 13
403,15,Wait,2012-10-23 08:52:24.815997567+00:00,2012-10-23 08:52:24.815997567+00:00,1949,Value 13
403,15,Take in charge ticket,2012-10-23 08:52:24.815997567+00:00,2012-10-23 08:52:24.815997567+00:00,1950,Value 13
403,15,Resolve ticket,2012-10-23 08:52:24.815997567+00:00,2012-10-23 08:52:24.815997567+00:00,1951,Value 13
403,5,Closed,2012-10-23 08:52:24.815997567+00:00,2012-10-23 08:52:24.815997567+00:00,1952,Value 5
404,15,Assign seriousness,2012-10-23 11:49:54.201130481+00:00,2012-10-23 11:49:54.201130481+00:00,1953,Value 13
404,2,Wait,2012-10-23 11:49:54.201130481+00:00,2012-10-23 11:49:54.201130481+00:00,1954,Value 11
404,2,Take in charge ticket,2012-10-23 11:49:54.201130481+00:00,2012-10-23 11:49:54.201130481+00:00,1955,Value 11
404,2,Resolve ticket,2012-10-23 11:49:54.201130481+00:00,2012-10-23 11:49:54.201130481+00:00,1956,Value 11
404,2,Take in charge ticket,2012-10-23 11:49:54.201130481+00:00,2012-10-23 11:49:54.201130481+00:00,1957,Value 11
404,2,Resolve ticket,2012-10-23 11:49:54.201130481+00:00,2012-10-23 11:49:54.201130481+00:00,1958,Value 11
404,5,Closed,2012-10-23 11:49:54.201130481+00:00,2012-10-23 11:49:54.201130481+00:00,1959,Value 5
405,15,Assign seriousness,2012-10-23 11:55:38.242281797+00:00,2012-10-23 11:55:38.242281797+00:00,1960,Value 13
405,15,Take in charge ticket,2012-10-23 11:55:38.242281797+00:00,2012-10-23 11:55:38.242281797+00:00,1961,Value 13
405,15,Resolve ticket,2012-10-23 11:55:38.242281797+00:00,2012-10-23 11:55:38.242281797+00:00,1962,Value 13
405,5,Closed,2012-10-23 11:55:38.242281797+00:00,2012-10-23 11:55:38.242281797+00:00,1963,Value 5
406,15,Assign seriousness,2012-10-23 14:17:34.736231875+00:00,2012-10-23 14:17:34.736231875+00:00,1964,Value 13
406,15,Take in charge ticket,2012-10-23 14:17:34.736231875+00:00,2012-10-23 14:17:34.736231875+00:00,1965,Value 13
406,15,Wait,2012-10-23 14:17:34.736231875+00:00,2012-10-23 14:17:34.736231875+00:00,1966,Value 13
406,15,Resolve ticket,2012-10-23 14:17:34.736231875+00:00,2012-10-23 14:17:34.736231875+00:00,1967,Value 13
406,5,Closed,2012-10-23 14:17:34.736231875+00:00,2012-10-23 14:17:34.736231875+00:00,1968,Value 5
407,15,Assign seriousness,2012-10-23 14:27:06.306149911+00:00,2012-10-23 14:27:06.306149911+00:00,1969,Value 13
407,15,Resolve ticket,2012-10-23 14:27:06.306149911+00:00,2012-10-23 14:27:06.306149911+00:00,1970,Value 13
407,5,Closed,2012-10-23 14:27:06.306149911+00:00,2012-10-23 14:27:06.306149911+00:00,1971,Value 5
408,15,Assign seriousness,2012-10-24 04:01:43+00:00,2012-10-24 04:01:43+00:00,1972,Value 13
408,0,Take in charge ticket,2012-10-24 04:01:43+00:00,2012-10-24 04:01:43+00:00,1973,Value 2
408,0,Resolve ticket,2012-10-24 04:01:43+00:00,2012-10-24 04:01:43+00:00,1974,Value 2
408,5,Closed,2012-10-24 04:01:43+00:00,2012-10-24 04:01:43+00:00,1975,Value 5
409,15,Assign seriousness,2012-10-24 04:28:06.407152984+00:00,2012-10-24 04:28:06.407152984+00:00,1976,Value 13
409,18,Take in charge ticket,2012-10-24 04:28:06.407152984+00:00,2012-10-24 04:28:06.407152984+00:00,1977,Value 4
409,18,Wait,2012-10-24 04:28:06.407152984+00:00,2012-10-24 04:28:06.407152984+00:00,1978,Value 4
409,18,Resolve ticket,2012-10-24 04:28:06.407152984+00:00,2012-10-24 04:28:06.407152984+00:00,1979,Value 4
409,5,Closed,2012-10-24 04:28:06.407152984+00:00,2012-10-24 04:28:06.407152984+00:00,1980,Value 5
410,15,Assign seriousness,2012-10-24 06:19:13.801852230+00:00,2012-10-24 06:19:13.801852230+00:00,1981,Value 13
410,15,Take in charge ticket,2012-10-24 06:19:13.801852230+00:00,2012-10-24 06:19:13.801852230+00:00,1982,Value 13
410,15,Resolve ticket,2012-10-24 06:19:13.801852230+00:00,2012-10-24 06:19:13.801852230+00:00,1983,Value 13
410,5,Closed,2012-10-24 06:19:13.801852230+00:00,2012-10-24 06:19:13.801852230+00:00,1984,Value 5
411,15,Assign seriousness,2012-10-24 07:27:54.852910601+00:00,2012-10-24 07:27:54.852910601+00:00,1985,Value 13
411,11,Resolve ticket,2012-10-24 07:27:54.852910601+00:00,2012-10-24 07:27:54.852910601+00:00,1986,Value 9
411,11,Resolve ticket,2012-10-24 07:27:54.852910601+00:00,2012-10-24 07:27:54.852910601+00:00,1987,Value 9
411,5,Closed,2012-10-24 07:27:54.852910601+00:00,2012-10-24 07:27:54.852910601+00:00,1988,Value 5
412,15,Assign seriousness,2012-10-24 09:32:46.325420276+00:00,2012-10-24 09:32:46.325420276+00:00,1989,Value 13
412,15,Take in charge ticket,2012-10-24 09:32:46.325420276+00:00,2012-10-24 09:32:46.325420276+00:00,1990,Value 13
412,15,Resolve ticket,2012-10-24 09:32:46.325420276+00:00,2012-10-24 09:32:46.325420276+00:00,1991,Value 13
412,5,Closed,2012-10-24 09:32:46.325420276+00:00,2012-10-24 09:32:46.325420276+00:00,1992,Value 5
413,15,Assign seriousness,2012-10-24 09:36:49.099943478+00:00,2012-10-24 09:36:49.099943478+00:00,1993,Value 13
413,0,Take in charge ticket,2012-10-24 09:36:49.099943478+00:00,2012-10-24 09:36:49.099943478+00:00,1994,Value 2
413,0,Resolve ticket,2012-10-24 09:36:49.099943478+00:00,2012-10-24 09:36:49.099943478+00:00,1995,Value 2
413,5,Closed,2012-10-24 09:36:49.099943478+00:00,2012-10-24 09:36:49.099943478+00:00,1996,Value 5
414,10,Insert ticket,2012-10-24 10:11:03.308222683+00:00,2012-10-24 10:11:03.308222683+00:00,1997,Value 19
414,10,Assign seriousness,2012-10-24 10:11:03.308222683+00:00,2012-10-24 10:11:03.308222683+00:00,1998,Value 19
414,2,Take in charge ticket,2012-10-24 10:11:03.308222683+00:00,2012-10-24 10:11:03.308222683+00:00,1999,Value 11
414,2,Resolve ticket,2012-10-24 10:11:03.308222683+00:00,2012-10-24 10:11:03.308222683+00:00,2000,Value 11
414,5,Closed,2012-10-24 10:11:03.308222683+00:00,2012-10-24 10:11:03.308222683+00:00,2001,Value 5
415,15,Assign seriousness,2012-10-24 10:22:25.445166928+00:00,2012-10-24 10:22:25.445166928+00:00,2002,Value 13
415,15,Take in charge ticket,2012-10-24 10:22:25.445166928+00:00,2012-10-24 10:22:25.445166928+00:00,2003,Value 13
415,15,Resolve ticket,2012-10-24 10:22:25.445166928+00:00,2012-10-24 10:22:25.445166928+00:00,2004,Value 13
415,5,Closed,2012-10-24 10:22:25.445166928+00:00,2012-10-24 10:22:25.445166928+00:00,2005,Value 5
416,15,Assign seriousness,2012-10-24 11:00:35.132131317+00:00,2012-10-24 11:00:35.132131317+00:00,2006,Value 13
416,15,Take in charge ticket,2012-10-24 11:00:35.132131317+00:00,2012-10-24 11:00:35.132131317+00:00,2007,Value 13
416,15,Resolve ticket,2012-10-24 11:00:35.132131317+00:00,2012-10-24 11:00:35.132131317+00:00,2008,Value 13
416,5,Closed,2012-10-24 11:00:35.132131317+00:00,2012-10-24 11:00:35.132131317+00:00,2009,Value 5
417,15,Assign seriousness,2012-10-24 14:27:07.009830971+00:00,2012-10-24 14:27:07.009830971+00:00,2010,Value 13
417,15,Take in charge ticket,2012-10-24 14:27:07.009830971+00:00,2012-10-24 14:27:07.009830971+00:00,2011,Value 13
417,15,Resolve ticket,2012-10-24 14:27:07.009830971+00:00,2012-10-24 14:27:07.009830971+00:00,2012,Value 13
417,5,Closed,2012-10-24 14:27:07.009830971+00:00,2012-10-24 14:27:07.009830971+00:00,2013,Value 5
418,15,Assign seriousness,2012-10-24 15:05:40.796450780+00:00,2012-10-24 15:05:40.796450780+00:00,2014,Value 13
418,12,Take in charge ticket,2012-10-24 15:05:40.796450780+00:00,2012-10-24 15:05:40.796450780+00:00,2015,Value 7
418,12,Resolve ticket,2012-10-24 15:05:40.796450780+00:00,2012-10-24 15:05:40.796450780+00:00,2016,Value 7
418,5,Closed,2012-10-24 15:05:40.796450780+00:00,2012-10-24 15:05:40.796450780+00:00,2017,Value 5
419,10,Assign seriousness,2012-10-24 15:10:57.333150387+00:00,2012-10-24 15:10:57.333150387+00:00,2018,Value 19
419,0,Take in charge ticket,2012-10-24 15:10:57.333150387+00:00,2012-10-24 15:10:57.333150387+00:00,2019,Value 2
419,17,Resolve ticket,2012-10-24 15:10:57.333150387+00:00,2012-10-24 15:10:57.333150387+00:00,2020,Value 1
419,5,Closed,2012-10-24 15:10:57.333150387+00:00,2012-10-24 15:10:57.333150387+00:00,2021,Value 5
420,2,Assign seriousness,2012-10-25 04:02:16+00:00,2012-10-25 04:02:16+00:00,2022,Value 11
420,2,Take in charge ticket,2012-10-25 04:02:16+00:00,2012-10-25 04:02:16+00:00,2023,Value 11
420,2,Resolve ticket,2012-10-25 04:02:16+00:00,2012-10-25 04:02:16+00:00,2024,Value 11
420,5,Closed,2012-10-25 04:02:16+00:00,2012-10-25 04:02:16+00:00,2025,Value 5
421,2,Assign seriousness,2012-10-25 04:34:29.579861157+00:00,2012-10-25 04:34:29.579861157+00:00,2026,Value 11
421,2,Take in charge ticket,2012-10-25 04:34:29.579861157+00:00,2012-10-25 04:34:29.579861157+00:00,2027,Value 11
421,2,Resolve ticket,2012-10-25 04:34:29.579861157+00:00,2012-10-25 04:34:29.579861157+00:00,2028,Value 11
421,5,Closed,2012-10-25 04:34:29.579861157+00:00,2012-10-25 04:34:29.579861157+00:00,2029,Value 5
422,2,Assign seriousness,2012-10-25 06:22:57.130211175+00:00,2012-10-25 06:22:57.130211175+00:00,2030,Value 11
422,2,Take in charge ticket,2012-10-25 06:22:57.130211175+00:00,2012-10-25 06:22:57.130211175+00:00,2031,Value 11
422,2,Resolve ticket,2012-10-25 06:22:57.130211175+00:00,2012-10-25 06:22:57.130211175+00:00,2032,Value 11
422,5,Closed,2012-10-25 06:22:57.130211175+00:00,2012-10-25 06:22:57.130211175+00:00,2033,Value 5
423,2,Assign seriousness,2012-10-25 06:57:46.342843125+00:00,2012-10-25 06:57:46.342843125+00:00,2034,Value 11
423,2,Take in charge ticket,2012-10-25 06:57:46.342843125+00:00,2012-10-25 06:57:46.342843125+00:00,2035,Value 11
423,2,Resolve ticket,2012-10-25 06:57:46.342843125+00:00,2012-10-25 06:57:46.342843125+00:00,2036,Value 11
423,5,Closed,2012-10-25 06:57:46.342843125+00:00,2012-10-25 06:57:46.342843125+00:00,2037,Value 5
424,2,Assign seriousness,2012-10-25 06:58:25.817617644+00:00,2012-10-25 06:58:25.817617644+00:00,2038,Value 11
424,2,Take in charge ticket,2012-10-25 06:58:25.817617644+00:00,2012-10-25 06:58:25.817617644+00:00,2039,Value 11
424,2,Resolve ticket,2012-10-25 06:58:25.817617644+00:00,2012-10-25 06:58:25.817617644+00:00,2040,Value 11
424,5,Closed,2012-10-25 06:58:25.817617644+00:00,2012-10-25 06:58:25.817617644+00:00,2041,Value 5
425,2,Assign seriousness,2012-10-25 07:12:17.261815865+00:00,2012-10-25 07:12:17.261815865+00:00,2042,Value 11
425,2,Take in charge ticket,2012-10-25 07:12:17.261815865+00:00,2012-10-25 07:12:17.261815865+00:00,2043,Value 11
425,2,Resolve ticket,2012-10-25 07:12:17.261815865+00:00,2012-10-25 07:12:17.261815865+00:00,2044,Value 11
425,5,Closed,2012-10-25 07:12:17.261815865+00:00,2012-10-25 07:12:17.261815865+00:00,2045,Value 5
426,2,Assign seriousness,2012-10-25 07:55:48.127221377+00:00,2012-10-25 07:55:48.127221377+00:00,2046,Value 11
426,2,Take in charge ticket,2012-10-25 07:55:48.127221377+00:00,2012-10-25 07:55:48.127221377+00:00,2047,Value 11
426,2,Resolve ticket,2012-10-25 07:55:48.127221377+00:00,2012-10-25 07:55:48.127221377+00:00,2048,Value 11
426,5,Closed,2012-10-25 07:55:48.127221377+00:00,2012-10-25 07:55:48.127221377+00:00,2049,Value 5
427,2,Assign seriousness,2012-10-25 08:31:49.452477761+00:00,2012-10-25 08:31:49.452477761+00:00,2050,Value 11
427,2,Take in charge ticket,2012-10-25 08:31:49.452477761+00:00,2012-10-25 08:31:49.452477761+00:00,2051,Value 11
427,2,Resolve ticket,2012-10-25 08:31:49.452477761+00:00,2012-10-25 08:31:49.452477761+00:00,2052,Value 11
427,5,Closed,2012-10-25 08:31:49.452477761+00:00,2012-10-25 08:31:49.452477761+00:00,2053,Value 5
428,2,Assign seriousness,2012-10-26 04:00:00+00:00,2012-10-26 04:00:00+00:00,2055,Value 11
428,2,Take in charge ticket,2012-10-26 04:00:00+00:00,2012-10-26 04:00:00+00:00,2056,Value 11
428,2,Resolve ticket,2012-10-26 04:00:00+00:00,2012-10-26 04:00:00+00:00,2057,Value 11
428,5,Closed,2012-10-26 04:00:00+00:00,2012-10-26 04:00:00+00:00,2058,Value 5
429,2,Assign seriousness,2012-10-26 04:47:09.181378597+00:00,2012-10-26 04:47:09.181378597+00:00,2059,Value 11
429,2,Take in charge ticket,2012-10-26 04:47:09.181378597+00:00,2012-10-26 04:47:09.181378597+00:00,2060,Value 11
429,2,Resolve ticket,2012-10-26 04:47:09.181378597+00:00,2012-10-26 04:47:09.181378597+00:00,2061,Value 11
429,5,Closed,2012-10-26 04:47:09.181378597+00:00,2012-10-26 04:47:09.181378597+00:00,2062,Value 5
430,2,Assign seriousness,2012-10-26 04:51:05.184571193+00:00,2012-10-26 04:51:05.184571193+00:00,2063,Value 11
430,2,Take in charge ticket,2012-10-26 04:51:05.184571193+00:00,2012-10-26 04:51:05.184571193+00:00,2064,Value 11
430,2,Resolve ticket,2012-10-26 04:51:05.184571193+00:00,2012-10-26 04:51:05.184571193+00:00,2065,Value 11
430,5,Closed,2012-10-26 04:51:05.184571193+00:00,2012-10-26 04:51:05.184571193+00:00,2066,Value 5
431,2,Assign seriousness,2012-10-26 05:09:31.566879762+00:00,2012-10-26 05:09:31.566879762+00:00,2067,Value 11
431,2,Take in charge ticket,2012-10-26 05:09:31.566879762+00:00,2012-10-26 05:09:31.566879762+00:00,2068,Value 11
431,2,Resolve ticket,2012-10-26 05:09:31.566879762+00:00,2012-10-26 05:09:31.566879762+00:00,2069,Value 11
431,5,Closed,2012-10-26 05:09:31.566879762+00:00,2012-10-26 05:09:31.566879762+00:00,2070,Value 5
432,2,Assign seriousness,2012-10-26 06:14:49.237101876+00:00,2012-10-26 06:14:49.237101876+00:00,2071,Value 11
432,2,Take in charge ticket,2012-10-26 06:14:49.237101876+00:00,2012-10-26 06:14:49.237101876+00:00,2072,Value 11
432,2,Resolve ticket,2012-10-26 06:14:49.237101876+00:00,2012-10-26 06:14:49.237101876+00:00,2073,Value 11
432,5,Closed,2012-10-26 06:14:49.237101876+00:00,2012-10-26 06:14:49.237101876+00:00,2074,Value 5
433,2,Assign seriousness,2012-10-26 08:21:51.057659412+00:00,2012-10-26 08:21:51.057659412+00:00,2075,Value 11
433,2,Take in charge ticket,2012-10-26 08:21:51.057659412+00:00,2012-10-26 08:21:51.057659412+00:00,2076,Value 11
433,2,Resolve ticket,2012-10-26 08:21:51.057659412+00:00,2012-10-26 08:21:51.057659412+00:00,2077,Value 11
433,5,Closed,2012-10-26 08:21:51.057659412+00:00,2012-10-26 08:21:51.057659412+00:00,2078,Value 5
434,13,Take in charge ticket,2012-10-26 08:39:28.125008656+00:00,2012-10-26 08:39:28.125008656+00:00,2079,Value 17
434,13,Resolve ticket,2012-10-26 08:39:28.125008656+00:00,2012-10-26 08:39:28.125008656+00:00,2080,Value 17
434,5,Closed,2012-10-26 08:39:28.125008656+00:00,2012-10-26 08:39:28.125008656+00:00,2081,Value 5
435,2,Assign seriousness,2012-10-26 11:08:43.095099052+00:00,2012-10-26 11:08:43.095099052+00:00,2082,Value 11
435,2,Take in charge ticket,2012-10-26 11:08:43.095099052+00:00,2012-10-26 11:08:43.095099052+00:00,2083,Value 11
435,2,Resolve ticket,2012-10-26 11:08:43.095099052+00:00,2012-10-26 11:08:43.095099052+00:00,2084,Value 11
435,0,Resolve ticket,2012-10-26 11:08:43.095099052+00:00,2012-10-26 11:08:43.095099052+00:00,2085,Value 2
435,5,Closed,2012-10-26 11:08:43.095099052+00:00,2012-10-26 11:08:43.095099052+00:00,2086,Value 5
436,2,Insert ticket,2012-10-26 13:39:46.832397408+00:00,2012-10-26 13:39:46.832397408+00:00,2087,Value 11
436,2,Assign seriousness,2012-10-26 13:39:46.832397408+00:00,2012-10-26 13:39:46.832397408+00:00,2088,Value 11
436,2,Take in charge ticket,2012-10-26 13:39:46.832397408+00:00,2012-10-26 13:39:46.832397408+00:00,2089,Value 11
436,2,Resolve ticket,2012-10-26 13:39:46.832397408+00:00,2012-10-26 13:39:46.832397408+00:00,2090,Value 11
436,5,Closed,2012-10-26 13:39:46.832397408+00:00,2012-10-26 13:39:46.832397408+00:00,2091,Value 5
437,2,Assign seriousness,2012-10-26 14:21:05.772151303+00:00,2012-10-26 14:21:05.772151303+00:00,2092,Value 11
437,2,Take in charge ticket,2012-10-26 14:21:05.772151303+00:00,2012-10-26 14:21:05.772151303+00:00,2093,Value 11
437,2,Resolve ticket,2012-10-26 14:21:05.772151303+00:00,2012-10-26 14:21:05.772151303+00:00,2094,Value 11
437,12,Take in charge ticket,2012-10-26 14:21:05.772151303+00:00,2012-10-26 14:21:05.772151303+00:00,2095,Value 7
437,15,Resolve ticket,2012-10-26 14:21:05.772151303+00:00,2012-10-26 14:21:05.772151303+00:00,2096,Value 13
437,5,Closed,2012-10-26 14:21:05.772151303+00:00,2012-10-26 14:21:05.772151303+00:00,2097,Value 5
438,5,Assign seriousness,2012-10-27 13:17:27+00:00,2012-10-27 13:17:27+00:00,2098,Value 5
438,0,Take in charge ticket,2012-10-29 03:00:00+00:00,2012-10-29 03:00:00+00:00,2100,Value 2
438,0,Take in charge ticket,2012-10-29 03:00:00+00:00,2012-10-29 03:00:00+00:00,2101,Value 2
438,0,Resolve ticket,2012-10-29 03:00:00+00:00,2012-10-29 03:00:00+00:00,2102,Value 2
438,5,Closed,2012-10-29 06:00:00+00:00,2012-10-29 06:00:00+00:00,2103,Value 5
439,2,Assign seriousness,2012-10-29 04:00:49+00:00,2012-10-29 04:00:49+00:00,2104,Value 11
439,2,Take in charge ticket,2012-10-29 04:00:49+00:00,2012-10-29 04:00:49+00:00,2105,Value 11
439,2,Resolve ticket,2012-10-29 04:00:49+00:00,2012-10-29 04:00:49+00:00,2106,Value 11
440,2,Assign seriousness,2012-10-29 05:43:39.667711106+00:00,2012-10-29 05:43:39.667711106+00:00,2108,Value 11
439,5,Closed,2012-10-29 06:00:00+00:00,2012-10-29 06:00:00+00:00,2109,Value 5
440,2,Take in charge ticket,2012-10-29 05:43:39.667711106+00:00,2012-10-29 05:43:39.667711106+00:00,2110,Value 11
441,2,Assign seriousness,2012-10-29 05:43:41.273776569+00:00,2012-10-29 05:43:41.273776569+00:00,2111,Value 11
440,2,Resolve ticket,2012-10-29 05:43:39.667711106+00:00,2012-10-29 05:43:39.667711106+00:00,2112,Value 11
441,2,Assign seriousness,2012-10-29 05:43:41.273776569+00:00,2012-10-29 05:43:41.273776569+00:00,2113,Value 11
441,2,Take in charge ticket,2012-10-29 05:43:41.273776569+00:00,2012-10-29 05:43:41.273776569+00:00,2115,Value 11
441,2,Resolve ticket,2012-10-29 05:43:41.273776569+00:00,2012-10-29 05:43:41.273776569+00:00,2116,Value 11
440,5,Closed,2012-10-29 06:00:00+00:00,2012-10-29 06:00:00+00:00,2117,Value 5
441,5,Closed,2012-10-29 06:00:00+00:00,2012-10-29 06:00:00+00:00,2119,Value 5
442,1,Create SW anomaly,2012-10-29 06:06:22.854423647+00:00,2012-10-29 06:06:22.854423647+00:00,2120,Value 15
442,0,Resolve ticket,2012-10-29 06:06:22.854423647+00:00,2012-10-29 06:06:22.854423647+00:00,2121,Value 2
442,0,Take in charge ticket,2012-10-29 06:06:22.854423647+00:00,2012-10-29 06:06:22.854423647+00:00,2122,Value 2
442,0,Resolve ticket,2012-10-29 06:06:22.854423647+00:00,2012-10-29 06:06:22.854423647+00:00,2123,Value 2
442,5,Closed,2012-10-29 06:06:22.854423647+00:00,2012-10-29 06:06:22.854423647+00:00,2124,Value 5
443,2,Assign seriousness,2012-10-29 06:59:24.521777720+00:00,2012-10-29 06:59:24.521777720+00:00,2125,Value 11
443,2,Take in charge ticket,2012-10-29 06:59:24.521777720+00:00,2012-10-29 06:59:24.521777720+00:00,2126,Value 11
443,2,Resolve ticket,2012-10-29 06:59:24.521777720+00:00,2012-10-29 06:59:24.521777720+00:00,2127,Value 11
443,5,Closed,2012-10-29 06:59:24.521777720+00:00,2012-10-29 06:59:24.521777720+00:00,2128,Value 5
444,2,Assign seriousness,2012-10-29 06:59:28.632668464+00:00,2012-10-29 06:59:28.632668464+00:00,2129,Value 11
444,2,Take in charge ticket,2012-10-29 06:59:28.632668464+00:00,2012-10-29 06:59:28.632668464+00:00,2130,Value 11
444,2,Resolve ticket,2012-10-29 06:59:28.632668464+00:00,2012-10-29 06:59:28.632668464+00:00,2131,Value 11
444,5,Closed,2012-10-29 06:59:28.632668464+00:00,2012-10-29 06:59:28.632668464+00:00,2132,Value 5
445,2,Assign seriousness,2012-10-29 07:38:54.531310013+00:00,2012-10-29 07:38:54.531310013+00:00,2133,Value 11
445,2,Take in charge ticket,2012-10-29 07:38:54.531310013+00:00,2012-10-29 07:38:54.531310013+00:00,2134,Value 11
445,2,Resolve ticket,2012-10-29 07:38:54.531310013+00:00,2012-10-29 07:38:54.531310013+00:00,2135,Value 11
445,5,Closed,2012-10-29 07:38:54.531310013+00:00,2012-10-29 07:38:54.531310013+00:00,2136,Value 5
446,2,Assign seriousness,2012-10-29 08:03:12.220425072+00:00,2012-10-29 08:03:12.220425072+00:00,2137,Value 11
446,2,Take in charge ticket,2012-10-29 08:03:12.220425072+00:00,2012-10-29 08:03:12.220425072+00:00,2138,Value 11
446,2,Resolve ticket,2012-10-29 08:03:12.220425072+00:00,2012-10-29 08:03:12.220425072+00:00,2139,Value 11
446,5,Closed,2012-10-29 08:03:12.220425072+00:00,2012-10-29 08:03:12.220425072+00:00,2140,Value 5
447,2,Assign seriousness,2012-10-29 08:30:55.799809960+00:00,2012-10-29 08:30:55.799809960+00:00,2141,Value 11
447,2,Take in charge ticket,2012-10-29 08:30:55.799809960+00:00,2012-10-29 08:30:55.799809960+00:00,2142,Value 11
447,2,Wait,2012-10-29 08:30:55.799809960+00:00,2012-10-29 08:30:55.799809960+00:00,2143,Value 11
447,2,Take in charge ticket,2012-10-29 08:30:55.799809960+00:00,2012-10-29 08:30:55.799809960+00:00,2144,Value 11
447,2,Resolve ticket,2012-10-29 08:30:55.799809960+00:00,2012-10-29 08:30:55.799809960+00:00,2145,Value 11
447,5,Closed,2012-10-29 08:30:55.799809960+00:00,2012-10-29 08:30:55.799809960+00:00,2146,Value 5
448,2,Assign seriousness,2012-10-29 11:10:26.851877751+00:00,2012-10-29 11:10:26.851877751+00:00,2147,Value 11
448,2,Take in charge ticket,2012-10-29 11:10:26.851877751+00:00,2012-10-29 11:10:26.851877751+00:00,2148,Value 11
448,2,Resolve ticket,2012-10-29 11:10:26.851877751+00:00,2012-10-29 11:10:26.851877751+00:00,2149,Value 11
448,12,Take in charge ticket,2012-10-29 11:10:26.851877751+00:00,2012-10-29 11:10:26.851877751+00:00,2150,Value 7
448,12,Resolve ticket,2012-10-29 11:10:26.851877751+00:00,2012-10-29 11:10:26.851877751+00:00,2151,Value 7
448,5,Closed,2012-10-29 11:10:26.851877751+00:00,2012-10-29 11:10:26.851877751+00:00,2152,Value 5
449,2,Assign seriousness,2012-10-30 04:00:00+00:00,2012-10-30 04:00:00+00:00,2154,Value 11
449,2,Take in charge ticket,2012-10-30 04:00:00+00:00,2012-10-30 04:00:00+00:00,2155,Value 11
449,2,Resolve ticket,2012-10-30 04:00:00+00:00,2012-10-30 04:00:00+00:00,2156,Value 11
449,5,Closed,2012-10-30 04:00:00+00:00,2012-10-30 04:00:00+00:00,2157,Value 5
450,2,Assign seriousness,2012-10-30 04:25:26.755917603+00:00,2012-10-30 04:25:26.755917603+00:00,2158,Value 11
450,2,Take in charge ticket,2012-10-30 04:25:26.755917603+00:00,2012-10-30 04:25:26.755917603+00:00,2159,Value 11
450,2,Resolve ticket,2012-10-30 04:25:26.755917603+00:00,2012-10-30 04:25:26.755917603+00:00,2160,Value 11
450,5,Closed,2012-10-30 04:25:26.755917603+00:00,2012-10-30 04:25:26.755917603+00:00,2161,Value 5
451,2,Assign seriousness,2012-10-30 04:30:32.796528128+00:00,2012-10-30 04:30:32.796528128+00:00,2162,Value 11
451,2,Take in charge ticket,2012-10-30 04:30:32.796528128+00:00,2012-10-30 04:30:32.796528128+00:00,2163,Value 11
451,2,Resolve ticket,2012-10-30 04:30:32.796528128+00:00,2012-10-30 04:30:32.796528128+00:00,2164,Value 11
451,5,Closed,2012-10-30 04:30:32.796528128+00:00,2012-10-30 04:30:32.796528128+00:00,2165,Value 5
452,2,Assign seriousness,2012-10-30 06:36:45.158916095+00:00,2012-10-30 06:36:45.158916095+00:00,2166,Value 11
452,2,Take in charge ticket,2012-10-30 06:36:45.158916095+00:00,2012-10-30 06:36:45.158916095+00:00,2167,Value 11
452,2,Resolve ticket,2012-10-30 06:36:45.158916095+00:00,2012-10-30 06:36:45.158916095+00:00,2168,Value 11
452,5,Closed,2012-10-30 06:36:45.158916095+00:00,2012-10-30 06:36:45.158916095+00:00,2169,Value 5
453,2,Assign seriousness,2012-10-30 12:22:50.570508855+00:00,2012-10-30 12:22:50.570508855+00:00,2170,Value 11
453,2,Take in charge ticket,2012-10-30 12:22:50.570508855+00:00,2012-10-30 12:22:50.570508855+00:00,2171,Value 11
453,2,Resolve ticket,2012-10-30 12:22:50.570508855+00:00,2012-10-30 12:22:50.570508855+00:00,2172,Value 11
453,5,Closed,2012-10-30 12:22:50.570508855+00:00,2012-10-30 12:22:50.570508855+00:00,2173,Value 5
454,2,Assign seriousness,2012-10-30 12:43:26.629511782+00:00,2012-10-30 12:43:26.629511782+00:00,2174,Value 11
454,2,Take in charge ticket,2012-10-30 12:43:26.629511782+00:00,2012-10-30 12:43:26.629511782+00:00,2175,Value 11
454,2,Resolve ticket,2012-10-30 12:43:26.629511782+00:00,2012-10-30 12:43:26.629511782+00:00,2176,Value 11
454,5,Closed,2012-10-30 12:43:26.629511782+00:00,2012-10-30 12:43:26.629511782+00:00,2177,Value 5
455,2,Assign seriousness,2012-10-30 14:31:26.874996280+00:00,2012-10-30 14:31:26.874996280+00:00,2178,Value 11
455,2,Take in charge ticket,2012-10-30 14:31:26.874996280+00:00,2012-10-30 14:31:26.874996280+00:00,2179,Value 11
455,2,Wait,2012-10-30 14:31:26.874996280+00:00,2012-10-30 14:31:26.874996280+00:00,2180,Value 11
455,2,Take in charge ticket,2012-10-30 14:31:26.874996280+00:00,2012-10-30 14:31:26.874996280+00:00,2181,Value 11
455,2,Resolve ticket,2012-10-30 14:31:26.874996280+00:00,2012-10-30 14:31:26.874996280+00:00,2182,Value 11
455,5,Closed,2012-10-30 14:31:26.874996280+00:00,2012-10-30 14:31:26.874996280+00:00,2183,Value 5
456,2,Assign seriousness,2012-10-30 14:33:44.332856052+00:00,2012-10-30 14:33:44.332856052+00:00,2184,Value 11
456,2,Take in charge ticket,2012-10-30 14:33:44.332856052+00:00,2012-10-30 14:33:44.332856052+00:00,2185,Value 11
456,2,Wait,2012-10-30 14:33:44.332856052+00:00,2012-10-30 14:33:44.332856052+00:00,2186,Value 11
456,0,Wait,2012-10-30 14:33:44.332856052+00:00,2012-10-30 14:33:44.332856052+00:00,2187,Value 2
456,0,Resolve ticket,2012-10-30 14:33:44.332856052+00:00,2012-10-30 14:33:44.332856052+00:00,2188,Value 2
456,0,Resolve ticket,2012-10-30 14:33:44.332856052+00:00,2012-10-30 14:33:44.332856052+00:00,2189,Value 2
456,5,Closed,2012-10-30 14:33:44.332856052+00:00,2012-10-30 14:33:44.332856052+00:00,2190,Value 5
457,2,Assign seriousness,2012-10-30 14:47:53.413022603+00:00,2012-10-30 14:47:53.413022603+00:00,2191,Value 11
457,2,Take in charge ticket,2012-10-30 14:47:53.413022603+00:00,2012-10-30 14:47:53.413022603+00:00,2192,Value 11
457,2,Resolve ticket,2012-10-30 14:47:53.413022603+00:00,2012-10-30 14:47:53.413022603+00:00,2193,Value 11
457,5,Closed,2012-10-30 14:47:53.413022603+00:00,2012-10-30 14:47:53.413022603+00:00,2194,Value 5
458,2,Assign seriousness,2012-10-31 04:01:43+00:00,2012-10-31 04:01:43+00:00,2195,Value 11
458,2,Take in charge ticket,2012-10-31 04:01:43+00:00,2012-10-31 04:01:43+00:00,2196,Value 11
458,2,Resolve ticket,2012-10-31 04:01:43+00:00,2012-10-31 04:01:43+00:00,2197,Value 11
458,2,Take in charge ticket,2012-10-31 04:01:43+00:00,2012-10-31 04:01:43+00:00,2198,Value 11
458,3,Resolve ticket,2012-10-31 04:01:43+00:00,2012-10-31 04:01:43+00:00,2199,Value 16
458,5,Closed,2012-10-31 04:01:43+00:00,2012-10-31 04:01:43+00:00,2200,Value 5
459,2,Assign seriousness,2012-10-31 05:07:25.357067174+00:00,2012-10-31 05:07:25.357067174+00:00,2201,Value 11
459,2,Take in charge ticket,2012-10-31 05:07:25.357067174+00:00,2012-10-31 05:07:25.357067174+00:00,2202,Value 11
459,2,Resolve ticket,2012-10-31 05:07:25.357067174+00:00,2012-10-31 05:07:25.357067174+00:00,2203,Value 11
459,5,Closed,2012-10-31 05:07:25.357067174+00:00,2012-10-31 05:07:25.357067174+00:00,2204,Value 5
460,2,Assign seriousness,2012-10-31 06:11:29.109662707+00:00,2012-10-31 06:11:29.109662707+00:00,2205,Value 11
460,2,Take in charge ticket,2012-10-31 06:11:29.109662707+00:00,2012-10-31 06:11:29.109662707+00:00,2206,Value 11
460,2,Resolve ticket,2012-10-31 06:11:29.109662707+00:00,2012-10-31 06:11:29.109662707+00:00,2207,Value 11
460,5,Closed,2012-10-31 06:11:29.109662707+00:00,2012-10-31 06:11:29.109662707+00:00,2208,Value 5
461,2,Assign seriousness,2012-10-31 06:33:11.923233476+00:00,2012-10-31 06:33:11.923233476+00:00,2209,Value 11
461,2,Take in charge ticket,2012-10-31 06:33:11.923233476+00:00,2012-10-31 06:33:11.923233476+00:00,2210,Value 11
461,2,Resolve ticket,2012-10-31 06:33:11.923233476+00:00,2012-10-31 06:33:11.923233476+00:00,2211,Value 11
461,5,Closed,2012-10-31 06:33:11.923233476+00:00,2012-10-31 06:33:11.923233476+00:00,2212,Value 5
462,2,Assign seriousness,2012-10-31 06:44:53.756391472+00:00,2012-10-31 06:44:53.756391472+00:00,2213,Value 11
462,2,Take in charge ticket,2012-10-31 06:44:53.756391472+00:00,2012-10-31 06:44:53.756391472+00:00,2214,Value 11
462,2,Resolve ticket,2012-10-31 06:44:53.756391472+00:00,2012-10-31 06:44:53.756391472+00:00,2215,Value 11
462,5,Closed,2012-10-31 06:44:53.756391472+00:00,2012-10-31 06:44:53.756391472+00:00,2216,Value 5
463,2,Assign seriousness,2012-10-31 07:23:43.842359041+00:00,2012-10-31 07:23:43.842359041+00:00,2217,Value 11
463,2,Take in charge ticket,2012-10-31 07:23:43.842359041+00:00,2012-10-31 07:23:43.842359041+00:00,2218,Value 11
463,2,Resolve ticket,2012-10-31 07:23:43.842359041+00:00,2012-10-31 07:23:43.842359041+00:00,2219,Value 11
463,5,Closed,2012-10-31 07:23:43.842359041+00:00,2012-10-31 07:23:43.842359041+00:00,2220,Value 5
464,2,Assign seriousness,2012-10-31 09:17:36.145340547+00:00,2012-10-31 09:17:36.145340547+00:00,2221,Value 11
464,2,Take in charge ticket,2012-10-31 09:17:36.145340547+00:00,2012-10-31 09:17:36.145340547+00:00,2222,Value 11
464,2,Resolve ticket,2012-10-31 09:17:36.145340547+00:00,2012-10-31 09:17:36.145340547+00:00,2223,Value 11
464,5,Closed,2012-10-31 09:17:36.145340547+00:00,2012-10-31 09:17:36.145340547+00:00,2224,Value 5
465,2,Assign seriousness,2012-10-31 10:41:27.575972705+00:00,2012-10-31 10:41:27.575972705+00:00,2225,Value 11
465,2,Take in charge ticket,2012-10-31 10:41:27.575972705+00:00,2012-10-31 10:41:27.575972705+00:00,2226,Value 11
465,2,Resolve ticket,2012-10-31 10:41:27.575972705+00:00,2012-10-31 10:41:27.575972705+00:00,2227,Value 11
465,5,Closed,2012-10-31 10:41:27.575972705+00:00,2012-10-31 10:41:27.575972705+00:00,2228,Value 5
466,2,Assign seriousness,2012-10-31 11:03:04.791873946+00:00,2012-10-31 11:03:04.791873946+00:00,2229,Value 11
466,2,Take in charge ticket,2012-10-31 11:03:04.791873946+00:00,2012-10-31 11:03:04.791873946+00:00,2230,Value 11
466,2,Wait,2012-10-31 11:03:04.791873946+00:00,2012-10-31 11:03:04.791873946+00:00,2231,Value 11
466,2,Take in charge ticket,2012-10-31 11:03:04.791873946+00:00,2012-10-31 11:03:04.791873946+00:00,2232,Value 11
466,2,Wait,2012-10-31 11:03:04.791873946+00:00,2012-10-31 11:03:04.791873946+00:00,2233,Value 11
466,0,Resolve ticket,2012-10-31 11:03:04.791873946+00:00,2012-10-31 11:03:04.791873946+00:00,2234,Value 2
466,5,Closed,2012-10-31 11:03:04.791873946+00:00,2012-10-31 11:03:04.791873946+00:00,2235,Value 5
467,2,Assign seriousness,2012-10-31 11:34:56.594556699+00:00,2012-10-31 11:34:56.594556699+00:00,2236,Value 11
467,2,Assign seriousness,2012-10-31 11:34:56.594556699+00:00,2012-10-31 11:34:56.594556699+00:00,2237,Value 11
467,2,Take in charge ticket,2012-10-31 11:34:56.594556699+00:00,2012-10-31 11:34:56.594556699+00:00,2238,Value 11
467,2,Resolve ticket,2012-10-31 11:34:56.594556699+00:00,2012-10-31 11:34:56.594556699+00:00,2239,Value 11
467,5,Closed,2012-10-31 11:34:56.594556699+00:00,2012-10-31 11:34:56.594556699+00:00,2240,Value 5
468,2,Assign seriousness,2012-10-31 12:31:47.914476463+00:00,2012-10-31 12:31:47.914476463+00:00,2241,Value 11
468,2,Take in charge ticket,2012-10-31 12:31:47.914476463+00:00,2012-10-31 12:31:47.914476463+00:00,2242,Value 11
468,2,Resolve ticket,2012-10-31 12:31:47.914476463+00:00,2012-10-31 12:31:47.914476463+00:00,2243,Value 11
468,5,Closed,2012-10-31 12:31:47.914476463+00:00,2012-10-31 12:31:47.914476463+00:00,2244,Value 5
469,2,Assign seriousness,2012-11-01 04:02:16+00:00,2012-11-01 04:02:16+00:00,2245,Value 11
469,2,Take in charge ticket,2012-11-01 04:02:16+00:00,2012-11-01 04:02:16+00:00,2246,Value 11
469,2,Resolve ticket,2012-11-01 04:02:16+00:00,2012-11-01 04:02:16+00:00,2247,Value 11
469,5,Closed,2012-11-01 04:02:16+00:00,2012-11-01 04:02:16+00:00,2248,Value 5
470,2,Assign seriousness,2012-11-01 05:30:53.527289669+00:00,2012-11-01 05:30:53.527289669+00:00,2249,Value 11
470,2,Take in charge ticket,2012-11-01 05:30:53.527289669+00:00,2012-11-01 05:30:53.527289669+00:00,2250,Value 11
470,2,Wait,2012-11-01 05:30:53.527289669+00:00,2012-11-01 05:30:53.527289669+00:00,2251,Value 11
470,0,Wait,2012-11-01 05:30:53.527289669+00:00,2012-11-01 05:30:53.527289669+00:00,2252,Value 2
470,0,Take in charge ticket,2012-11-01 05:30:53.527289669+00:00,2012-11-01 05:30:53.527289669+00:00,2253,Value 2
470,0,Resolve ticket,2012-11-01 05:30:53.527289669+00:00,2012-11-01 05:30:53.527289669+00:00,2254,Value 2
470,5,Closed,2012-11-01 05:30:53.527289669+00:00,2012-11-01 05:30:53.527289669+00:00,2255,Value 5
471,2,Assign seriousness,2012-11-01 05:59:36.746342098+00:00,2012-11-01 05:59:36.746342098+00:00,2256,Value 11
471,2,Take in charge ticket,2012-11-01 05:59:36.746342098+00:00,2012-11-01 05:59:36.746342098+00:00,2257,Value 11
471,2,Resolve ticket,2012-11-01 05:59:36.746342098+00:00,2012-11-01 05:59:36.746342098+00:00,2258,Value 11
471,5,Closed,2012-11-01 05:59:36.746342098+00:00,2012-11-01 05:59:36.746342098+00:00,2259,Value 5
472,2,Assign seriousness,2012-11-01 08:34:44.461889701+00:00,2012-11-01 08:34:44.461889701+00:00,2260,Value 11
472,2,Take in charge ticket,2012-11-01 08:34:44.461889701+00:00,2012-11-01 08:34:44.461889701+00:00,2261,Value 11
472,2,Resolve ticket,2012-11-01 08:34:44.461889701+00:00,2012-11-01 08:34:44.461889701+00:00,2262,Value 11
472,5,Closed,2012-11-01 08:34:44.461889701+00:00,2012-11-01 08:34:44.461889701+00:00,2263,Value 5
473,2,Assign seriousness,2012-11-01 09:34:53.680492080+00:00,2012-11-01 09:34:53.680492080+00:00,2264,Value 11
473,2,Take in charge ticket,2012-11-01 09:34:53.680492080+00:00,2012-11-01 09:34:53.680492080+00:00,2265,Value 11
473,2,Resolve ticket,2012-11-01 09:34:53.680492080+00:00,2012-11-01 09:34:53.680492080+00:00,2266,Value 11
473,5,Closed,2012-11-01 09:34:53.680492080+00:00,2012-11-01 09:34:53.680492080+00:00,2267,Value 5
474,2,Assign seriousness,2012-11-01 09:59:42.965854991+00:00,2012-11-01 09:59:42.965854991+00:00,2268,Value 11
474,0,Assign seriousness,2012-11-01 09:59:42.965854991+00:00,2012-11-01 09:59:42.965854991+00:00,2269,Value 2
474,0,Take in charge ticket,2012-11-01 09:59:42.965854991+00:00,2012-11-01 09:59:42.965854991+00:00,2270,Value 2
474,0,Resolve ticket,2012-11-01 09:59:42.965854991+00:00,2012-11-01 09:59:42.965854991+00:00,2271,Value 2
474,14,Take in charge ticket,2012-11-01 09:59:42.965854991+00:00,2012-11-01 09:59:42.965854991+00:00,2272,Value 8
474,14,Resolve ticket,2012-11-01 09:59:42.965854991+00:00,2012-11-01 09:59:42.965854991+00:00,2273,Value 8
474,5,Closed,2012-11-01 09:59:42.965854991+00:00,2012-11-01 09:59:42.965854991+00:00,2274,Value 5
475,2,Assign seriousness,2012-11-01 10:33:47.421905653+00:00,2012-11-01 10:33:47.421905653+00:00,2275,Value 11
475,2,Take in charge ticket,2012-11-01 10:33:47.421905653+00:00,2012-11-01 10:33:47.421905653+00:00,2276,Value 11
475,2,Resolve ticket,2012-11-01 10:33:47.421905653+00:00,2012-11-01 10:33:47.421905653+00:00,2277,Value 11
475,5,Closed,2012-11-01 10:33:47.421905653+00:00,2012-11-01 10:33:47.421905653+00:00,2278,Value 5
476,2,Assign seriousness,2012-11-01 10:40:54.794246224+00:00,2012-11-01 10:40:54.794246224+00:00,2279,Value 11
476,2,Take in charge ticket,2012-11-01 10:40:54.794246224+00:00,2012-11-01 10:40:54.794246224+00:00,2280,Value 11
476,2,Resolve ticket,2012-11-01 10:40:54.794246224+00:00,2012-11-01 10:40:54.794246224+00:00,2281,Value 11
476,12,Take in charge ticket,2012-11-01 10:40:54.794246224+00:00,2012-11-01 10:40:54.794246224+00:00,2282,Value 7
476,12,Resolve ticket,2012-11-01 10:40:54.794246224+00:00,2012-11-01 10:40:54.794246224+00:00,2283,Value 7
476,5,Closed,2012-11-01 10:40:54.794246224+00:00,2012-11-01 10:40:54.794246224+00:00,2284,Value 5
476,5,Closed,2012-11-01 10:40:54.794246224+00:00,2012-11-01 10:40:54.794246224+00:00,2285,Value 5
477,2,Assign seriousness,2012-11-01 12:04:33.936259118+00:00,2012-11-01 12:04:33.936259118+00:00,2286,Value 11
477,2,Take in charge ticket,2012-11-01 12:04:33.936259118+00:00,2012-11-01 12:04:33.936259118+00:00,2287,Value 11
477,2,Resolve ticket,2012-11-01 12:04:33.936259118+00:00,2012-11-01 12:04:33.936259118+00:00,2288,Value 11
477,5,Closed,2012-11-01 12:04:33.936259118+00:00,2012-11-01 12:04:33.936259118+00:00,2289,Value 5
478,2,Assign seriousness,2012-11-01 12:21:17.808028464+00:00,2012-11-01 12:21:17.808028464+00:00,2290,Value 11
478,2,Take in charge ticket,2012-11-01 12:21:17.808028464+00:00,2012-11-01 12:21:17.808028464+00:00,2291,Value 11
478,2,Resolve ticket,2012-11-01 12:21:17.808028464+00:00,2012-11-01 12:21:17.808028464+00:00,2292,Value 11
478,5,Closed,2012-11-01 12:21:17.808028464+00:00,2012-11-01 12:21:17.808028464+00:00,2293,Value 5
479,2,Assign seriousness,2012-11-01 12:31:50.548255311+00:00,2012-11-01 12:31:50.548255311+00:00,2294,Value 11
479,2,Assign seriousness,2012-11-01 12:31:50.548255311+00:00,2012-11-01 12:31:50.548255311+00:00,2295,Value 11
479,2,Take in charge ticket,2012-11-01 12:31:50.548255311+00:00,2012-11-01 12:31:50.548255311+00:00,2296,Value 11
479,2,Wait,2012-11-01 12:31:50.548255311+00:00,2012-11-01 12:31:50.548255311+00:00,2297,Value 11
479,2,Take in charge ticket,2012-11-01 12:31:50.548255311+00:00,2012-11-01 12:31:50.548255311+00:00,2298,Value 11
479,2,Resolve ticket,2012-11-01 12:31:50.548255311+00:00,2012-11-01 12:31:50.548255311+00:00,2299,Value 11
479,5,Closed,2012-11-01 12:31:50.548255311+00:00,2012-11-01 12:31:50.548255311+00:00,2300,Value 5
480,2,Assign seriousness,2012-11-01 12:45:59.420349067+00:00,2012-11-01 12:45:59.420349067+00:00,2301,Value 11
480,2,Take in charge ticket,2012-11-01 12:45:59.420349067+00:00,2012-11-01 12:45:59.420349067+00:00,2302,Value 11
480,2,Resolve ticket,2012-11-01 12:45:59.420349067+00:00,2012-11-01 12:45:59.420349067+00:00,2303,Value 11
480,5,Closed,2012-11-01 12:45:59.420349067+00:00,2012-11-01 12:45:59.420349067+00:00,2304,Value 5
481,2,Assign seriousness,2012-11-01 14:17:05.007820396+00:00,2012-11-01 14:17:05.007820396+00:00,2305,Value 11
481,2,Take in charge ticket,2012-11-01 14:17:05.007820396+00:00,2012-11-01 14:17:05.007820396+00:00,2306,Value 11
481,2,Wait,2012-11-01 14:17:05.007820396+00:00,2012-11-01 14:17:05.007820396+00:00,2307,Value 11
481,2,Take in charge ticket,2012-11-01 14:17:05.007820396+00:00,2012-11-01 14:17:05.007820396+00:00,2308,Value 11
481,2,Wait,2012-11-01 14:17:05.007820396+00:00,2012-11-01 14:17:05.007820396+00:00,2309,Value 11
481,0,Resolve ticket,2012-11-01 14:17:05.007820396+00:00,2012-11-01 14:17:05.007820396+00:00,2310,Value 2
481,5,Closed,2012-11-01 14:17:05.007820396+00:00,2012-11-01 14:17:05.007820396+00:00,2311,Value 5
482,2,Assign seriousness,2012-11-02 04:00:00+00:00,2012-11-02 04:00:00+00:00,2314,Value 11
483,2,Assign seriousness,2012-11-02 04:00:00+00:00,2012-11-02 04:00:00+00:00,2315,Value 11
482,2,Take in charge ticket,2012-11-02 04:00:00+00:00,2012-11-02 04:00:00+00:00,2316,Value 11
483,2,Take in charge ticket,2012-11-02 04:00:00+00:00,2012-11-02 04:00:00+00:00,2317,Value 11
482,2,Resolve ticket,2012-11-02 04:00:00+00:00,2012-11-02 04:00:00+00:00,2318,Value 11
483,2,Resolve ticket,2012-11-02 04:00:00+00:00,2012-11-02 04:00:00+00:00,2319,Value 11
482,5,Closed,2012-11-02 04:00:00+00:00,2012-11-02 04:00:00+00:00,2320,Value 5
483,5,Closed,2012-11-02 04:00:00+00:00,2012-11-02 04:00:00+00:00,2321,Value 5
484,2,Assign seriousness,2012-11-02 04:39:06.635520514+00:00,2012-11-02 04:39:06.635520514+00:00,2322,Value 11
484,2,Take in charge ticket,2012-11-02 04:39:06.635520514+00:00,2012-11-02 04:39:06.635520514+00:00,2323,Value 11
484,2,Resolve ticket,2012-11-02 04:39:06.635520514+00:00,2012-11-02 04:39:06.635520514+00:00,2324,Value 11
484,5,Closed,2012-11-02 04:39:06.635520514+00:00,2012-11-02 04:39:06.635520514+00:00,2325,Value 5
485,2,Assign seriousness,2012-11-02 05:47:20.160140826+00:00,2012-11-02 05:47:20.160140826+00:00,2326,Value 11
485,2,Take in charge ticket,2012-11-02 05:47:20.160140826+00:00,2012-11-02 05:47:20.160140826+00:00,2327,Value 11
485,2,Resolve ticket,2012-11-02 05:47:20.160140826+00:00,2012-11-02 05:47:20.160140826+00:00,2328,Value 11
485,5,Closed,2012-11-02 05:47:20.160140826+00:00,2012-11-02 05:47:20.160140826+00:00,2329,Value 5
486,13,Take in charge ticket,2012-11-02 06:28:51.578410251+00:00,2012-11-02 06:28:51.578410251+00:00,2330,Value 17
486,13,Resolve ticket,2012-11-02 06:28:51.578410251+00:00,2012-11-02 06:28:51.578410251+00:00,2331,Value 17
486,5,Closed,2012-11-02 06:28:51.578410251+00:00,2012-11-02 06:28:51.578410251+00:00,2332,Value 5
487,2,Assign seriousness,2012-11-02 06:42:38.686205789+00:00,2012-11-02 06:42:38.686205789+00:00,2333,Value 11
487,2,Take in charge ticket,2012-11-02 06:42:38.686205789+00:00,2012-11-02 06:42:38.686205789+00:00,2334,Value 11
487,2,Resolve ticket,2012-11-02 06:42:38.686205789+00:00,2012-11-02 06:42:38.686205789+00:00,2335,Value 11
487,5,Closed,2012-11-02 06:42:38.686205789+00:00,2012-11-02 06:42:38.686205789+00:00,2336,Value 5
488,2,Assign seriousness,2012-11-02 09:58:54.069462246+00:00,2012-11-02 09:58:54.069462246+00:00,2337,Value 11
488,2,Take in charge ticket,2012-11-02 09:58:54.069462246+00:00,2012-11-02 09:58:54.069462246+00:00,2338,Value 11
488,2,Resolve ticket,2012-11-02 09:58:54.069462246+00:00,2012-11-02 09:58:54.069462246+00:00,2339,Value 11
488,5,Closed,2012-11-02 09:58:54.069462246+00:00,2012-11-02 09:58:54.069462246+00:00,2340,Value 5
489,2,Assign seriousness,2012-11-02 10:42:00.632742438+00:00,2012-11-02 10:42:00.632742438+00:00,2341,Value 11
489,2,Take in charge ticket,2012-11-02 10:42:00.632742438+00:00,2012-11-02 10:42:00.632742438+00:00,2342,Value 11
489,2,Resolve ticket,2012-11-02 10:42:00.632742438+00:00,2012-11-02 10:42:00.632742438+00:00,2343,Value 11
489,5,Closed,2012-11-02 10:42:00.632742438+00:00,2012-11-02 10:42:00.632742438+00:00,2344,Value 5
490,2,Assign seriousness,2012-11-02 14:14:26.325167733+00:00,2012-11-02 14:14:26.325167733+00:00,2345,Value 11
490,2,Take in charge ticket,2012-11-02 14:14:26.325167733+00:00,2012-11-02 14:14:26.325167733+00:00,2346,Value 11
490,2,Resolve ticket,2012-11-02 14:14:26.325167733+00:00,2012-11-02 14:14:26.325167733+00:00,2347,Value 11
490,5,Closed,2012-11-02 14:14:26.325167733+00:00,2012-11-02 14:14:26.325167733+00:00,2348,Value 5
491,2,Assign seriousness,2012-11-02 14:17:05.502729012+00:00,2012-11-02 14:17:05.502729012+00:00,2349,Value 11
491,2,Take in charge ticket,2012-11-02 14:17:05.502729012+00:00,2012-11-02 14:17:05.502729012+00:00,2350,Value 11
491,2,Resolve ticket,2012-11-02 14:17:05.502729012+00:00,2012-11-02 14:17:05.502729012+00:00,2351,Value 11
491,5,Closed,2012-11-02 14:17:05.502729012+00:00,2012-11-02 14:17:05.502729012+00:00,2352,Value 5
492,2,Assign seriousness,2012-11-02 14:18:09.772771805+00:00,2012-11-02 14:18:09.772771805+00:00,2353,Value 11
492,2,Take in charge ticket,2012-11-02 14:18:09.772771805+00:00,2012-11-02 14:18:09.772771805+00:00,2354,Value 11
492,2,Resolve ticket,2012-11-02 14:18:09.772771805+00:00,2012-11-02 14:18:09.772771805+00:00,2355,Value 11
492,5,Closed,2012-11-02 14:18:09.772771805+00:00,2012-11-02 14:18:09.772771805+00:00,2356,Value 5
493,5,Assign seriousness,2012-11-03 13:17:27+00:00,2012-11-03 13:17:27+00:00,2357,Value 5
493,0,Take in charge ticket,2012-11-05 03:00:00+00:00,2012-11-05 03:00:00+00:00,2359,Value 2
493,9,Wait,2012-11-05 03:00:00+00:00,2012-11-05 03:00:00+00:00,2360,Value 14
493,9,Take in charge ticket,2012-11-05 03:00:00+00:00,2012-11-05 03:00:00+00:00,2361,Value 14
493,9,Resolve ticket,2012-11-05 03:00:00+00:00,2012-11-05 03:00:00+00:00,2362,Value 14
494,2,Assign seriousness,2012-11-05 04:00:49+00:00,2012-11-05 04:00:49+00:00,2364,Value 11
493,5,Closed,2012-11-05 06:00:00+00:00,2012-11-05 06:00:00+00:00,2365,Value 5
494,2,Take in charge ticket,2012-11-05 04:00:49+00:00,2012-11-05 04:00:49+00:00,2366,Value 11
495,2,Assign seriousness,2012-11-05 04:30:49.955601439+00:00,2012-11-05 04:30:49.955601439+00:00,2367,Value 11
494,2,Resolve ticket,2012-11-05 04:00:49+00:00,2012-11-05 04:00:49+00:00,2368,Value 11
495,2,Take in charge ticket,2012-11-05 04:30:49.955601439+00:00,2012-11-05 04:30:49.955601439+00:00,2369,Value 11
495,2,Resolve ticket,2012-11-05 04:30:49.955601439+00:00,2012-11-05 04:30:49.955601439+00:00,2371,Value 11
494,5,Closed,2012-11-05 06:00:00+00:00,2012-11-05 06:00:00+00:00,2373,Value 5
495,5,Closed,2012-11-05 06:00:00+00:00,2012-11-05 06:00:00+00:00,2374,Value 5
496,2,Assign seriousness,2012-11-05 06:35:31.970966246+00:00,2012-11-05 06:35:31.970966246+00:00,2375,Value 11
496,2,Take in charge ticket,2012-11-05 06:35:31.970966246+00:00,2012-11-05 06:35:31.970966246+00:00,2376,Value 11
496,2,Resolve ticket,2012-11-05 06:35:31.970966246+00:00,2012-11-05 06:35:31.970966246+00:00,2377,Value 11
496,5,Closed,2012-11-05 06:35:31.970966246+00:00,2012-11-05 06:35:31.970966246+00:00,2378,Value 5
497,2,Assign seriousness,2012-11-05 06:35:35.219806682+00:00,2012-11-05 06:35:35.219806682+00:00,2379,Value 11
497,2,Take in charge ticket,2012-11-05 06:35:35.219806682+00:00,2012-11-05 06:35:35.219806682+00:00,2380,Value 11
497,2,Resolve ticket,2012-11-05 06:35:35.219806682+00:00,2012-11-05 06:35:35.219806682+00:00,2381,Value 11
497,5,Closed,2012-11-05 06:35:35.219806682+00:00,2012-11-05 06:35:35.219806682+00:00,2382,Value 5
498,2,Assign seriousness,2012-11-05 13:35:39.841328029+00:00,2012-11-05 13:35:39.841328029+00:00,2383,Value 11
498,2,Take in charge ticket,2012-11-05 13:35:39.841328029+00:00,2012-11-05 13:35:39.841328029+00:00,2384,Value 11
498,2,Resolve ticket,2012-11-05 13:35:39.841328029+00:00,2012-11-05 13:35:39.841328029+00:00,2385,Value 11
498,5,Closed,2012-11-05 13:35:39.841328029+00:00,2012-11-05 13:35:39.841328029+00:00,2386,Value 5
499,2,Assign seriousness,2012-11-06 04:00:00+00:00,2012-11-06 04:00:00+00:00,2388,Value 11
499,2,Take in charge ticket,2012-11-06 04:00:00+00:00,2012-11-06 04:00:00+00:00,2389,Value 11
499,2,Resolve ticket,2012-11-06 04:00:00+00:00,2012-11-06 04:00:00+00:00,2390,Value 11
499,5,Closed,2012-11-06 04:00:00+00:00,2012-11-06 04:00:00+00:00,2391,Value 5
500,2,Assign seriousness,2012-11-06 04:51:01.067221575+00:00,2012-11-06 04:51:01.067221575+00:00,2392,Value 11
500,2,Take in charge ticket,2012-11-06 04:51:01.067221575+00:00,2012-11-06 04:51:01.067221575+00:00,2393,Value 11
500,2,Wait,2012-11-06 04:51:01.067221575+00:00,2012-11-06 04:51:01.067221575+00:00,2394,Value 11
500,2,Take in charge ticket,2012-11-06 04:51:01.067221575+00:00,2012-11-06 04:51:01.067221575+00:00,2395,Value 11
500,2,Resolve ticket,2012-11-06 04:51:01.067221575+00:00,2012-11-06 04:51:01.067221575+00:00,2396,Value 11
500,5,Closed,2012-11-06 04:51:01.067221575+00:00,2012-11-06 04:51:01.067221575+00:00,2397,Value 5
501,2,Assign seriousness,2012-11-06 05:51:39.447621206+00:00,2012-11-06 05:51:39.447621206+00:00,2398,Value 11
501,2,Take in charge ticket,2012-11-06 05:51:39.447621206+00:00,2012-11-06 05:51:39.447621206+00:00,2399,Value 11
501,8,Wait,2012-11-06 05:51:39.447621206+00:00,2012-11-06 05:51:39.447621206+00:00,2400,Value 6
501,8,Take in charge ticket,2012-11-06 05:51:39.447621206+00:00,2012-11-06 05:51:39.447621206+00:00,2401,Value 6
501,8,Resolve ticket,2012-11-06 05:51:39.447621206+00:00,2012-11-06 05:51:39.447621206+00:00,2402,Value 6
501,5,Closed,2012-11-06 05:51:39.447621206+00:00,2012-11-06 05:51:39.447621206+00:00,2403,Value 5
502,2,Assign seriousness,2012-11-06 11:08:24.365393674+00:00,2012-11-06 11:08:24.365393674+00:00,2404,Value 11
502,2,Take in charge ticket,2012-11-06 11:08:24.365393674+00:00,2012-11-06 11:08:24.365393674+00:00,2405,Value 11
502,2,Resolve ticket,2012-11-06 11:08:24.365393674+00:00,2012-11-06 11:08:24.365393674+00:00,2406,Value 11
502,5,Closed,2012-11-06 11:08:24.365393674+00:00,2012-11-06 11:08:24.365393674+00:00,2407,Value 5
503,2,Assign seriousness,2012-11-06 12:07:42.430776102+00:00,2012-11-06 12:07:42.430776102+00:00,2408,Value 11
503,2,Take in charge ticket,2012-11-06 12:07:42.430776102+00:00,2012-11-06 12:07:42.430776102+00:00,2409,Value 11
503,2,Resolve ticket,2012-11-06 12:07:42.430776102+00:00,2012-11-06 12:07:42.430776102+00:00,2410,Value 11
503,5,Closed,2012-11-06 12:07:42.430776102+00:00,2012-11-06 12:07:42.430776102+00:00,2411,Value 5
504,2,Assign seriousness,2012-11-06 12:28:46.839448069+00:00,2012-11-06 12:28:46.839448069+00:00,2412,Value 11
504,2,Take in charge ticket,2012-11-06 12:28:46.839448069+00:00,2012-11-06 12:28:46.839448069+00:00,2413,Value 11
504,2,Resolve ticket,2012-11-06 12:28:46.839448069+00:00,2012-11-06 12:28:46.839448069+00:00,2414,Value 11
504,5,Closed,2012-11-06 12:28:46.839448069+00:00,2012-11-06 12:28:46.839448069+00:00,2415,Value 5
505,2,Assign seriousness,2012-11-06 13:34:58.809956999+00:00,2012-11-06 13:34:58.809956999+00:00,2416,Value 11
505,2,Take in charge ticket,2012-11-06 13:34:58.809956999+00:00,2012-11-06 13:34:58.809956999+00:00,2417,Value 11
505,2,Resolve ticket,2012-11-06 13:34:58.809956999+00:00,2012-11-06 13:34:58.809956999+00:00,2418,Value 11
505,5,Closed,2012-11-06 13:34:58.809956999+00:00,2012-11-06 13:34:58.809956999+00:00,2419,Value 5
506,2,Assign seriousness,2012-11-06 13:51:32.819986407+00:00,2012-11-06 13:51:32.819986407+00:00,2420,Value 11
506,2,Take in charge ticket,2012-11-06 13:51:32.819986407+00:00,2012-11-06 13:51:32.819986407+00:00,2421,Value 11
506,2,Wait,2012-11-06 13:51:32.819986407+00:00,2012-11-06 13:51:32.819986407+00:00,2422,Value 11
506,2,Take in charge ticket,2012-11-06 13:51:32.819986407+00:00,2012-11-06 13:51:32.819986407+00:00,2423,Value 11
506,2,Resolve ticket,2012-11-06 13:51:32.819986407+00:00,2012-11-06 13:51:32.819986407+00:00,2424,Value 11
506,5,Closed,2012-11-06 13:51:32.819986407+00:00,2012-11-06 13:51:32.819986407+00:00,2425,Value 5
507,2,Assign seriousness,2012-11-07 04:01:43+00:00,2012-11-07 04:01:43+00:00,2426,Value 11
507,2,Take in charge ticket,2012-11-07 04:01:43+00:00,2012-11-07 04:01:43+00:00,2427,Value 11
507,2,Resolve ticket,2012-11-07 04:01:43+00:00,2012-11-07 04:01:43+00:00,2428,Value 11
507,5,Closed,2012-11-07 04:01:43+00:00,2012-11-07 04:01:43+00:00,2429,Value 5
508,2,Assign seriousness,2012-11-07 08:47:22.052244513+00:00,2012-11-07 08:47:22.052244513+00:00,2430,Value 11
508,2,Take in charge ticket,2012-11-07 08:47:22.052244513+00:00,2012-11-07 08:47:22.052244513+00:00,2431,Value 11
508,2,Resolve ticket,2012-11-07 08:47:22.052244513+00:00,2012-11-07 08:47:22.052244513+00:00,2432,Value 11
508,5,Closed,2012-11-07 08:47:22.052244513+00:00,2012-11-07 08:47:22.052244513+00:00,2433,Value 5
509,2,Assign seriousness,2012-11-08 04:02:16+00:00,2012-11-08 04:02:16+00:00,2434,Value 11
509,2,Take in charge ticket,2012-11-08 04:02:16+00:00,2012-11-08 04:02:16+00:00,2435,Value 11
509,2,Resolve ticket,2012-11-08 04:02:16+00:00,2012-11-08 04:02:16+00:00,2436,Value 11
509,5,Closed,2012-11-08 04:02:16+00:00,2012-11-08 04:02:16+00:00,2437,Value 5
510,2,Assign seriousness,2012-11-08 04:19:08.723130179+00:00,2012-11-08 04:19:08.723130179+00:00,2438,Value 11
510,2,Take in charge ticket,2012-11-08 04:19:08.723130179+00:00,2012-11-08 04:19:08.723130179+00:00,2439,Value 11
510,2,Resolve ticket,2012-11-08 04:19:08.723130179+00:00,2012-11-08 04:19:08.723130179+00:00,2440,Value 11
510,5,Closed,2012-11-08 04:19:08.723130179+00:00,2012-11-08 04:19:08.723130179+00:00,2441,Value 5
511,2,Assign seriousness,2012-11-08 04:35:35.376966149+00:00,2012-11-08 04:35:35.376966149+00:00,2442,Value 11
511,2,Take in charge ticket,2012-11-08 04:35:35.376966149+00:00,2012-11-08 04:35:35.376966149+00:00,2443,Value 11
511,2,Resolve ticket,2012-11-08 04:35:35.376966149+00:00,2012-11-08 04:35:35.376966149+00:00,2444,Value 11
511,5,Closed,2012-11-08 04:35:35.376966149+00:00,2012-11-08 04:35:35.376966149+00:00,2445,Value 5
512,2,Assign seriousness,2012-11-08 04:36:11.310988942+00:00,2012-11-08 04:36:11.310988942+00:00,2446,Value 11
512,2,Assign seriousness,2012-11-08 04:36:11.310988942+00:00,2012-11-08 04:36:11.310988942+00:00,2447,Value 11
512,2,Take in charge ticket,2012-11-08 04:36:11.310988942+00:00,2012-11-08 04:36:11.310988942+00:00,2448,Value 11
512,2,Resolve ticket,2012-11-08 04:36:11.310988942+00:00,2012-11-08 04:36:11.310988942+00:00,2449,Value 11
512,5,Closed,2012-11-08 04:36:11.310988942+00:00,2012-11-08 04:36:11.310988942+00:00,2450,Value 5
513,2,Assign seriousness,2012-11-08 05:21:00.523293123+00:00,2012-11-08 05:21:00.523293123+00:00,2451,Value 11
513,2,Take in charge ticket,2012-11-08 05:21:00.523293123+00:00,2012-11-08 05:21:00.523293123+00:00,2452,Value 11
513,2,Resolve ticket,2012-11-08 05:21:00.523293123+00:00,2012-11-08 05:21:00.523293123+00:00,2453,Value 11
513,5,Closed,2012-11-08 05:21:00.523293123+00:00,2012-11-08 05:21:00.523293123+00:00,2454,Value 5
514,2,Assign seriousness,2012-11-08 08:07:54.223416121+00:00,2012-11-08 08:07:54.223416121+00:00,2455,Value 11
514,2,Take in charge ticket,2012-11-08 08:07:54.223416121+00:00,2012-11-08 08:07:54.223416121+00:00,2456,Value 11
514,2,Resolve ticket,2012-11-08 08:07:54.223416121+00:00,2012-11-08 08:07:54.223416121+00:00,2457,Value 11
514,5,Closed,2012-11-08 08:07:54.223416121+00:00,2012-11-08 08:07:54.223416121+00:00,2458,Value 5
515,2,Assign seriousness,2012-11-08 13:45:58.516348720+00:00,2012-11-08 13:45:58.516348720+00:00,2459,Value 11
515,2,Take in charge ticket,2012-11-08 13:45:58.516348720+00:00,2012-11-08 13:45:58.516348720+00:00,2460,Value 11
515,2,Resolve ticket,2012-11-08 13:45:58.516348720+00:00,2012-11-08 13:45:58.516348720+00:00,2461,Value 11
515,5,Closed,2012-11-08 13:45:58.516348720+00:00,2012-11-08 13:45:58.516348720+00:00,2462,Value 5
516,2,Assign seriousness,2012-11-08 15:35:33.141570509+00:00,2012-11-08 15:35:33.141570509+00:00,2463,Value 11
516,2,Take in charge ticket,2012-11-08 15:35:33.141570509+00:00,2012-11-08 15:35:33.141570509+00:00,2464,Value 11
516,2,Resolve ticket,2012-11-08 15:35:33.141570509+00:00,2012-11-08 15:35:33.141570509+00:00,2465,Value 11
516,5,Closed,2012-11-08 15:35:33.141570509+00:00,2012-11-08 15:35:33.141570509+00:00,2466,Value 5
517,18,Assign seriousness,2012-11-09 04:00:00+00:00,2012-11-09 04:00:00+00:00,2468,Value 4
517,8,Take in charge ticket,2012-11-09 04:00:00+00:00,2012-11-09 04:00:00+00:00,2469,Value 6
517,8,Wait,2012-11-09 04:00:00+00:00,2012-11-09 04:00:00+00:00,2470,Value 6
517,8,Take in charge ticket,2012-11-09 04:00:00+00:00,2012-11-09 04:00:00+00:00,2471,Value 6
517,8,Resolve ticket,2012-11-09 04:00:00+00:00,2012-11-09 04:00:00+00:00,2472,Value 6
517,5,Closed,2012-11-09 04:00:00+00:00,2012-11-09 04:00:00+00:00,2473,Value 5
518,18,Assign seriousness,2012-11-09 04:05:20.906892057+00:00,2012-11-09 04:05:20.906892057+00:00,2474,Value 4
518,18,Resolve ticket,2012-11-09 04:05:20.906892057+00:00,2012-11-09 04:05:20.906892057+00:00,2475,Value 4
518,5,Closed,2012-11-09 04:05:20.906892057+00:00,2012-11-09 04:05:20.906892057+00:00,2476,Value 5
519,18,Assign seriousness,2012-11-09 04:19:25.610207464+00:00,2012-11-09 04:19:25.610207464+00:00,2477,Value 4
519,0,Take in charge ticket,2012-11-09 04:19:25.610207464+00:00,2012-11-09 04:19:25.610207464+00:00,2478,Value 2
519,0,Wait,2012-11-09 04:19:25.610207464+00:00,2012-11-09 04:19:25.610207464+00:00,2479,Value 2
519,0,Take in charge ticket,2012-11-09 04:19:25.610207464+00:00,2012-11-09 04:19:25.610207464+00:00,2480,Value 2
519,6,Resolve ticket,2012-11-09 04:19:25.610207464+00:00,2012-11-09 04:19:25.610207464+00:00,2481,Value 10
519,6,Resolve ticket,2012-11-09 04:19:25.610207464+00:00,2012-11-09 04:19:25.610207464+00:00,2482,Value 10
519,5,Closed,2012-11-09 04:19:25.610207464+00:00,2012-11-09 04:19:25.610207464+00:00,2483,Value 5
520,18,Assign seriousness,2012-11-09 09:19:37.229964287+00:00,2012-11-09 09:19:37.229964287+00:00,2484,Value 4
520,0,Take in charge ticket,2012-11-09 09:19:37.229964287+00:00,2012-11-09 09:19:37.229964287+00:00,2485,Value 2
520,0,Resolve ticket,2012-11-09 09:19:37.229964287+00:00,2012-11-09 09:19:37.229964287+00:00,2486,Value 2
520,5,Closed,2012-11-09 09:19:37.229964287+00:00,2012-11-09 09:19:37.229964287+00:00,2487,Value 5
521,18,Assign seriousness,2012-11-09 11:09:17.375177097+00:00,2012-11-09 11:09:17.375177097+00:00,2488,Value 4
521,18,Take in charge ticket,2012-11-09 11:09:17.375177097+00:00,2012-11-09 11:09:17.375177097+00:00,2489,Value 4
521,18,Resolve ticket,2012-11-09 11:09:17.375177097+00:00,2012-11-09 11:09:17.375177097+00:00,2490,Value 4
521,5,Closed,2012-11-09 11:09:17.375177097+00:00,2012-11-09 11:09:17.375177097+00:00,2491,Value 5
522,18,Assign seriousness,2012-11-09 11:32:32.380740851+00:00,2012-11-09 11:32:32.380740851+00:00,2492,Value 4
522,8,Take in charge ticket,2012-11-09 11:32:32.380740851+00:00,2012-11-09 11:32:32.380740851+00:00,2493,Value 6
522,8,Resolve ticket,2012-11-09 11:32:32.380740851+00:00,2012-11-09 11:32:32.380740851+00:00,2494,Value 6
522,5,Closed,2012-11-09 11:32:32.380740851+00:00,2012-11-09 11:32:32.380740851+00:00,2495,Value 5
523,18,Assign seriousness,2012-11-09 14:32:29.665738677+00:00,2012-11-09 14:32:29.665738677+00:00,2496,Value 4
523,6,Take in charge ticket,2012-11-09 14:32:29.665738677+00:00,2012-11-09 14:32:29.665738677+00:00,2497,Value 10
523,6,Resolve ticket,2012-11-09 14:32:29.665738677+00:00,2012-11-09 14:32:29.665738677+00:00,2498,Value 10
523,5,Closed,2012-11-09 14:32:29.665738677+00:00,2012-11-09 14:32:29.665738677+00:00,2499,Value 5
524,18,Assign seriousness,2012-11-09 14:48:15.304656077+00:00,2012-11-09 14:48:15.304656077+00:00,2500,Value 4
524,18,Take in charge ticket,2012-11-09 14:48:15.304656077+00:00,2012-11-09 14:48:15.304656077+00:00,2501,Value 4
524,18,Resolve ticket,2012-11-09 14:48:15.304656077+00:00,2012-11-09 14:48:15.304656077+00:00,2502,Value 4
524,5,Closed,2012-11-09 14:48:15.304656077+00:00,2012-11-09 14:48:15.304656077+00:00,2503,Value 5
525,5,Assign seriousness,2012-11-10 13:17:27+00:00,2012-11-10 13:17:27+00:00,2504,Value 5
525,0,Take in charge ticket,2012-11-12 03:00:00+00:00,2012-11-12 03:00:00+00:00,2506,Value 2
525,0,Resolve ticket,2012-11-12 03:00:00+00:00,2012-11-12 03:00:00+00:00,2507,Value 2
525,5,Closed,2012-11-12 06:00:00+00:00,2012-11-12 06:00:00+00:00,2508,Value 5
526,18,Assign seriousness,2012-11-12 04:00:49+00:00,2012-11-12 04:00:49+00:00,2509,Value 4
526,18,Take in charge ticket,2012-11-12 04:00:49+00:00,2012-11-12 04:00:49+00:00,2510,Value 4
526,18,Resolve ticket,2012-11-12 04:00:49+00:00,2012-11-12 04:00:49+00:00,2511,Value 4
526,5,Closed,2012-11-12 06:00:00+00:00,2012-11-12 06:00:00+00:00,2512,Value 5
527,13,Take in charge ticket,2012-11-12 04:28:55.403846509+00:00,2012-11-12 04:28:55.403846509+00:00,2513,Value 17
527,13,Resolve ticket,2012-11-12 04:28:55.403846509+00:00,2012-11-12 04:28:55.403846509+00:00,2514,Value 17
528,18,Assign seriousness,2012-11-12 04:50:26.252853938+00:00,2012-11-12 04:50:26.252853938+00:00,2516,Value 4
527,5,Closed,2012-11-12 06:00:00+00:00,2012-11-12 06:00:00+00:00,2517,Value 5
528,15,Take in charge ticket,2012-11-12 04:50:26.252853938+00:00,2012-11-12 04:50:26.252853938+00:00,2518,Value 13
529,18,Assign seriousness,2012-11-12 05:09:11.007005432+00:00,2012-11-12 05:09:11.007005432+00:00,2519,Value 4
528,15,Resolve ticket,2012-11-12 04:50:26.252853938+00:00,2012-11-12 04:50:26.252853938+00:00,2520,Value 13
529,18,Take in charge ticket,2012-11-12 05:09:11.007005432+00:00,2012-11-12 05:09:11.007005432+00:00,2521,Value 4
528,5,Closed,2012-11-12 06:00:00+00:00,2012-11-12 06:00:00+00:00,2522,Value 5
529,18,Wait,2012-11-12 05:09:11.007005432+00:00,2012-11-12 05:09:11.007005432+00:00,2523,Value 4
529,17,Resolve ticket,2012-11-12 05:09:11.007005432+00:00,2012-11-12 05:09:11.007005432+00:00,2524,Value 1
530,18,Assign seriousness,2012-11-12 05:10:29.790628849+00:00,2012-11-12 05:10:29.790628849+00:00,2526,Value 4
529,5,Closed,2012-11-12 06:00:00+00:00,2012-11-12 06:00:00+00:00,2527,Value 5
530,18,Take in charge ticket,2012-11-12 05:10:29.790628849+00:00,2012-11-12 05:10:29.790628849+00:00,2528,Value 4
530,18,Resolve ticket,2012-11-12 05:10:29.790628849+00:00,2012-11-12 05:10:29.790628849+00:00,2529,Value 4
530,18,Resolve ticket,2012-11-12 05:10:29.790628849+00:00,2012-11-12 05:10:29.790628849+00:00,2530,Value 4
530,5,Closed,2012-11-12 06:00:00+00:00,2012-11-12 06:00:00+00:00,2531,Value 5
531,18,Assign seriousness,2012-11-12 06:17:34.415696082+00:00,2012-11-12 06:17:34.415696082+00:00,2532,Value 4
531,18,Take in charge ticket,2012-11-12 06:17:34.415696082+00:00,2012-11-12 06:17:34.415696082+00:00,2533,Value 4
531,18,Resolve ticket,2012-11-12 06:17:34.415696082+00:00,2012-11-12 06:17:34.415696082+00:00,2534,Value 4
531,18,Resolve ticket,2012-11-12 06:17:34.415696082+00:00,2012-11-12 06:17:34.415696082+00:00,2535,Value 4
531,5,Closed,2012-11-12 06:17:34.415696082+00:00,2012-11-12 06:17:34.415696082+00:00,2536,Value 5
532,18,Assign seriousness,2012-11-12 06:22:55.584328842+00:00,2012-11-12 06:22:55.584328842+00:00,2537,Value 4
532,8,Take in charge ticket,2012-11-12 06:22:55.584328842+00:00,2012-11-12 06:22:55.584328842+00:00,2538,Value 6
532,8,Resolve ticket,2012-11-12 06:22:55.584328842+00:00,2012-11-12 06:22:55.584328842+00:00,2539,Value 6
532,5,Closed,2012-11-12 06:22:55.584328842+00:00,2012-11-12 06:22:55.584328842+00:00,2540,Value 5
533,18,Assign seriousness,2012-11-12 06:43:54.054043759+00:00,2012-11-12 06:43:54.054043759+00:00,2541,Value 4
533,6,Take in charge ticket,2012-11-12 06:43:54.054043759+00:00,2012-11-12 06:43:54.054043759+00:00,2542,Value 10
533,6,Resolve ticket,2012-11-12 06:43:54.054043759+00:00,2012-11-12 06:43:54.054043759+00:00,2543,Value 10
533,5,Closed,2012-11-12 06:43:54.054043759+00:00,2012-11-12 06:43:54.054043759+00:00,2544,Value 5
534,18,Assign seriousness,2012-11-12 06:45:19.438725704+00:00,2012-11-12 06:45:19.438725704+00:00,2545,Value 4
534,18,Take in charge ticket,2012-11-12 06:45:19.438725704+00:00,2012-11-12 06:45:19.438725704+00:00,2546,Value 4
534,18,Resolve ticket,2012-11-12 06:45:19.438725704+00:00,2012-11-12 06:45:19.438725704+00:00,2547,Value 4
534,5,Closed,2012-11-12 06:45:19.438725704+00:00,2012-11-12 06:45:19.438725704+00:00,2548,Value 5
535,18,Assign seriousness,2012-11-12 07:12:32.405188179+00:00,2012-11-12 07:12:32.405188179+00:00,2549,Value 4
535,18,Assign seriousness,2012-11-12 07:12:32.405188179+00:00,2012-11-12 07:12:32.405188179+00:00,2550,Value 4
535,18,Take in charge ticket,2012-11-12 07:12:32.405188179+00:00,2012-11-12 07:12:32.405188179+00:00,2551,Value 4
535,17,Resolve ticket,2012-11-12 07:12:32.405188179+00:00,2012-11-12 07:12:32.405188179+00:00,2552,Value 1
535,5,Closed,2012-11-12 07:12:32.405188179+00:00,2012-11-12 07:12:32.405188179+00:00,2553,Value 5
536,18,Assign seriousness,2012-11-12 07:24:47.790770185+00:00,2012-11-12 07:24:47.790770185+00:00,2554,Value 4
536,8,Take in charge ticket,2012-11-12 07:24:47.790770185+00:00,2012-11-12 07:24:47.790770185+00:00,2555,Value 6
536,2,Wait,2012-11-12 07:24:47.790770185+00:00,2012-11-12 07:24:47.790770185+00:00,2556,Value 11
536,2,Take in charge ticket,2012-11-12 07:24:47.790770185+00:00,2012-11-12 07:24:47.790770185+00:00,2557,Value 11
536,2,Resolve ticket,2012-11-12 07:24:47.790770185+00:00,2012-11-12 07:24:47.790770185+00:00,2558,Value 11
536,5,Closed,2012-11-12 07:24:47.790770185+00:00,2012-11-12 07:24:47.790770185+00:00,2559,Value 5
537,18,Assign seriousness,2012-11-12 09:45:21.945585546+00:00,2012-11-12 09:45:21.945585546+00:00,2560,Value 4
537,18,Take in charge ticket,2012-11-12 09:45:21.945585546+00:00,2012-11-12 09:45:21.945585546+00:00,2561,Value 4
537,18,Resolve ticket,2012-11-12 09:45:21.945585546+00:00,2012-11-12 09:45:21.945585546+00:00,2562,Value 4
537,5,Closed,2012-11-12 09:45:21.945585546+00:00,2012-11-12 09:45:21.945585546+00:00,2563,Value 5
538,18,Assign seriousness,2012-11-12 11:58:06.190214943+00:00,2012-11-12 11:58:06.190214943+00:00,2564,Value 4
538,15,Take in charge ticket,2012-11-12 11:58:06.190214943+00:00,2012-11-12 11:58:06.190214943+00:00,2565,Value 13
538,15,Wait,2012-11-12 11:58:06.190214943+00:00,2012-11-12 11:58:06.190214943+00:00,2566,Value 13
538,15,Resolve ticket,2012-11-12 11:58:06.190214943+00:00,2012-11-12 11:58:06.190214943+00:00,2567,Value 13
538,5,Closed,2012-11-12 11:58:06.190214943+00:00,2012-11-12 11:58:06.190214943+00:00,2568,Value 5
539,18,Assign seriousness,2012-11-12 12:10:18.423726528+00:00,2012-11-12 12:10:18.423726528+00:00,2569,Value 4
539,18,Take in charge ticket,2012-11-12 12:10:18.423726528+00:00,2012-11-12 12:10:18.423726528+00:00,2570,Value 4
539,8,Resolve ticket,2012-11-12 12:10:18.423726528+00:00,2012-11-12 12:10:18.423726528+00:00,2571,Value 6
539,5,Closed,2012-11-12 12:10:18.423726528+00:00,2012-11-12 12:10:18.423726528+00:00,2572,Value 5
540,18,Assign seriousness,2012-11-12 13:22:01.085342836+00:00,2012-11-12 13:22:01.085342836+00:00,2573,Value 4
540,17,Take in charge ticket,2012-11-12 13:22:01.085342836+00:00,2012-11-12 13:22:01.085342836+00:00,2574,Value 1
540,17,Resolve ticket,2012-11-12 13:22:01.085342836+00:00,2012-11-12 13:22:01.085342836+00:00,2575,Value 1
540,5,Closed,2012-11-12 13:22:01.085342836+00:00,2012-11-12 13:22:01.085342836+00:00,2576,Value 5
541,18,Assign seriousness,2012-11-12 13:37:06.342262618+00:00,2012-11-12 13:37:06.342262618+00:00,2577,Value 4
541,6,Take in charge ticket,2012-11-12 13:37:06.342262618+00:00,2012-11-12 13:37:06.342262618+00:00,2578,Value 10
541,6,Resolve ticket,2012-11-12 13:37:06.342262618+00:00,2012-11-12 13:37:06.342262618+00:00,2579,Value 10
541,5,Closed,2012-11-12 13:37:06.342262618+00:00,2012-11-12 13:37:06.342262618+00:00,2580,Value 5
542,18,Assign seriousness,2012-11-13 04:00:00+00:00,2012-11-13 04:00:00+00:00,2583,Value 4
543,18,Assign seriousness,2012-11-13 04:00:00+00:00,2012-11-13 04:00:00+00:00,2584,Value 4
542,18,Take in charge ticket,2012-11-13 04:00:00+00:00,2012-11-13 04:00:00+00:00,2585,Value 4
543,17,Take in charge ticket,2012-11-13 04:00:00+00:00,2012-11-13 04:00:00+00:00,2586,Value 1
542,18,Resolve ticket,2012-11-13 04:00:00+00:00,2012-11-13 04:00:00+00:00,2587,Value 4
543,17,Resolve ticket,2012-11-13 04:00:00+00:00,2012-11-13 04:00:00+00:00,2588,Value 1
542,5,Closed,2012-11-13 04:00:00+00:00,2012-11-13 04:00:00+00:00,2589,Value 5
543,5,Closed,2012-11-13 04:00:00+00:00,2012-11-13 04:00:00+00:00,2590,Value 5
544,18,Assign seriousness,2012-11-13 05:49:15.189367083+00:00,2012-11-13 05:49:15.189367083+00:00,2591,Value 4
544,18,Take in charge ticket,2012-11-13 05:49:15.189367083+00:00,2012-11-13 05:49:15.189367083+00:00,2592,Value 4
544,18,Resolve ticket,2012-11-13 05:49:15.189367083+00:00,2012-11-13 05:49:15.189367083+00:00,2593,Value 4
544,18,Resolve ticket,2012-11-13 05:49:15.189367083+00:00,2012-11-13 05:49:15.189367083+00:00,2594,Value 4
544,5,Closed,2012-11-13 05:49:15.189367083+00:00,2012-11-13 05:49:15.189367083+00:00,2595,Value 5
545,18,Assign seriousness,2012-11-13 06:24:02.980245697+00:00,2012-11-13 06:24:02.980245697+00:00,2596,Value 4
545,18,Resolve ticket,2012-11-13 06:24:02.980245697+00:00,2012-11-13 06:24:02.980245697+00:00,2597,Value 4
545,5,Closed,2012-11-13 06:24:02.980245697+00:00,2012-11-13 06:24:02.980245697+00:00,2598,Value 5
546,18,Assign seriousness,2012-11-13 07:17:57.807259002+00:00,2012-11-13 07:17:57.807259002+00:00,2599,Value 4
546,11,Take in charge ticket,2012-11-13 07:17:57.807259002+00:00,2012-11-13 07:17:57.807259002+00:00,2600,Value 9
546,11,Resolve ticket,2012-11-13 07:17:57.807259002+00:00,2012-11-13 07:17:57.807259002+00:00,2601,Value 9
546,5,Closed,2012-11-13 07:17:57.807259002+00:00,2012-11-13 07:17:57.807259002+00:00,2602,Value 5
547,18,Assign seriousness,2012-11-13 09:41:44.659323419+00:00,2012-11-13 09:41:44.659323419+00:00,2603,Value 4
547,11,Assign seriousness,2012-11-13 09:41:44.659323419+00:00,2012-11-13 09:41:44.659323419+00:00,2604,Value 9
547,11,Take in charge ticket,2012-11-13 09:41:44.659323419+00:00,2012-11-13 09:41:44.659323419+00:00,2605,Value 9
547,11,Resolve ticket,2012-11-13 09:41:44.659323419+00:00,2012-11-13 09:41:44.659323419+00:00,2606,Value 9
547,5,Closed,2012-11-13 09:41:44.659323419+00:00,2012-11-13 09:41:44.659323419+00:00,2607,Value 5
548,18,Assign seriousness,2012-11-13 09:49:42.006734233+00:00,2012-11-13 09:49:42.006734233+00:00,2608,Value 4
548,11,Take in charge ticket,2012-11-13 09:49:42.006734233+00:00,2012-11-13 09:49:42.006734233+00:00,2609,Value 9
548,11,Resolve ticket,2012-11-13 09:49:42.006734233+00:00,2012-11-13 09:49:42.006734233+00:00,2610,Value 9
548,14,Take in charge ticket,2012-11-13 09:49:42.006734233+00:00,2012-11-13 09:49:42.006734233+00:00,2611,Value 8
548,14,Resolve ticket,2012-11-13 09:49:42.006734233+00:00,2012-11-13 09:49:42.006734233+00:00,2612,Value 8
548,5,Closed,2012-11-13 09:49:42.006734233+00:00,2012-11-13 09:49:42.006734233+00:00,2613,Value 5
549,13,Take in charge ticket,2012-11-13 10:28:30.193627390+00:00,2012-11-13 10:28:30.193627390+00:00,2614,Value 17
549,13,Resolve ticket,2012-11-13 10:28:30.193627390+00:00,2012-11-13 10:28:30.193627390+00:00,2615,Value 17
549,13,Resolve ticket,2012-11-13 10:28:30.193627390+00:00,2012-11-13 10:28:30.193627390+00:00,2616,Value 17
549,5,Closed,2012-11-13 10:28:30.193627390+00:00,2012-11-13 10:28:30.193627390+00:00,2617,Value 5
550,18,Insert ticket,2012-11-13 10:29:48.805481203+00:00,2012-11-13 10:29:48.805481203+00:00,2618,Value 4
550,18,Take in charge ticket,2012-11-13 10:29:48.805481203+00:00,2012-11-13 10:29:48.805481203+00:00,2619,Value 4
550,18,Resolve ticket,2012-11-13 10:29:48.805481203+00:00,2012-11-13 10:29:48.805481203+00:00,2620,Value 4
550,5,Closed,2012-11-13 10:29:48.805481203+00:00,2012-11-13 10:29:48.805481203+00:00,2621,Value 5
551,18,Assign seriousness,2012-11-13 10:31:20.498874748+00:00,2012-11-13 10:31:20.498874748+00:00,2622,Value 4
551,8,Take in charge ticket,2012-11-13 10:31:20.498874748+00:00,2012-11-13 10:31:20.498874748+00:00,2623,Value 6
551,8,Resolve ticket,2012-11-13 10:31:20.498874748+00:00,2012-11-13 10:31:20.498874748+00:00,2624,Value 6
551,5,Closed,2012-11-13 10:31:20.498874748+00:00,2012-11-13 10:31:20.498874748+00:00,2625,Value 5
552,18,Assign seriousness,2012-11-13 15:30:51.610955891+00:00,2012-11-13 15:30:51.610955891+00:00,2626,Value 4
552,18,Take in charge ticket,2012-11-13 15:30:51.610955891+00:00,2012-11-13 15:30:51.610955891+00:00,2627,Value 4
552,18,Resolve ticket,2012-11-13 15:30:51.610955891+00:00,2012-11-13 15:30:51.610955891+00:00,2628,Value 4
552,5,Closed,2012-11-13 15:30:51.610955891+00:00,2012-11-13 15:30:51.610955891+00:00,2629,Value 5
553,1,Assign seriousness,2012-11-14 04:01:43+00:00,2012-11-14 04:01:43+00:00,2630,Value 15
553,1,Take in charge ticket,2012-11-14 04:01:43+00:00,2012-11-14 04:01:43+00:00,2631,Value 15
553,1,Resolve ticket,2012-11-14 04:01:43+00:00,2012-11-14 04:01:43+00:00,2632,Value 15
553,5,Closed,2012-11-14 04:01:43+00:00,2012-11-14 04:01:43+00:00,2633,Value 5
554,1,Insert ticket,2012-11-14 05:13:03.073088620+00:00,2012-11-14 05:13:03.073088620+00:00,2634,Value 15
554,1,Assign seriousness,2012-11-14 05:13:03.073088620+00:00,2012-11-14 05:13:03.073088620+00:00,2635,Value 15
554,1,Take in charge ticket,2012-11-14 05:13:03.073088620+00:00,2012-11-14 05:13:03.073088620+00:00,2636,Value 15
554,1,Resolve ticket,2012-11-14 05:13:03.073088620+00:00,2012-11-14 05:13:03.073088620+00:00,2637,Value 15
554,5,Closed,2012-11-14 05:13:03.073088620+00:00,2012-11-14 05:13:03.073088620+00:00,2638,Value 5
555,1,Assign seriousness,2012-11-14 07:11:50.189531276+00:00,2012-11-14 07:11:50.189531276+00:00,2639,Value 15
555,0,Take in charge ticket,2012-11-14 07:11:50.189531276+00:00,2012-11-14 07:11:50.189531276+00:00,2640,Value 2
555,11,Wait,2012-11-14 07:11:50.189531276+00:00,2012-11-14 07:11:50.189531276+00:00,2641,Value 9
555,11,Resolve ticket,2012-11-14 07:11:50.189531276+00:00,2012-11-14 07:11:50.189531276+00:00,2642,Value 9
555,5,Closed,2012-11-14 07:11:50.189531276+00:00,2012-11-14 07:11:50.189531276+00:00,2643,Value 5
556,1,Assign seriousness,2012-11-14 07:14:00.326841325+00:00,2012-11-14 07:14:00.326841325+00:00,2644,Value 15
556,9,Take in charge ticket,2012-11-14 07:14:00.326841325+00:00,2012-11-14 07:14:00.326841325+00:00,2645,Value 14
556,9,Resolve ticket,2012-11-14 07:14:00.326841325+00:00,2012-11-14 07:14:00.326841325+00:00,2646,Value 14
556,5,Closed,2012-11-14 07:14:00.326841325+00:00,2012-11-14 07:14:00.326841325+00:00,2647,Value 5
557,1,Assign seriousness,2012-11-14 08:10:11.130825601+00:00,2012-11-14 08:10:11.130825601+00:00,2648,Value 15
557,1,Take in charge ticket,2012-11-14 08:10:11.130825601+00:00,2012-11-14 08:10:11.130825601+00:00,2649,Value 15
557,1,Resolve ticket,2012-11-14 08:10:11.130825601+00:00,2012-11-14 08:10:11.130825601+00:00,2650,Value 15
557,5,Closed,2012-11-14 08:10:11.130825601+00:00,2012-11-14 08:10:11.130825601+00:00,2651,Value 5
558,1,Assign seriousness,2012-11-14 11:35:17.617674129+00:00,2012-11-14 11:35:17.617674129+00:00,2652,Value 15
558,1,Take in charge ticket,2012-11-14 11:35:17.617674129+00:00,2012-11-14 11:35:17.617674129+00:00,2653,Value 15
558,1,Resolve ticket,2012-11-14 11:35:17.617674129+00:00,2012-11-14 11:35:17.617674129+00:00,2654,Value 15
558,1,Take in charge ticket,2012-11-14 11:35:17.617674129+00:00,2012-11-14 11:35:17.617674129+00:00,2655,Value 15
558,1,Wait,2012-11-14 11:35:17.617674129+00:00,2012-11-14 11:35:17.617674129+00:00,2656,Value 15
558,1,Take in charge ticket,2012-11-14 11:35:17.617674129+00:00,2012-11-14 11:35:17.617674129+00:00,2657,Value 15
558,0,Resolve ticket,2012-11-14 11:35:17.617674129+00:00,2012-11-14 11:35:17.617674129+00:00,2658,Value 2
558,5,Closed,2012-11-14 11:35:17.617674129+00:00,2012-11-14 11:35:17.617674129+00:00,2659,Value 5
559,1,Assign seriousness,2012-11-14 12:03:06.300369168+00:00,2012-11-14 12:03:06.300369168+00:00,2660,Value 15
559,7,Take in charge ticket,2012-11-14 12:03:06.300369168+00:00,2012-11-14 12:03:06.300369168+00:00,2661,Value 12
559,7,Resolve ticket,2012-11-14 12:03:06.300369168+00:00,2012-11-14 12:03:06.300369168+00:00,2662,Value 12
559,5,Closed,2012-11-14 12:03:06.300369168+00:00,2012-11-14 12:03:06.300369168+00:00,2663,Value 5
560,1,Assign seriousness,2012-11-14 12:30:06.474937880+00:00,2012-11-14 12:30:06.474937880+00:00,2664,Value 15
560,11,Take in charge ticket,2012-11-14 12:30:06.474937880+00:00,2012-11-14 12:30:06.474937880+00:00,2665,Value 9
560,11,Wait,2012-11-14 12:30:06.474937880+00:00,2012-11-14 12:30:06.474937880+00:00,2666,Value 9
560,11,Resolve ticket,2012-11-14 12:30:06.474937880+00:00,2012-11-14 12:30:06.474937880+00:00,2667,Value 9
560,11,Take in charge ticket,2012-11-14 12:30:06.474937880+00:00,2012-11-14 12:30:06.474937880+00:00,2668,Value 9
560,11,Wait,2012-11-14 12:30:06.474937880+00:00,2012-11-14 12:30:06.474937880+00:00,2669,Value 9
560,11,Resolve ticket,2012-11-14 12:30:06.474937880+00:00,2012-11-14 12:30:06.474937880+00:00,2670,Value 9
560,5,Closed,2012-11-14 12:30:06.474937880+00:00,2012-11-14 12:30:06.474937880+00:00,2671,Value 5
561,1,Assign seriousness,2012-11-14 12:34:54.115844343+00:00,2012-11-14 12:34:54.115844343+00:00,2672,Value 15
561,1,Take in charge ticket,2012-11-14 12:34:54.115844343+00:00,2012-11-14 12:34:54.115844343+00:00,2673,Value 15
561,1,Resolve ticket,2012-11-14 12:34:54.115844343+00:00,2012-11-14 12:34:54.115844343+00:00,2674,Value 15
561,5,Closed,2012-11-14 12:34:54.115844343+00:00,2012-11-14 12:34:54.115844343+00:00,2675,Value 5
562,1,Assign seriousness,2012-11-14 15:13:34.189207136+00:00,2012-11-14 15:13:34.189207136+00:00,2676,Value 15
562,1,Take in charge ticket,2012-11-14 15:13:34.189207136+00:00,2012-11-14 15:13:34.189207136+00:00,2677,Value 15
562,1,Resolve ticket,2012-11-14 15:13:34.189207136+00:00,2012-11-14 15:13:34.189207136+00:00,2678,Value 15
562,5,Closed,2012-11-14 15:13:34.189207136+00:00,2012-11-14 15:13:34.189207136+00:00,2679,Value 5
563,3,Assign seriousness,2012-11-15 04:02:16+00:00,2012-11-15 04:02:16+00:00,2680,Value 16
563,3,Take in charge ticket,2012-11-15 04:02:16+00:00,2012-11-15 04:02:16+00:00,2681,Value 16
563,3,Resolve ticket,2012-11-15 04:02:16+00:00,2012-11-15 04:02:16+00:00,2682,Value 16
563,5,Closed,2012-11-15 04:02:16+00:00,2012-11-15 04:02:16+00:00,2683,Value 5
564,3,Assign seriousness,2012-11-15 05:38:24.805293010+00:00,2012-11-15 05:38:24.805293010+00:00,2684,Value 16
564,3,Take in charge ticket,2012-11-15 05:38:24.805293010+00:00,2012-11-15 05:38:24.805293010+00:00,2685,Value 16
564,3,Resolve ticket,2012-11-15 05:38:24.805293010+00:00,2012-11-15 05:38:24.805293010+00:00,2686,Value 16
564,5,Closed,2012-11-15 05:38:24.805293010+00:00,2012-11-15 05:38:24.805293010+00:00,2687,Value 5
565,3,Assign seriousness,2012-11-15 05:42:39.473148001+00:00,2012-11-15 05:42:39.473148001+00:00,2688,Value 16
565,7,Take in charge ticket,2012-11-15 05:42:39.473148001+00:00,2012-11-15 05:42:39.473148001+00:00,2689,Value 12
565,7,Resolve ticket,2012-11-15 05:42:39.473148001+00:00,2012-11-15 05:42:39.473148001+00:00,2690,Value 12
565,5,Closed,2012-11-15 05:42:39.473148001+00:00,2012-11-15 05:42:39.473148001+00:00,2691,Value 5
566,3,Assign seriousness,2012-11-15 06:33:36.748769588+00:00,2012-11-15 06:33:36.748769588+00:00,2692,Value 16
566,3,Take in charge ticket,2012-11-15 06:33:36.748769588+00:00,2012-11-15 06:33:36.748769588+00:00,2693,Value 16
566,3,Resolve ticket,2012-11-15 06:33:36.748769588+00:00,2012-11-15 06:33:36.748769588+00:00,2694,Value 16
566,5,Closed,2012-11-15 06:33:36.748769588+00:00,2012-11-15 06:33:36.748769588+00:00,2695,Value 5
567,3,Assign seriousness,2012-11-15 07:01:37.626822363+00:00,2012-11-15 07:01:37.626822363+00:00,2696,Value 16
567,3,Take in charge ticket,2012-11-15 07:01:37.626822363+00:00,2012-11-15 07:01:37.626822363+00:00,2697,Value 16
567,3,Resolve ticket,2012-11-15 07:01:37.626822363+00:00,2012-11-15 07:01:37.626822363+00:00,2698,Value 16
567,5,Closed,2012-11-15 07:01:37.626822363+00:00,2012-11-15 07:01:37.626822363+00:00,2699,Value 5
568,13,Take in charge ticket,2012-11-15 07:20:01.946102258+00:00,2012-11-15 07:20:01.946102258+00:00,2700,Value 17
568,13,Resolve ticket,2012-11-15 07:20:01.946102258+00:00,2012-11-15 07:20:01.946102258+00:00,2701,Value 17
568,5,Closed,2012-11-15 07:20:01.946102258+00:00,2012-11-15 07:20:01.946102258+00:00,2702,Value 5
569,3,Assign seriousness,2012-11-15 09:09:15.639931568+00:00,2012-11-15 09:09:15.639931568+00:00,2703,Value 16
569,3,Take in charge ticket,2012-11-15 09:09:15.639931568+00:00,2012-11-15 09:09:15.639931568+00:00,2704,Value 16
569,3,Resolve ticket,2012-11-15 09:09:15.639931568+00:00,2012-11-15 09:09:15.639931568+00:00,2705,Value 16
569,5,Closed,2012-11-15 09:09:15.639931568+00:00,2012-11-15 09:09:15.639931568+00:00,2706,Value 5
570,3,Assign seriousness,2012-11-16 04:00:00+00:00,2012-11-16 04:00:00+00:00,2709,Value 16
571,3,Assign seriousness,2012-11-16 04:00:00+00:00,2012-11-16 04:00:00+00:00,2710,Value 16
570,3,Assign seriousness,2012-11-16 04:00:00+00:00,2012-11-16 04:00:00+00:00,2711,Value 16
571,3,Take in charge ticket,2012-11-16 04:00:00+00:00,2012-11-16 04:00:00+00:00,2712,Value 16
570,3,Take in charge ticket,2012-11-16 04:00:00+00:00,2012-11-16 04:00:00+00:00,2713,Value 16
571,3,Wait,2012-11-16 04:00:00+00:00,2012-11-16 04:00:00+00:00,2714,Value 16
570,3,Resolve ticket,2012-11-16 04:00:00+00:00,2012-11-16 04:00:00+00:00,2715,Value 16
571,0,Wait,2012-11-16 04:00:00+00:00,2012-11-16 04:00:00+00:00,2716,Value 2
570,5,Closed,2012-11-16 04:00:00+00:00,2012-11-16 04:00:00+00:00,2717,Value 5
571,17,Take in charge ticket,2012-11-16 04:00:00+00:00,2012-11-16 04:00:00+00:00,2718,Value 1
571,17,Resolve ticket,2012-11-16 04:00:00+00:00,2012-11-16 04:00:00+00:00,2719,Value 1
571,5,Closed,2012-11-16 04:00:00+00:00,2012-11-16 04:00:00+00:00,2720,Value 5
572,3,Assign seriousness,2012-11-16 04:07:30.004241008+00:00,2012-11-16 04:07:30.004241008+00:00,2721,Value 16
572,3,Take in charge ticket,2012-11-16 04:07:30.004241008+00:00,2012-11-16 04:07:30.004241008+00:00,2722,Value 16
572,3,Wait,2012-11-16 04:07:30.004241008+00:00,2012-11-16 04:07:30.004241008+00:00,2723,Value 16
572,0,Take in charge ticket,2012-11-16 04:07:30.004241008+00:00,2012-11-16 04:07:30.004241008+00:00,2724,Value 2
572,0,Resolve ticket,2012-11-16 04:07:30.004241008+00:00,2012-11-16 04:07:30.004241008+00:00,2725,Value 2
572,5,Closed,2012-11-16 04:07:30.004241008+00:00,2012-11-16 04:07:30.004241008+00:00,2726,Value 5
573,3,Assign seriousness,2012-11-16 04:31:59.811950475+00:00,2012-11-16 04:31:59.811950475+00:00,2727,Value 16
573,3,Take in charge ticket,2012-11-16 04:31:59.811950475+00:00,2012-11-16 04:31:59.811950475+00:00,2728,Value 16
573,3,Resolve ticket,2012-11-16 04:31:59.811950475+00:00,2012-11-16 04:31:59.811950475+00:00,2729,Value 16
573,5,Closed,2012-11-16 04:31:59.811950475+00:00,2012-11-16 04:31:59.811950475+00:00,2730,Value 5
574,3,Assign seriousness,2012-11-16 04:42:57.449239151+00:00,2012-11-16 04:42:57.449239151+00:00,2731,Value 16
574,3,Take in charge ticket,2012-11-16 04:42:57.449239151+00:00,2012-11-16 04:42:57.449239151+00:00,2732,Value 16
574,3,Resolve ticket,2012-11-16 04:42:57.449239151+00:00,2012-11-16 04:42:57.449239151+00:00,2733,Value 16
574,5,Closed,2012-11-16 04:42:57.449239151+00:00,2012-11-16 04:42:57.449239151+00:00,2734,Value 5
575,3,Assign seriousness,2012-11-16 04:56:34.418418030+00:00,2012-11-16 04:56:34.418418030+00:00,2735,Value 16
575,3,Take in charge ticket,2012-11-16 04:56:34.418418030+00:00,2012-11-16 04:56:34.418418030+00:00,2736,Value 16
575,3,Resolve ticket,2012-11-16 04:56:34.418418030+00:00,2012-11-16 04:56:34.418418030+00:00,2737,Value 16
575,5,Closed,2012-11-16 04:56:34.418418030+00:00,2012-11-16 04:56:34.418418030+00:00,2738,Value 5
576,3,Assign seriousness,2012-11-16 07:13:06.088617333+00:00,2012-11-16 07:13:06.088617333+00:00,2739,Value 16
576,3,Take in charge ticket,2012-11-16 07:13:06.088617333+00:00,2012-11-16 07:13:06.088617333+00:00,2740,Value 16
576,3,Resolve ticket,2012-11-16 07:13:06.088617333+00:00,2012-11-16 07:13:06.088617333+00:00,2741,Value 16
576,3,Resolve ticket,2012-11-16 07:13:06.088617333+00:00,2012-11-16 07:13:06.088617333+00:00,2742,Value 16
576,5,Closed,2012-11-16 07:13:06.088617333+00:00,2012-11-16 07:13:06.088617333+00:00,2743,Value 5
577,3,Assign seriousness,2012-11-16 07:20:52.872805872+00:00,2012-11-16 07:20:52.872805872+00:00,2744,Value 16
577,3,Take in charge ticket,2012-11-16 07:20:52.872805872+00:00,2012-11-16 07:20:52.872805872+00:00,2745,Value 16
577,7,Wait,2012-11-16 07:20:52.872805872+00:00,2012-11-16 07:20:52.872805872+00:00,2746,Value 12
577,7,Resolve ticket,2012-11-16 07:20:52.872805872+00:00,2012-11-16 07:20:52.872805872+00:00,2747,Value 12
577,5,Closed,2012-11-16 07:20:52.872805872+00:00,2012-11-16 07:20:52.872805872+00:00,2748,Value 5
578,3,Assign seriousness,2012-11-16 07:38:56.586561227+00:00,2012-11-16 07:38:56.586561227+00:00,2749,Value 16
578,3,Assign seriousness,2012-11-16 07:38:56.586561227+00:00,2012-11-16 07:38:56.586561227+00:00,2750,Value 16
578,7,Take in charge ticket,2012-11-16 07:38:56.586561227+00:00,2012-11-16 07:38:56.586561227+00:00,2751,Value 12
578,7,Schedule intervention,2012-11-16 07:38:56.586561227+00:00,2012-11-16 07:38:56.586561227+00:00,2752,Value 12
578,0,Resolve ticket,2012-11-16 07:38:56.586561227+00:00,2012-11-16 07:38:56.586561227+00:00,2753,Value 2
578,5,Closed,2012-11-16 07:38:56.586561227+00:00,2012-11-16 07:38:56.586561227+00:00,2754,Value 5
579,3,Assign seriousness,2012-11-16 07:44:08.996999605+00:00,2012-11-16 07:44:08.996999605+00:00,2755,Value 16
579,0,Take in charge ticket,2012-11-16 07:44:08.996999605+00:00,2012-11-16 07:44:08.996999605+00:00,2756,Value 2
579,15,Resolve ticket,2012-11-16 07:44:08.996999605+00:00,2012-11-16 07:44:08.996999605+00:00,2757,Value 13
579,5,Closed,2012-11-16 07:44:08.996999605+00:00,2012-11-16 07:44:08.996999605+00:00,2758,Value 5
580,3,Assign seriousness,2012-11-16 08:44:27.879745232+00:00,2012-11-16 08:44:27.879745232+00:00,2759,Value 16
580,3,Take in charge ticket,2012-11-16 08:44:27.879745232+00:00,2012-11-16 08:44:27.879745232+00:00,2760,Value 16
580,3,Resolve ticket,2012-11-16 08:44:27.879745232+00:00,2012-11-16 08:44:27.879745232+00:00,2761,Value 16
580,5,Closed,2012-11-16 08:44:27.879745232+00:00,2012-11-16 08:44:27.879745232+00:00,2762,Value 5
581,3,Assign seriousness,2012-11-16 08:47:08.335922481+00:00,2012-11-16 08:47:08.335922481+00:00,2763,Value 16
581,3,Take in charge ticket,2012-11-16 08:47:08.335922481+00:00,2012-11-16 08:47:08.335922481+00:00,2764,Value 16
581,3,Resolve ticket,2012-11-16 08:47:08.335922481+00:00,2012-11-16 08:47:08.335922481+00:00,2765,Value 16
581,5,Closed,2012-11-16 08:47:08.335922481+00:00,2012-11-16 08:47:08.335922481+00:00,2766,Value 5
582,3,Assign seriousness,2012-11-16 10:05:52.546136015+00:00,2012-11-16 10:05:52.546136015+00:00,2767,Value 16
582,3,Take in charge ticket,2012-11-16 10:05:52.546136015+00:00,2012-11-16 10:05:52.546136015+00:00,2768,Value 16
582,8,Resolve ticket,2012-11-16 10:05:52.546136015+00:00,2012-11-16 10:05:52.546136015+00:00,2769,Value 6
582,5,Closed,2012-11-16 10:05:52.546136015+00:00,2012-11-16 10:05:52.546136015+00:00,2770,Value 5
583,3,Assign seriousness,2012-11-16 12:09:36.109110057+00:00,2012-11-16 12:09:36.109110057+00:00,2771,Value 16
583,3,Wait,2012-11-16 12:09:36.109110057+00:00,2012-11-16 12:09:36.109110057+00:00,2772,Value 16
583,3,Take in charge ticket,2012-11-16 12:09:36.109110057+00:00,2012-11-16 12:09:36.109110057+00:00,2773,Value 16
583,3,Resolve ticket,2012-11-16 12:09:36.109110057+00:00,2012-11-16 12:09:36.109110057+00:00,2774,Value 16
583,5,Closed,2012-11-16 12:09:36.109110057+00:00,2012-11-16 12:09:36.109110057+00:00,2775,Value 5
584,3,Assign seriousness,2012-11-16 13:23:19.104774029+00:00,2012-11-16 13:23:19.104774029+00:00,2776,Value 16
584,3,Take in charge ticket,2012-11-16 13:23:19.104774029+00:00,2012-11-16 13:23:19.104774029+00:00,2777,Value 16
584,3,Resolve ticket,2012-11-16 13:23:19.104774029+00:00,2012-11-16 13:23:19.104774029+00:00,2778,Value 16
584,5,Closed,2012-11-16 13:23:19.104774029+00:00,2012-11-16 13:23:19.104774029+00:00,2779,Value 5
585,5,Assign seriousness,2012-11-17 13:17:27+00:00,2012-11-17 13:17:27+00:00,2780,Value 5
585,0,Take in charge ticket,2012-11-19 03:00:00+00:00,2012-11-19 03:00:00+00:00,2782,Value 2
585,0,Resolve ticket,2012-11-19 03:00:00+00:00,2012-11-19 03:00:00+00:00,2783,Value 2
585,5,Closed,2012-11-19 06:00:00+00:00,2012-11-19 06:00:00+00:00,2784,Value 5
586,3,Assign seriousness,2012-11-19 04:00:49+00:00,2012-11-19 04:00:49+00:00,2785,Value 16
586,3,Take in charge ticket,2012-11-19 04:00:49+00:00,2012-11-19 04:00:49+00:00,2786,Value 16
586,3,Resolve ticket,2012-11-19 04:00:49+00:00,2012-11-19 04:00:49+00:00,2787,Value 16
586,5,Closed,2012-11-19 06:00:00+00:00,2012-11-19 06:00:00+00:00,2789,Value 5
587,3,Assign seriousness,2012-11-19 06:01:30.130711450+00:00,2012-11-19 06:01:30.130711450+00:00,2790,Value 16
587,3,Assign seriousness,2012-11-19 06:01:30.130711450+00:00,2012-11-19 06:01:30.130711450+00:00,2791,Value 16
587,3,Take in charge ticket,2012-11-19 06:01:30.130711450+00:00,2012-11-19 06:01:30.130711450+00:00,2792,Value 16
587,7,Resolve ticket,2012-11-19 06:01:30.130711450+00:00,2012-11-19 06:01:30.130711450+00:00,2793,Value 12
587,5,Closed,2012-11-19 06:01:30.130711450+00:00,2012-11-19 06:01:30.130711450+00:00,2794,Value 5
588,3,Assign seriousness,2012-11-19 06:24:04.238814394+00:00,2012-11-19 06:24:04.238814394+00:00,2795,Value 16
588,3,Take in charge ticket,2012-11-19 06:24:04.238814394+00:00,2012-11-19 06:24:04.238814394+00:00,2796,Value 16
588,3,Resolve ticket,2012-11-19 06:24:04.238814394+00:00,2012-11-19 06:24:04.238814394+00:00,2797,Value 16
588,5,Closed,2012-11-19 06:24:04.238814394+00:00,2012-11-19 06:24:04.238814394+00:00,2798,Value 5
589,3,Assign seriousness,2012-11-19 06:26:06.261817072+00:00,2012-11-19 06:26:06.261817072+00:00,2799,Value 16
589,3,Take in charge ticket,2012-11-19 06:26:06.261817072+00:00,2012-11-19 06:26:06.261817072+00:00,2800,Value 16
589,3,Wait,2012-11-19 06:26:06.261817072+00:00,2012-11-19 06:26:06.261817072+00:00,2801,Value 16
589,3,Take in charge ticket,2012-11-19 06:26:06.261817072+00:00,2012-11-19 06:26:06.261817072+00:00,2802,Value 16
589,3,Resolve ticket,2012-11-19 06:26:06.261817072+00:00,2012-11-19 06:26:06.261817072+00:00,2803,Value 16
589,5,Closed,2012-11-19 06:26:06.261817072+00:00,2012-11-19 06:26:06.261817072+00:00,2804,Value 5
590,3,Assign seriousness,2012-11-19 06:27:21.042760817+00:00,2012-11-19 06:27:21.042760817+00:00,2805,Value 16
590,3,Take in charge ticket,2012-11-19 06:27:21.042760817+00:00,2012-11-19 06:27:21.042760817+00:00,2806,Value 16
590,2,Resolve ticket,2012-11-19 06:27:21.042760817+00:00,2012-11-19 06:27:21.042760817+00:00,2807,Value 11
590,5,Closed,2012-11-19 06:27:21.042760817+00:00,2012-11-19 06:27:21.042760817+00:00,2808,Value 5
591,3,Assign seriousness,2012-11-19 06:31:40.079630150+00:00,2012-11-19 06:31:40.079630150+00:00,2809,Value 16
591,3,Take in charge ticket,2012-11-19 06:31:40.079630150+00:00,2012-11-19 06:31:40.079630150+00:00,2810,Value 16
591,7,Resolve ticket,2012-11-19 06:31:40.079630150+00:00,2012-11-19 06:31:40.079630150+00:00,2811,Value 12
591,5,Closed,2012-11-19 06:31:40.079630150+00:00,2012-11-19 06:31:40.079630150+00:00,2812,Value 5
592,3,Assign seriousness,2012-11-19 07:03:27.883070516+00:00,2012-11-19 07:03:27.883070516+00:00,2813,Value 16
592,3,Take in charge ticket,2012-11-19 07:03:27.883070516+00:00,2012-11-19 07:03:27.883070516+00:00,2814,Value 16
592,8,Resolve ticket,2012-11-19 07:03:27.883070516+00:00,2012-11-19 07:03:27.883070516+00:00,2815,Value 6
592,5,Closed,2012-11-19 07:03:27.883070516+00:00,2012-11-19 07:03:27.883070516+00:00,2816,Value 5
593,3,Assign seriousness,2012-11-19 12:09:20.314420922+00:00,2012-11-19 12:09:20.314420922+00:00,2817,Value 16
593,3,Assign seriousness,2012-11-19 12:09:20.314420922+00:00,2012-11-19 12:09:20.314420922+00:00,2818,Value 16
593,3,Assign seriousness,2012-11-19 12:09:20.314420922+00:00,2012-11-19 12:09:20.314420922+00:00,2819,Value 16
593,3,Wait,2012-11-19 12:09:20.314420922+00:00,2012-11-19 12:09:20.314420922+00:00,2820,Value 16
593,7,Take in charge ticket,2012-11-19 12:09:20.314420922+00:00,2012-11-19 12:09:20.314420922+00:00,2821,Value 12
593,7,Resolve ticket,2012-11-19 12:09:20.314420922+00:00,2012-11-19 12:09:20.314420922+00:00,2822,Value 12
593,5,Closed,2012-11-19 12:09:20.314420922+00:00,2012-11-19 12:09:20.314420922+00:00,2823,Value 5
594,3,Assign seriousness,2012-11-19 12:52:46.506171773+00:00,2012-11-19 12:52:46.506171773+00:00,2824,Value 16
594,3,Wait,2012-11-19 12:52:46.506171773+00:00,2012-11-19 12:52:46.506171773+00:00,2825,Value 16
594,3,Take in charge ticket,2012-11-19 12:52:46.506171773+00:00,2012-11-19 12:52:46.506171773+00:00,2826,Value 16
594,3,Resolve ticket,2012-11-19 12:52:46.506171773+00:00,2012-11-19 12:52:46.506171773+00:00,2827,Value 16
594,5,Closed,2012-11-19 12:52:46.506171773+00:00,2012-11-19 12:52:46.506171773+00:00,2828,Value 5
595,3,Assign seriousness,2012-11-19 14:58:32.706314310+00:00,2012-11-19 14:58:32.706314310+00:00,2829,Value 16
595,3,Take in charge ticket,2012-11-19 14:58:32.706314310+00:00,2012-11-19 14:58:32.706314310+00:00,2830,Value 16
595,3,Resolve ticket,2012-11-19 14:58:32.706314310+00:00,2012-11-19 14:58:32.706314310+00:00,2831,Value 16
595,5,Closed,2012-11-19 14:58:32.706314310+00:00,2012-11-19 14:58:32.706314310+00:00,2832,Value 5
596,3,Assign seriousness,2012-11-19 15:18:09.017516205+00:00,2012-11-19 15:18:09.017516205+00:00,2833,Value 16
596,3,Wait,2012-11-19 15:18:09.017516205+00:00,2012-11-19 15:18:09.017516205+00:00,2834,Value 16
596,3,Take in charge ticket,2012-11-19 15:18:09.017516205+00:00,2012-11-19 15:18:09.017516205+00:00,2835,Value 16
596,3,Resolve ticket,2012-11-19 15:18:09.017516205+00:00,2012-11-19 15:18:09.017516205+00:00,2836,Value 16
596,3,Take in charge ticket,2012-11-19 15:18:09.017516205+00:00,2012-11-19 15:18:09.017516205+00:00,2837,Value 16
596,3,Wait,2012-11-19 15:18:09.017516205+00:00,2012-11-19 15:18:09.017516205+00:00,2838,Value 16
596,8,Take in charge ticket,2012-11-19 15:18:09.017516205+00:00,2012-11-19 15:18:09.017516205+00:00,2839,Value 6
596,3,Resolve ticket,2012-11-19 15:18:09.017516205+00:00,2012-11-19 15:18:09.017516205+00:00,2840,Value 16
596,5,Closed,2012-11-19 15:18:09.017516205+00:00,2012-11-19 15:18:09.017516205+00:00,2841,Value 5
597,4,Assign seriousness,2012-11-20 04:00:00+00:00,2012-11-20 04:00:00+00:00,2843,Value 21
597,4,Take in charge ticket,2012-11-20 04:00:00+00:00,2012-11-20 04:00:00+00:00,2844,Value 21
597,7,Resolve ticket,2012-11-20 04:00:00+00:00,2012-11-20 04:00:00+00:00,2845,Value 12
597,5,Closed,2012-11-20 04:00:00+00:00,2012-11-20 04:00:00+00:00,2846,Value 5
598,4,Assign seriousness,2012-11-20 05:59:36.100507563+00:00,2012-11-20 05:59:36.100507563+00:00,2847,Value 21
598,4,Take in charge ticket,2012-11-20 05:59:36.100507563+00:00,2012-11-20 05:59:36.100507563+00:00,2848,Value 21
598,7,Resolve ticket,2012-11-20 05:59:36.100507563+00:00,2012-11-20 05:59:36.100507563+00:00,2849,Value 12
598,5,Closed,2012-11-20 05:59:36.100507563+00:00,2012-11-20 05:59:36.100507563+00:00,2850,Value 5
599,4,Assign seriousness,2012-11-20 06:19:56.792475097+00:00,2012-11-20 06:19:56.792475097+00:00,2851,Value 21
599,4,Take in charge ticket,2012-11-20 06:19:56.792475097+00:00,2012-11-20 06:19:56.792475097+00:00,2852,Value 21
599,4,Resolve ticket,2012-11-20 06:19:56.792475097+00:00,2012-11-20 06:19:56.792475097+00:00,2853,Value 21
599,4,Closed,2012-11-20 06:19:56.792475097+00:00,2012-11-20 06:19:56.792475097+00:00,2854,Value 21
600,4,Assign seriousness,2012-11-20 07:54:55.109421335+00:00,2012-11-20 07:54:55.109421335+00:00,2855,Value 21
600,4,Take in charge ticket,2012-11-20 07:54:55.109421335+00:00,2012-11-20 07:54:55.109421335+00:00,2856,Value 21
600,4,Resolve ticket,2012-11-20 07:54:55.109421335+00:00,2012-11-20 07:54:55.109421335+00:00,2857,Value 21
600,5,Closed,2012-11-20 07:54:55.109421335+00:00,2012-11-20 07:54:55.109421335+00:00,2858,Value 5
601,7,Insert ticket,2012-11-20 10:27:52.582863150+00:00,2012-11-20 10:27:52.582863150+00:00,2859,Value 12
601,7,Assign seriousness,2012-11-20 10:27:52.582863150+00:00,2012-11-20 10:27:52.582863150+00:00,2860,Value 12
601,13,Take in charge ticket,2012-11-20 10:27:52.582863150+00:00,2012-11-20 10:27:52.582863150+00:00,2861,Value 17
601,13,Resolve ticket,2012-11-20 10:27:52.582863150+00:00,2012-11-20 10:27:52.582863150+00:00,2862,Value 17
601,5,Closed,2012-11-20 10:27:52.582863150+00:00,2012-11-20 10:27:52.582863150+00:00,2863,Value 5
602,4,Assign seriousness,2012-11-20 10:31:34.468993373+00:00,2012-11-20 10:31:34.468993373+00:00,2864,Value 21
602,4,Take in charge ticket,2012-11-20 10:31:34.468993373+00:00,2012-11-20 10:31:34.468993373+00:00,2865,Value 21
602,7,Resolve ticket,2012-11-20 10:31:34.468993373+00:00,2012-11-20 10:31:34.468993373+00:00,2866,Value 12
602,5,Closed,2012-11-20 10:31:34.468993373+00:00,2012-11-20 10:31:34.468993373+00:00,2867,Value 5
603,4,Assign seriousness,2012-11-20 11:05:29.327782911+00:00,2012-11-20 11:05:29.327782911+00:00,2868,Value 21
603,4,Take in charge ticket,2012-11-20 11:05:29.327782911+00:00,2012-11-20 11:05:29.327782911+00:00,2869,Value 21
603,4,Resolve ticket,2012-11-20 11:05:29.327782911+00:00,2012-11-20 11:05:29.327782911+00:00,2870,Value 21
603,5,Closed,2012-11-20 11:05:29.327782911+00:00,2012-11-20 11:05:29.327782911+00:00,2871,Value 5
604,13,Take in charge ticket,2012-11-20 14:59:40.806292830+00:00,2012-11-20 14:59:40.806292830+00:00,2872,Value 17
604,13,Resolve ticket,2012-11-20 14:59:40.806292830+00:00,2012-11-20 14:59:40.806292830+00:00,2873,Value 17
604,5,Closed,2012-11-20 14:59:40.806292830+00:00,2012-11-20 14:59:40.806292830+00:00,2874,Value 5
605,4,Assign seriousness,2012-11-21 04:01:43+00:00,2012-11-21 04:01:43+00:00,2875,Value 21
605,4,Take in charge ticket,2012-11-21 04:01:43+00:00,2012-11-21 04:01:43+00:00,2876,Value 21
605,4,Resolve ticket,2012-11-21 04:01:43+00:00,2012-11-21 04:01:43+00:00,2877,Value 21
605,5,Closed,2012-11-21 04:01:43+00:00,2012-11-21 04:01:43+00:00,2878,Value 5
606,4,Assign seriousness,2012-11-21 04:35:52.813337890+00:00,2012-11-21 04:35:52.813337890+00:00,2879,Value 21
606,4,Take in charge ticket,2012-11-21 04:35:52.813337890+00:00,2012-11-21 04:35:52.813337890+00:00,2880,Value 21
606,4,Resolve ticket,2012-11-21 04:35:52.813337890+00:00,2012-11-21 04:35:52.813337890+00:00,2881,Value 21
606,5,Closed,2012-11-21 04:35:52.813337890+00:00,2012-11-21 04:35:52.813337890+00:00,2882,Value 5
607,4,Assign seriousness,2012-11-21 04:42:02.233450986+00:00,2012-11-21 04:42:02.233450986+00:00,2883,Value 21
607,4,Take in charge ticket,2012-11-21 04:42:02.233450986+00:00,2012-11-21 04:42:02.233450986+00:00,2884,Value 21
607,4,Resolve ticket,2012-11-21 04:42:02.233450986+00:00,2012-11-21 04:42:02.233450986+00:00,2885,Value 21
607,4,Closed,2012-11-21 04:42:02.233450986+00:00,2012-11-21 04:42:02.233450986+00:00,2886,Value 21
608,4,Assign seriousness,2012-11-21 04:59:15.394222990+00:00,2012-11-21 04:59:15.394222990+00:00,2887,Value 21
608,4,Take in charge ticket,2012-11-21 04:59:15.394222990+00:00,2012-11-21 04:59:15.394222990+00:00,2888,Value 21
608,4,Resolve ticket,2012-11-21 04:59:15.394222990+00:00,2012-11-21 04:59:15.394222990+00:00,2889,Value 21
608,5,Closed,2012-11-21 04:59:15.394222990+00:00,2012-11-21 04:59:15.394222990+00:00,2890,Value 5
609,4,Assign seriousness,2012-11-21 05:17:10.495436752+00:00,2012-11-21 05:17:10.495436752+00:00,2891,Value 21
609,4,Take in charge ticket,2012-11-21 05:17:10.495436752+00:00,2012-11-21 05:17:10.495436752+00:00,2892,Value 21
609,7,Resolve ticket,2012-11-21 05:17:10.495436752+00:00,2012-11-21 05:17:10.495436752+00:00,2893,Value 12
609,5,Closed,2012-11-21 05:17:10.495436752+00:00,2012-11-21 05:17:10.495436752+00:00,2894,Value 5
610,7,Insert ticket,2012-11-21 05:19:59.618706190+00:00,2012-11-21 05:19:59.618706190+00:00,2895,Value 12
610,7,Assign seriousness,2012-11-21 05:19:59.618706190+00:00,2012-11-21 05:19:59.618706190+00:00,2896,Value 12
610,7,Take in charge ticket,2012-11-21 05:19:59.618706190+00:00,2012-11-21 05:19:59.618706190+00:00,2897,Value 12
610,7,Resolve ticket,2012-11-21 05:19:59.618706190+00:00,2012-11-21 05:19:59.618706190+00:00,2898,Value 12
610,5,Closed,2012-11-21 05:19:59.618706190+00:00,2012-11-21 05:19:59.618706190+00:00,2899,Value 5
611,4,Assign seriousness,2012-11-21 06:05:22.717650516+00:00,2012-11-21 06:05:22.717650516+00:00,2900,Value 21
611,4,Take in charge ticket,2012-11-21 06:05:22.717650516+00:00,2012-11-21 06:05:22.717650516+00:00,2901,Value 21
611,4,Resolve ticket,2012-11-21 06:05:22.717650516+00:00,2012-11-21 06:05:22.717650516+00:00,2902,Value 21
611,4,Closed,2012-11-21 06:05:22.717650516+00:00,2012-11-21 06:05:22.717650516+00:00,2903,Value 21
612,4,Assign seriousness,2012-11-21 06:16:23.236588786+00:00,2012-11-21 06:16:23.236588786+00:00,2904,Value 21
612,4,Take in charge ticket,2012-11-21 06:16:23.236588786+00:00,2012-11-21 06:16:23.236588786+00:00,2905,Value 21
612,4,Resolve ticket,2012-11-21 06:16:23.236588786+00:00,2012-11-21 06:16:23.236588786+00:00,2906,Value 21
612,4,Closed,2012-11-21 06:16:23.236588786+00:00,2012-11-21 06:16:23.236588786+00:00,2907,Value 21
613,4,Assign seriousness,2012-11-21 08:35:47.028035790+00:00,2012-11-21 08:35:47.028035790+00:00,2908,Value 21
613,4,Take in charge ticket,2012-11-21 08:35:47.028035790+00:00,2012-11-21 08:35:47.028035790+00:00,2909,Value 21
613,4,Resolve ticket,2012-11-21 08:35:47.028035790+00:00,2012-11-21 08:35:47.028035790+00:00,2910,Value 21
613,5,Closed,2012-11-21 08:35:47.028035790+00:00,2012-11-21 08:35:47.028035790+00:00,2911,Value 5
614,4,Assign seriousness,2012-11-21 08:43:45.939811557+00:00,2012-11-21 08:43:45.939811557+00:00,2912,Value 21
614,4,Take in charge ticket,2012-11-21 08:43:45.939811557+00:00,2012-11-21 08:43:45.939811557+00:00,2913,Value 21
614,4,Resolve ticket,2012-11-21 08:43:45.939811557+00:00,2012-11-21 08:43:45.939811557+00:00,2914,Value 21
614,5,Closed,2012-11-21 08:43:45.939811557+00:00,2012-11-21 08:43:45.939811557+00:00,2915,Value 5
615,7,Insert ticket,2012-11-21 09:39:18.560874345+00:00,2012-11-21 09:39:18.560874345+00:00,2916,Value 12
615,7,Assign seriousness,2012-11-21 09:39:18.560874345+00:00,2012-11-21 09:39:18.560874345+00:00,2917,Value 12
615,7,Take in charge ticket,2012-11-21 09:39:18.560874345+00:00,2012-11-21 09:39:18.560874345+00:00,2918,Value 12
615,7,Resolve ticket,2012-11-21 09:39:18.560874345+00:00,2012-11-21 09:39:18.560874345+00:00,2919,Value 12
615,5,Closed,2012-11-21 09:39:18.560874345+00:00,2012-11-21 09:39:18.560874345+00:00,2920,Value 5
616,4,Assign seriousness,2012-11-21 09:55:01.766878036+00:00,2012-11-21 09:55:01.766878036+00:00,2921,Value 21
616,4,Take in charge ticket,2012-11-21 09:55:01.766878036+00:00,2012-11-21 09:55:01.766878036+00:00,2922,Value 21
616,4,Resolve ticket,2012-11-21 09:55:01.766878036+00:00,2012-11-21 09:55:01.766878036+00:00,2923,Value 21
616,5,Closed,2012-11-21 09:55:01.766878036+00:00,2012-11-21 09:55:01.766878036+00:00,2924,Value 5
617,4,Assign seriousness,2012-11-21 10:40:29.098103880+00:00,2012-11-21 10:40:29.098103880+00:00,2925,Value 21
617,4,Take in charge ticket,2012-11-21 10:40:29.098103880+00:00,2012-11-21 10:40:29.098103880+00:00,2926,Value 21
617,4,Resolve ticket,2012-11-21 10:40:29.098103880+00:00,2012-11-21 10:40:29.098103880+00:00,2927,Value 21
617,5,Closed,2012-11-21 10:40:29.098103880+00:00,2012-11-21 10:40:29.098103880+00:00,2928,Value 5
618,4,Assign seriousness,2012-11-21 13:41:34.601968276+00:00,2012-11-21 13:41:34.601968276+00:00,2929,Value 21
618,4,Take in charge ticket,2012-11-21 13:41:34.601968276+00:00,2012-11-21 13:41:34.601968276+00:00,2930,Value 21
618,7,Resolve ticket,2012-11-21 13:41:34.601968276+00:00,2012-11-21 13:41:34.601968276+00:00,2931,Value 12
618,5,Closed,2012-11-21 13:41:34.601968276+00:00,2012-11-21 13:41:34.601968276+00:00,2932,Value 5
619,4,Assign seriousness,2012-11-21 13:49:30.516254737+00:00,2012-11-21 13:49:30.516254737+00:00,2933,Value 21
619,4,Take in charge ticket,2012-11-21 13:49:30.516254737+00:00,2012-11-21 13:49:30.516254737+00:00,2934,Value 21
619,4,Resolve ticket,2012-11-21 13:49:30.516254737+00:00,2012-11-21 13:49:30.516254737+00:00,2935,Value 21
619,4,Closed,2012-11-21 13:49:30.516254737+00:00,2012-11-21 13:49:30.516254737+00:00,2936,Value 21
620,4,Assign seriousness,2012-11-21 13:52:59.404977458+00:00,2012-11-21 13:52:59.404977458+00:00,2937,Value 21
620,4,Take in charge ticket,2012-11-21 13:52:59.404977458+00:00,2012-11-21 13:52:59.404977458+00:00,2938,Value 21
620,4,Resolve ticket,2012-11-21 13:52:59.404977458+00:00,2012-11-21 13:52:59.404977458+00:00,2939,Value 21
620,5,Closed,2012-11-21 13:52:59.404977458+00:00,2012-11-21 13:52:59.404977458+00:00,2940,Value 5
621,4,Assign seriousness,2012-11-22 04:02:16+00:00,2012-11-22 04:02:16+00:00,2941,Value 21
621,4,Take in charge ticket,2012-11-22 04:02:16+00:00,2012-11-22 04:02:16+00:00,2942,Value 21
621,7,Resolve ticket,2012-11-22 04:02:16+00:00,2012-11-22 04:02:16+00:00,2943,Value 12
621,5,Closed,2012-11-22 04:02:16+00:00,2012-11-22 04:02:16+00:00,2944,Value 5
622,4,Assign seriousness,2012-11-22 05:13:17.555081922+00:00,2012-11-22 05:13:17.555081922+00:00,2945,Value 21
622,4,Take in charge ticket,2012-11-22 05:13:17.555081922+00:00,2012-11-22 05:13:17.555081922+00:00,2946,Value 21
622,4,Resolve ticket,2012-11-22 05:13:17.555081922+00:00,2012-11-22 05:13:17.555081922+00:00,2947,Value 21
622,5,Closed,2012-11-22 05:13:17.555081922+00:00,2012-11-22 05:13:17.555081922+00:00,2948,Value 5
623,4,Assign seriousness,2012-11-22 05:25:52.446992924+00:00,2012-11-22 05:25:52.446992924+00:00,2949,Value 21
623,4,Take in charge ticket,2012-11-22 05:25:52.446992924+00:00,2012-11-22 05:25:52.446992924+00:00,2950,Value 21
623,4,Resolve ticket,2012-11-22 05:25:52.446992924+00:00,2012-11-22 05:25:52.446992924+00:00,2951,Value 21
623,5,Closed,2012-11-22 05:25:52.446992924+00:00,2012-11-22 05:25:52.446992924+00:00,2952,Value 5
624,4,Assign seriousness,2012-11-22 05:35:12.788932024+00:00,2012-11-22 05:35:12.788932024+00:00,2953,Value 21
624,4,Take in charge ticket,2012-11-22 05:35:12.788932024+00:00,2012-11-22 05:35:12.788932024+00:00,2954,Value 21
624,4,Resolve ticket,2012-11-22 05:35:12.788932024+00:00,2012-11-22 05:35:12.788932024+00:00,2955,Value 21
624,5,Closed,2012-11-22 05:35:12.788932024+00:00,2012-11-22 05:35:12.788932024+00:00,2956,Value 5
625,7,Insert ticket,2012-11-22 06:52:51.613540822+00:00,2012-11-22 06:52:51.613540822+00:00,2957,Value 12
625,6,Assign seriousness,2012-11-22 06:52:51.613540822+00:00,2012-11-22 06:52:51.613540822+00:00,2958,Value 10
625,12,Take in charge ticket,2012-11-22 06:52:51.613540822+00:00,2012-11-22 06:52:51.613540822+00:00,2959,Value 7
625,12,Resolve ticket,2012-11-22 06:52:51.613540822+00:00,2012-11-22 06:52:51.613540822+00:00,2960,Value 7
625,12,Take in charge ticket,2012-11-22 06:52:51.613540822+00:00,2012-11-22 06:52:51.613540822+00:00,2961,Value 7
625,12,Resolve ticket,2012-11-22 06:52:51.613540822+00:00,2012-11-22 06:52:51.613540822+00:00,2962,Value 7
625,5,Closed,2012-11-22 06:52:51.613540822+00:00,2012-11-22 06:52:51.613540822+00:00,2963,Value 5
626,4,Assign seriousness,2012-11-22 09:17:33.598386537+00:00,2012-11-22 09:17:33.598386537+00:00,2964,Value 21
626,4,Take in charge ticket,2012-11-22 09:17:33.598386537+00:00,2012-11-22 09:17:33.598386537+00:00,2965,Value 21
626,4,Resolve ticket,2012-11-22 09:17:33.598386537+00:00,2012-11-22 09:17:33.598386537+00:00,2966,Value 21
626,5,Closed,2012-11-22 09:17:33.598386537+00:00,2012-11-22 09:17:33.598386537+00:00,2967,Value 5
627,4,Assign seriousness,2012-11-22 09:18:54.766166389+00:00,2012-11-22 09:18:54.766166389+00:00,2968,Value 21
627,4,Take in charge ticket,2012-11-22 09:18:54.766166389+00:00,2012-11-22 09:18:54.766166389+00:00,2969,Value 21
627,4,Resolve ticket,2012-11-22 09:18:54.766166389+00:00,2012-11-22 09:18:54.766166389+00:00,2970,Value 21
627,5,Closed,2012-11-22 09:18:54.766166389+00:00,2012-11-22 09:18:54.766166389+00:00,2971,Value 5
628,4,Assign seriousness,2012-11-22 10:02:26.136099570+00:00,2012-11-22 10:02:26.136099570+00:00,2972,Value 21
628,4,Take in charge ticket,2012-11-22 10:02:26.136099570+00:00,2012-11-22 10:02:26.136099570+00:00,2973,Value 21
628,4,Resolve ticket,2012-11-22 10:02:26.136099570+00:00,2012-11-22 10:02:26.136099570+00:00,2974,Value 21
628,5,Closed,2012-11-22 10:02:26.136099570+00:00,2012-11-22 10:02:26.136099570+00:00,2975,Value 5
629,4,Assign seriousness,2012-11-22 13:25:15.936462905+00:00,2012-11-22 13:25:15.936462905+00:00,2976,Value 21
629,4,Take in charge ticket,2012-11-22 13:25:15.936462905+00:00,2012-11-22 13:25:15.936462905+00:00,2977,Value 21
629,4,Resolve ticket,2012-11-22 13:25:15.936462905+00:00,2012-11-22 13:25:15.936462905+00:00,2978,Value 21
629,4,Closed,2012-11-22 13:25:15.936462905+00:00,2012-11-22 13:25:15.936462905+00:00,2979,Value 21
630,4,Assign seriousness,2012-11-22 13:25:49.847839045+00:00,2012-11-22 13:25:49.847839045+00:00,2980,Value 21
630,4,Take in charge ticket,2012-11-22 13:25:49.847839045+00:00,2012-11-22 13:25:49.847839045+00:00,2981,Value 21
630,4,Resolve ticket,2012-11-22 13:25:49.847839045+00:00,2012-11-22 13:25:49.847839045+00:00,2982,Value 21
630,4,Closed,2012-11-22 13:25:49.847839045+00:00,2012-11-22 13:25:49.847839045+00:00,2983,Value 21
631,4,Assign seriousness,2012-11-22 14:16:13.643170731+00:00,2012-11-22 14:16:13.643170731+00:00,2984,Value 21
631,4,Take in charge ticket,2012-11-22 14:16:13.643170731+00:00,2012-11-22 14:16:13.643170731+00:00,2985,Value 21
631,4,Resolve ticket,2012-11-22 14:16:13.643170731+00:00,2012-11-22 14:16:13.643170731+00:00,2986,Value 21
631,4,Closed,2012-11-22 14:16:13.643170731+00:00,2012-11-22 14:16:13.643170731+00:00,2987,Value 21
632,4,Assign seriousness,2012-11-22 14:18:17.603093+00:00,2012-11-22 14:18:17.603093+00:00,2988,Value 21
632,4,Take in charge ticket,2012-11-22 14:18:17.603093+00:00,2012-11-22 14:18:17.603093+00:00,2989,Value 21
632,4,Resolve ticket,2012-11-22 14:18:17.603093+00:00,2012-11-22 14:18:17.603093+00:00,2990,Value 21
632,4,Closed,2012-11-22 14:18:17.603093+00:00,2012-11-22 14:18:17.603093+00:00,2991,Value 21
633,4,Assign seriousness,2012-11-22 15:20:53.789518472+00:00,2012-11-22 15:20:53.789518472+00:00,2992,Value 21
633,4,Take in charge ticket,2012-11-22 15:20:53.789518472+00:00,2012-11-22 15:20:53.789518472+00:00,2993,Value 21
633,4,Resolve ticket,2012-11-22 15:20:53.789518472+00:00,2012-11-22 15:20:53.789518472+00:00,2994,Value 21
633,5,Closed,2012-11-22 15:20:53.789518472+00:00,2012-11-22 15:20:53.789518472+00:00,2995,Value 5
634,6,Assign seriousness,2012-11-23 04:00:00+00:00,2012-11-23 04:00:00+00:00,2997,Value 10
634,6,Take in charge ticket,2012-11-23 04:00:00+00:00,2012-11-23 04:00:00+00:00,2998,Value 10
634,0,Resolve ticket,2012-11-23 04:00:00+00:00,2012-11-23 04:00:00+00:00,2999,Value 2
634,5,Closed,2012-11-23 04:00:00+00:00,2012-11-23 04:00:00+00:00,3000,Value 5
635,6,Assign seriousness,2012-11-23 04:40:12.924417797+00:00,2012-11-23 04:40:12.924417797+00:00,3001,Value 10
635,6,Assign seriousness,2012-11-23 04:40:12.924417797+00:00,2012-11-23 04:40:12.924417797+00:00,3002,Value 10
635,6,Assign seriousness,2012-11-23 04:40:12.924417797+00:00,2012-11-23 04:40:12.924417797+00:00,3003,Value 10
635,6,Take in charge ticket,2012-11-23 04:40:12.924417797+00:00,2012-11-23 04:40:12.924417797+00:00,3004,Value 10
635,6,Resolve ticket,2012-11-23 04:40:12.924417797+00:00,2012-11-23 04:40:12.924417797+00:00,3005,Value 10
635,5,Closed,2012-11-23 04:40:12.924417797+00:00,2012-11-23 04:40:12.924417797+00:00,3006,Value 5
636,6,Assign seriousness,2012-11-23 07:35:23.502817430+00:00,2012-11-23 07:35:23.502817430+00:00,3007,Value 10
636,1,Take in charge ticket,2012-11-23 07:35:23.502817430+00:00,2012-11-23 07:35:23.502817430+00:00,3008,Value 15
636,1,Resolve ticket,2012-11-23 07:35:23.502817430+00:00,2012-11-23 07:35:23.502817430+00:00,3009,Value 15
636,5,Closed,2012-11-23 07:35:23.502817430+00:00,2012-11-23 07:35:23.502817430+00:00,3010,Value 5
637,6,Assign seriousness,2012-11-23 09:11:42.254783714+00:00,2012-11-23 09:11:42.254783714+00:00,3011,Value 10
637,6,Assign seriousness,2012-11-23 09:11:42.254783714+00:00,2012-11-23 09:11:42.254783714+00:00,3012,Value 10
637,12,Take in charge ticket,2012-11-23 09:11:42.254783714+00:00,2012-11-23 09:11:42.254783714+00:00,3013,Value 7
637,12,Resolve ticket,2012-11-23 09:11:42.254783714+00:00,2012-11-23 09:11:42.254783714+00:00,3014,Value 7
637,5,Closed,2012-11-23 09:11:42.254783714+00:00,2012-11-23 09:11:42.254783714+00:00,3015,Value 5
638,6,Assign seriousness,2012-11-23 10:38:35.850288097+00:00,2012-11-23 10:38:35.850288097+00:00,3016,Value 10
638,6,Take in charge ticket,2012-11-23 10:38:35.850288097+00:00,2012-11-23 10:38:35.850288097+00:00,3017,Value 10
638,6,Resolve ticket,2012-11-23 10:38:35.850288097+00:00,2012-11-23 10:38:35.850288097+00:00,3018,Value 10
638,5,Closed,2012-11-23 10:38:35.850288097+00:00,2012-11-23 10:38:35.850288097+00:00,3019,Value 5
639,5,Assign seriousness,2012-11-24 13:17:27+00:00,2012-11-24 13:17:27+00:00,3020,Value 5
639,0,Take in charge ticket,2012-11-26 03:00:00+00:00,2012-11-26 03:00:00+00:00,3022,Value 2
639,0,Resolve ticket,2012-11-26 03:00:00+00:00,2012-11-26 03:00:00+00:00,3023,Value 2
639,5,Closed,2012-11-26 06:00:00+00:00,2012-11-26 06:00:00+00:00,3024,Value 5
640,6,Assign seriousness,2012-11-26 04:00:49+00:00,2012-11-26 04:00:49+00:00,3025,Value 10
640,6,Take in charge ticket,2012-11-26 04:00:49+00:00,2012-11-26 04:00:49+00:00,3026,Value 10
640,17,Resolve ticket,2012-11-26 04:00:49+00:00,2012-11-26 04:00:49+00:00,3027,Value 1
640,17,Resolve ticket,2012-11-26 04:00:49+00:00,2012-11-26 04:00:49+00:00,3028,Value 1
641,6,Assign seriousness,2012-11-26 05:28:19.597044440+00:00,2012-11-26 05:28:19.597044440+00:00,3030,Value 10
640,5,Closed,2012-11-26 06:00:00+00:00,2012-11-26 06:00:00+00:00,3031,Value 5
641,6,Take in charge ticket,2012-11-26 05:28:19.597044440+00:00,2012-11-26 05:28:19.597044440+00:00,3032,Value 10
642,6,Assign seriousness,2012-11-26 05:59:21.987177048+00:00,2012-11-26 05:59:21.987177048+00:00,3033,Value 10
641,6,Resolve ticket,2012-11-26 05:28:19.597044440+00:00,2012-11-26 05:28:19.597044440+00:00,3034,Value 10
642,0,Assign seriousness,2012-11-26 05:59:21.987177048+00:00,2012-11-26 05:59:21.987177048+00:00,3035,Value 2
642,11,Take in charge ticket,2012-11-26 05:59:21.987177048+00:00,2012-11-26 05:59:21.987177048+00:00,3037,Value 9
642,11,Wait,2012-11-26 05:59:21.987177048+00:00,2012-11-26 05:59:21.987177048+00:00,3038,Value 9
641,5,Closed,2012-11-26 06:00:00+00:00,2012-11-26 06:00:00+00:00,3039,Value 5
642,0,Take in charge ticket,2012-11-26 05:59:21.987177048+00:00,2012-11-26 05:59:21.987177048+00:00,3040,Value 2
642,1,Resolve ticket,2012-11-26 05:59:21.987177048+00:00,2012-11-26 05:59:21.987177048+00:00,3041,Value 15
642,5,Closed,2012-11-26 06:00:00+00:00,2012-11-26 06:00:00+00:00,3043,Value 5
643,6,Assign seriousness,2012-11-26 07:42:53.169855478+00:00,2012-11-26 07:42:53.169855478+00:00,3044,Value 10
643,0,Assign seriousness,2012-11-26 07:42:53.169855478+00:00,2012-11-26 07:42:53.169855478+00:00,3045,Value 2
643,0,Take in charge ticket,2012-11-26 07:42:53.169855478+00:00,2012-11-26 07:42:53.169855478+00:00,3046,Value 2
643,0,Resolve ticket,2012-11-26 07:42:53.169855478+00:00,2012-11-26 07:42:53.169855478+00:00,3047,Value 2
643,5,Closed,2012-11-26 07:42:53.169855478+00:00,2012-11-26 07:42:53.169855478+00:00,3048,Value 5
644,6,Assign seriousness,2012-11-26 08:52:00.398960910+00:00,2012-11-26 08:52:00.398960910+00:00,3049,Value 10
644,9,Take in charge ticket,2012-11-26 08:52:00.398960910+00:00,2012-11-26 08:52:00.398960910+00:00,3050,Value 14
644,9,Resolve ticket,2012-11-26 08:52:00.398960910+00:00,2012-11-26 08:52:00.398960910+00:00,3051,Value 14
644,0,Take in charge ticket,2012-11-26 08:52:00.398960910+00:00,2012-11-26 08:52:00.398960910+00:00,3052,Value 2
644,15,Resolve ticket,2012-11-26 08:52:00.398960910+00:00,2012-11-26 08:52:00.398960910+00:00,3053,Value 13
644,5,Closed,2012-11-26 08:52:00.398960910+00:00,2012-11-26 08:52:00.398960910+00:00,3054,Value 5
645,6,Assign seriousness,2012-11-26 08:52:10.567886792+00:00,2012-11-26 08:52:10.567886792+00:00,3055,Value 10
645,6,Assign seriousness,2012-11-26 08:52:10.567886792+00:00,2012-11-26 08:52:10.567886792+00:00,3056,Value 10
645,6,Take in charge ticket,2012-11-26 08:52:10.567886792+00:00,2012-11-26 08:52:10.567886792+00:00,3057,Value 10
645,6,Wait,2012-11-26 08:52:10.567886792+00:00,2012-11-26 08:52:10.567886792+00:00,3058,Value 10
645,0,Resolve ticket,2012-11-26 08:52:10.567886792+00:00,2012-11-26 08:52:10.567886792+00:00,3059,Value 2
645,5,Closed,2012-11-26 08:52:10.567886792+00:00,2012-11-26 08:52:10.567886792+00:00,3060,Value 5
646,6,Assign seriousness,2012-11-26 08:56:40.456062711+00:00,2012-11-26 08:56:40.456062711+00:00,3061,Value 10
646,6,Take in charge ticket,2012-11-26 08:56:40.456062711+00:00,2012-11-26 08:56:40.456062711+00:00,3062,Value 10
646,18,Resolve ticket,2012-11-26 08:56:40.456062711+00:00,2012-11-26 08:56:40.456062711+00:00,3063,Value 4
646,5,Closed,2012-11-26 08:56:40.456062711+00:00,2012-11-26 08:56:40.456062711+00:00,3064,Value 5
647,6,Assign seriousness,2012-11-26 09:04:07.387594113+00:00,2012-11-26 09:04:07.387594113+00:00,3065,Value 10
647,6,Take in charge ticket,2012-11-26 09:04:07.387594113+00:00,2012-11-26 09:04:07.387594113+00:00,3066,Value 10
647,6,Resolve ticket,2012-11-26 09:04:07.387594113+00:00,2012-11-26 09:04:07.387594113+00:00,3067,Value 10
647,5,Closed,2012-11-26 09:04:07.387594113+00:00,2012-11-26 09:04:07.387594113+00:00,3068,Value 5
648,6,Assign seriousness,2012-11-26 12:19:56.757266550+00:00,2012-11-26 12:19:56.757266550+00:00,3069,Value 10
648,11,Take in charge ticket,2012-11-26 12:19:56.757266550+00:00,2012-11-26 12:19:56.757266550+00:00,3070,Value 9
648,11,Resolve ticket,2012-11-26 12:19:56.757266550+00:00,2012-11-26 12:19:56.757266550+00:00,3071,Value 9
648,5,Closed,2012-11-26 12:19:56.757266550+00:00,2012-11-26 12:19:56.757266550+00:00,3072,Value 5
649,7,Insert ticket,2012-11-26 12:36:30.683178254+00:00,2012-11-26 12:36:30.683178254+00:00,3073,Value 12
649,8,Assign seriousness,2012-11-26 12:36:30.683178254+00:00,2012-11-26 12:36:30.683178254+00:00,3074,Value 6
649,0,Assign seriousness,2012-11-26 12:36:30.683178254+00:00,2012-11-26 12:36:30.683178254+00:00,3075,Value 2
649,0,Take in charge ticket,2012-11-26 12:36:30.683178254+00:00,2012-11-26 12:36:30.683178254+00:00,3076,Value 2
649,0,Resolve ticket,2012-11-26 12:36:30.683178254+00:00,2012-11-26 12:36:30.683178254+00:00,3077,Value 2
649,5,Closed,2012-11-26 12:36:30.683178254+00:00,2012-11-26 12:36:30.683178254+00:00,3078,Value 5
650,6,Assign seriousness,2012-11-26 13:13:13.652896793+00:00,2012-11-26 13:13:13.652896793+00:00,3079,Value 10
650,6,Take in charge ticket,2012-11-26 13:13:13.652896793+00:00,2012-11-26 13:13:13.652896793+00:00,3080,Value 10
650,6,Resolve ticket,2012-11-26 13:13:13.652896793+00:00,2012-11-26 13:13:13.652896793+00:00,3081,Value 10
650,5,Closed,2012-11-26 13:13:13.652896793+00:00,2012-11-26 13:13:13.652896793+00:00,3082,Value 5
651,6,Assign seriousness,2012-11-27 04:00:00+00:00,2012-11-27 04:00:00+00:00,3084,Value 10
651,9,Take in charge ticket,2012-11-27 04:00:00+00:00,2012-11-27 04:00:00+00:00,3085,Value 14
651,9,Resolve ticket,2012-11-27 04:00:00+00:00,2012-11-27 04:00:00+00:00,3086,Value 14
651,5,Closed,2012-11-27 04:00:00+00:00,2012-11-27 04:00:00+00:00,3087,Value 5
652,6,Assign seriousness,2012-11-27 04:10:16.416040292+00:00,2012-11-27 04:10:16.416040292+00:00,3088,Value 10
652,6,Take in charge ticket,2012-11-27 04:10:16.416040292+00:00,2012-11-27 04:10:16.416040292+00:00,3089,Value 10
652,7,Resolve ticket,2012-11-27 04:10:16.416040292+00:00,2012-11-27 04:10:16.416040292+00:00,3090,Value 12
652,17,Take in charge ticket,2012-11-27 04:10:16.416040292+00:00,2012-11-27 04:10:16.416040292+00:00,3091,Value 1
652,17,Resolve ticket,2012-11-27 04:10:16.416040292+00:00,2012-11-27 04:10:16.416040292+00:00,3092,Value 1
652,17,Resolve ticket,2012-11-27 04:10:16.416040292+00:00,2012-11-27 04:10:16.416040292+00:00,3093,Value 1
652,5,Closed,2012-11-27 04:10:16.416040292+00:00,2012-11-27 04:10:16.416040292+00:00,3094,Value 5
653,6,Assign seriousness,2012-11-27 05:34:04.307057299+00:00,2012-11-27 05:34:04.307057299+00:00,3095,Value 10
653,0,Assign seriousness,2012-11-27 05:34:04.307057299+00:00,2012-11-27 05:34:04.307057299+00:00,3096,Value 2
653,0,Take in charge ticket,2012-11-27 05:34:04.307057299+00:00,2012-11-27 05:34:04.307057299+00:00,3097,Value 2
653,12,Take in charge ticket,2012-11-27 05:34:04.307057299+00:00,2012-11-27 05:34:04.307057299+00:00,3098,Value 7
653,12,Resolve ticket,2012-11-27 05:34:04.307057299+00:00,2012-11-27 05:34:04.307057299+00:00,3099,Value 7
653,5,Closed,2012-11-27 05:34:04.307057299+00:00,2012-11-27 05:34:04.307057299+00:00,3100,Value 5
654,6,Assign seriousness,2012-11-27 06:12:33.630602689+00:00,2012-11-27 06:12:33.630602689+00:00,3101,Value 10
654,6,Take in charge ticket,2012-11-27 06:12:33.630602689+00:00,2012-11-27 06:12:33.630602689+00:00,3102,Value 10
654,6,Resolve ticket,2012-11-27 06:12:33.630602689+00:00,2012-11-27 06:12:33.630602689+00:00,3103,Value 10
654,5,Closed,2012-11-27 06:12:33.630602689+00:00,2012-11-27 06:12:33.630602689+00:00,3104,Value 5
655,6,Assign seriousness,2012-11-27 09:52:32.878534288+00:00,2012-11-27 09:52:32.878534288+00:00,3105,Value 10
655,6,Assign seriousness,2012-11-27 09:52:32.878534288+00:00,2012-11-27 09:52:32.878534288+00:00,3106,Value 10
655,6,Take in charge ticket,2012-11-27 09:52:32.878534288+00:00,2012-11-27 09:52:32.878534288+00:00,3107,Value 10
655,6,Resolve ticket,2012-11-27 09:52:32.878534288+00:00,2012-11-27 09:52:32.878534288+00:00,3108,Value 10
655,6,Resolve ticket,2012-11-27 09:52:32.878534288+00:00,2012-11-27 09:52:32.878534288+00:00,3109,Value 10
655,5,Closed,2012-11-27 09:52:32.878534288+00:00,2012-11-27 09:52:32.878534288+00:00,3110,Value 5
656,7,Insert ticket,2012-11-27 10:08:21.619425067+00:00,2012-11-27 10:08:21.619425067+00:00,3111,Value 12
656,6,Assign seriousness,2012-11-27 10:08:21.619425067+00:00,2012-11-27 10:08:21.619425067+00:00,3112,Value 10
656,11,Take in charge ticket,2012-11-27 10:08:21.619425067+00:00,2012-11-27 10:08:21.619425067+00:00,3113,Value 9
656,11,Resolve ticket,2012-11-27 10:08:21.619425067+00:00,2012-11-27 10:08:21.619425067+00:00,3114,Value 9
656,5,Closed,2012-11-27 10:08:21.619425067+00:00,2012-11-27 10:08:21.619425067+00:00,3115,Value 5
657,6,Assign seriousness,2012-11-27 11:00:55.370203482+00:00,2012-11-27 11:00:55.370203482+00:00,3116,Value 10
657,0,Assign seriousness,2012-11-27 11:00:55.370203482+00:00,2012-11-27 11:00:55.370203482+00:00,3117,Value 2
657,11,Take in charge ticket,2012-11-27 11:00:55.370203482+00:00,2012-11-27 11:00:55.370203482+00:00,3118,Value 9
657,11,Wait,2012-11-27 11:00:55.370203482+00:00,2012-11-27 11:00:55.370203482+00:00,3119,Value 9
657,11,Take in charge ticket,2012-11-27 11:00:55.370203482+00:00,2012-11-27 11:00:55.370203482+00:00,3120,Value 9
657,11,Resolve ticket,2012-11-27 11:00:55.370203482+00:00,2012-11-27 11:00:55.370203482+00:00,3121,Value 9
657,5,Closed,2012-11-27 11:00:55.370203482+00:00,2012-11-27 11:00:55.370203482+00:00,3122,Value 5
658,6,Assign seriousness,2012-11-27 11:05:26.596696057+00:00,2012-11-27 11:05:26.596696057+00:00,3123,Value 10
658,11,Take in charge ticket,2012-11-27 11:05:26.596696057+00:00,2012-11-27 11:05:26.596696057+00:00,3124,Value 9
658,11,Resolve ticket,2012-11-27 11:05:26.596696057+00:00,2012-11-27 11:05:26.596696057+00:00,3125,Value 9
658,5,Closed,2012-11-27 11:05:26.596696057+00:00,2012-11-27 11:05:26.596696057+00:00,3126,Value 5
659,6,Assign seriousness,2012-11-27 11:25:21.169502358+00:00,2012-11-27 11:25:21.169502358+00:00,3127,Value 10
659,12,Take in charge ticket,2012-11-27 11:25:21.169502358+00:00,2012-11-27 11:25:21.169502358+00:00,3128,Value 7
659,12,Resolve ticket,2012-11-27 11:25:21.169502358+00:00,2012-11-27 11:25:21.169502358+00:00,3129,Value 7
659,5,Closed,2012-11-27 11:25:21.169502358+00:00,2012-11-27 11:25:21.169502358+00:00,3130,Value 5
660,6,Assign seriousness,2012-11-27 11:43:22.432754828+00:00,2012-11-27 11:43:22.432754828+00:00,3131,Value 10
660,6,Assign seriousness,2012-11-27 11:43:22.432754828+00:00,2012-11-27 11:43:22.432754828+00:00,3132,Value 10
660,12,Take in charge ticket,2012-11-27 11:43:22.432754828+00:00,2012-11-27 11:43:22.432754828+00:00,3133,Value 7
660,12,Resolve ticket,2012-11-27 11:43:22.432754828+00:00,2012-11-27 11:43:22.432754828+00:00,3134,Value 7
660,5,Closed,2012-11-27 11:43:22.432754828+00:00,2012-11-27 11:43:22.432754828+00:00,3135,Value 5
661,6,Assign seriousness,2012-11-27 11:43:35.879552385+00:00,2012-11-27 11:43:35.879552385+00:00,3136,Value 10
661,6,Assign seriousness,2012-11-27 11:43:35.879552385+00:00,2012-11-27 11:43:35.879552385+00:00,3137,Value 10
661,6,Take in charge ticket,2012-11-27 11:43:35.879552385+00:00,2012-11-27 11:43:35.879552385+00:00,3138,Value 10
661,17,Resolve ticket,2012-11-27 11:43:35.879552385+00:00,2012-11-27 11:43:35.879552385+00:00,3139,Value 1
661,5,Closed,2012-11-27 11:43:35.879552385+00:00,2012-11-27 11:43:35.879552385+00:00,3140,Value 5
662,6,Assign seriousness,2012-11-27 13:06:29.770622372+00:00,2012-11-27 13:06:29.770622372+00:00,3141,Value 10
662,1,Take in charge ticket,2012-11-27 13:06:29.770622372+00:00,2012-11-27 13:06:29.770622372+00:00,3142,Value 15
662,1,Resolve ticket,2012-11-27 13:06:29.770622372+00:00,2012-11-27 13:06:29.770622372+00:00,3143,Value 15
662,5,Closed,2012-11-27 13:06:29.770622372+00:00,2012-11-27 13:06:29.770622372+00:00,3144,Value 5
663,6,Assign seriousness,2012-11-27 13:27:46.273927073+00:00,2012-11-27 13:27:46.273927073+00:00,3145,Value 10
663,6,Take in charge ticket,2012-11-27 13:27:46.273927073+00:00,2012-11-27 13:27:46.273927073+00:00,3146,Value 10
663,6,Resolve ticket,2012-11-27 13:27:46.273927073+00:00,2012-11-27 13:27:46.273927073+00:00,3147,Value 10
663,5,Closed,2012-11-27 13:27:46.273927073+00:00,2012-11-27 13:27:46.273927073+00:00,3148,Value 5
664,6,Assign seriousness,2012-11-28 04:01:43+00:00,2012-11-28 04:01:43+00:00,3149,Value 10
664,6,Take in charge ticket,2012-11-28 04:01:43+00:00,2012-11-28 04:01:43+00:00,3150,Value 10
664,17,Resolve ticket,2012-11-28 04:01:43+00:00,2012-11-28 04:01:43+00:00,3151,Value 1
664,5,Closed,2012-11-28 04:01:43+00:00,2012-11-28 04:01:43+00:00,3152,Value 5
665,6,Assign seriousness,2012-11-28 04:24:07.140304648+00:00,2012-11-28 04:24:07.140304648+00:00,3153,Value 10
665,9,Take in charge ticket,2012-11-28 04:24:07.140304648+00:00,2012-11-28 04:24:07.140304648+00:00,3154,Value 14
665,9,Wait,2012-11-28 04:24:07.140304648+00:00,2012-11-28 04:24:07.140304648+00:00,3155,Value 14
665,9,Take in charge ticket,2012-11-28 04:24:07.140304648+00:00,2012-11-28 04:24:07.140304648+00:00,3156,Value 14
665,9,Resolve ticket,2012-11-28 04:24:07.140304648+00:00,2012-11-28 04:24:07.140304648+00:00,3157,Value 14
665,5,Closed,2012-11-28 04:24:07.140304648+00:00,2012-11-28 04:24:07.140304648+00:00,3158,Value 5
666,6,Assign seriousness,2012-11-28 05:24:49.846615246+00:00,2012-11-28 05:24:49.846615246+00:00,3159,Value 10
666,6,Take in charge ticket,2012-11-28 05:24:49.846615246+00:00,2012-11-28 05:24:49.846615246+00:00,3160,Value 10
666,6,Resolve ticket,2012-11-28 05:24:49.846615246+00:00,2012-11-28 05:24:49.846615246+00:00,3161,Value 10
666,5,Closed,2012-11-28 05:24:49.846615246+00:00,2012-11-28 05:24:49.846615246+00:00,3162,Value 5
667,6,Assign seriousness,2012-11-28 05:42:29.822303319+00:00,2012-11-28 05:42:29.822303319+00:00,3163,Value 10
667,11,Take in charge ticket,2012-11-28 05:42:29.822303319+00:00,2012-11-28 05:42:29.822303319+00:00,3164,Value 9
667,11,Wait,2012-11-28 05:42:29.822303319+00:00,2012-11-28 05:42:29.822303319+00:00,3165,Value 9
667,0,Take in charge ticket,2012-11-28 05:42:29.822303319+00:00,2012-11-28 05:42:29.822303319+00:00,3166,Value 2
667,0,Resolve ticket,2012-11-28 05:42:29.822303319+00:00,2012-11-28 05:42:29.822303319+00:00,3167,Value 2
667,5,Closed,2012-11-28 05:42:29.822303319+00:00,2012-11-28 05:42:29.822303319+00:00,3168,Value 5
668,6,Assign seriousness,2012-11-28 08:36:04.447748566+00:00,2012-11-28 08:36:04.447748566+00:00,3169,Value 10
668,6,Assign seriousness,2012-11-28 08:36:04.447748566+00:00,2012-11-28 08:36:04.447748566+00:00,3170,Value 10
668,6,Take in charge ticket,2012-11-28 08:36:04.447748566+00:00,2012-11-28 08:36:04.447748566+00:00,3171,Value 10
668,6,Resolve ticket,2012-11-28 08:36:04.447748566+00:00,2012-11-28 08:36:04.447748566+00:00,3172,Value 10
668,5,Closed,2012-11-28 08:36:04.447748566+00:00,2012-11-28 08:36:04.447748566+00:00,3173,Value 5
669,6,Assign seriousness,2012-11-28 09:28:34.641514308+00:00,2012-11-28 09:28:34.641514308+00:00,3174,Value 10
669,12,Take in charge ticket,2012-11-28 09:28:34.641514308+00:00,2012-11-28 09:28:34.641514308+00:00,3175,Value 7
669,12,Resolve ticket,2012-11-28 09:28:34.641514308+00:00,2012-11-28 09:28:34.641514308+00:00,3176,Value 7
669,5,Closed,2012-11-28 09:28:34.641514308+00:00,2012-11-28 09:28:34.641514308+00:00,3177,Value 5
670,6,Assign seriousness,2012-11-28 09:41:19.250902102+00:00,2012-11-28 09:41:19.250902102+00:00,3178,Value 10
670,6,Assign seriousness,2012-11-28 09:41:19.250902102+00:00,2012-11-28 09:41:19.250902102+00:00,3179,Value 10
670,12,Take in charge ticket,2012-11-28 09:41:19.250902102+00:00,2012-11-28 09:41:19.250902102+00:00,3180,Value 7
670,12,Resolve ticket,2012-11-28 09:41:19.250902102+00:00,2012-11-28 09:41:19.250902102+00:00,3181,Value 7
670,5,Closed,2012-11-28 09:41:19.250902102+00:00,2012-11-28 09:41:19.250902102+00:00,3182,Value 5
671,6,Assign seriousness,2012-11-28 09:43:46.339874787+00:00,2012-11-28 09:43:46.339874787+00:00,3183,Value 10
671,1,Take in charge ticket,2012-11-28 09:43:46.339874787+00:00,2012-11-28 09:43:46.339874787+00:00,3184,Value 15
671,1,Resolve ticket,2012-11-28 09:43:46.339874787+00:00,2012-11-28 09:43:46.339874787+00:00,3185,Value 15
671,5,Closed,2012-11-28 09:43:46.339874787+00:00,2012-11-28 09:43:46.339874787+00:00,3186,Value 5
672,6,Assign seriousness,2012-11-28 10:14:25.466720335+00:00,2012-11-28 10:14:25.466720335+00:00,3187,Value 10
672,11,Take in charge ticket,2012-11-28 10:14:25.466720335+00:00,2012-11-28 10:14:25.466720335+00:00,3188,Value 9
672,11,Resolve ticket,2012-11-28 10:14:25.466720335+00:00,2012-11-28 10:14:25.466720335+00:00,3189,Value 9
672,5,Closed,2012-11-28 10:14:25.466720335+00:00,2012-11-28 10:14:25.466720335+00:00,3190,Value 5
673,6,Assign seriousness,2012-11-28 10:31:24.864490160+00:00,2012-11-28 10:31:24.864490160+00:00,3191,Value 10
673,11,Take in charge ticket,2012-11-28 10:31:24.864490160+00:00,2012-11-28 10:31:24.864490160+00:00,3192,Value 9
673,11,Require upgrade,2012-11-28 10:31:24.864490160+00:00,2012-11-28 10:31:24.864490160+00:00,3193,Value 9
673,11,Resolve ticket,2012-11-28 10:31:24.864490160+00:00,2012-11-28 10:31:24.864490160+00:00,3194,Value 9
673,5,Closed,2012-11-28 10:31:24.864490160+00:00,2012-11-28 10:31:24.864490160+00:00,3195,Value 5
674,6,Assign seriousness,2012-11-28 13:02:10.654252115+00:00,2012-11-28 13:02:10.654252115+00:00,3196,Value 10
674,11,Take in charge ticket,2012-11-28 13:02:10.654252115+00:00,2012-11-28 13:02:10.654252115+00:00,3197,Value 9
674,11,Take in charge ticket,2012-11-28 13:02:10.654252115+00:00,2012-11-28 13:02:10.654252115+00:00,3198,Value 9
674,11,Resolve ticket,2012-11-28 13:02:10.654252115+00:00,2012-11-28 13:02:10.654252115+00:00,3199,Value 9
674,5,Closed,2012-11-28 13:02:10.654252115+00:00,2012-11-28 13:02:10.654252115+00:00,3200,Value 5
675,6,Assign seriousness,2012-11-28 13:26:06.228119690+00:00,2012-11-28 13:26:06.228119690+00:00,3201,Value 10
675,6,Take in charge ticket,2012-11-28 13:26:06.228119690+00:00,2012-11-28 13:26:06.228119690+00:00,3202,Value 10
675,11,Resolve ticket,2012-11-28 13:26:06.228119690+00:00,2012-11-28 13:26:06.228119690+00:00,3203,Value 9
675,5,Closed,2012-11-28 13:26:06.228119690+00:00,2012-11-28 13:26:06.228119690+00:00,3204,Value 5
676,6,Assign seriousness,2012-11-29 04:02:16+00:00,2012-11-29 04:02:16+00:00,3205,Value 10
676,6,Take in charge ticket,2012-11-29 04:02:16+00:00,2012-11-29 04:02:16+00:00,3206,Value 10
676,7,Resolve ticket,2012-11-29 04:02:16+00:00,2012-11-29 04:02:16+00:00,3207,Value 12
676,5,Closed,2012-11-29 04:02:16+00:00,2012-11-29 04:02:16+00:00,3208,Value 5
677,6,Assign seriousness,2012-11-29 04:35:50.498524173+00:00,2012-11-29 04:35:50.498524173+00:00,3209,Value 10
677,6,Take in charge ticket,2012-11-29 04:35:50.498524173+00:00,2012-11-29 04:35:50.498524173+00:00,3210,Value 10
677,18,Resolve ticket,2012-11-29 04:35:50.498524173+00:00,2012-11-29 04:35:50.498524173+00:00,3211,Value 4
677,5,Closed,2012-11-29 04:35:50.498524173+00:00,2012-11-29 04:35:50.498524173+00:00,3212,Value 5
678,6,Assign seriousness,2012-11-29 06:14:09.013121764+00:00,2012-11-29 06:14:09.013121764+00:00,3213,Value 10
678,6,Take in charge ticket,2012-11-29 06:14:09.013121764+00:00,2012-11-29 06:14:09.013121764+00:00,3214,Value 10
678,6,Resolve ticket,2012-11-29 06:14:09.013121764+00:00,2012-11-29 06:14:09.013121764+00:00,3215,Value 10
678,5,Closed,2012-11-29 06:14:09.013121764+00:00,2012-11-29 06:14:09.013121764+00:00,3216,Value 5
679,6,Assign seriousness,2012-11-29 07:56:48.521583236+00:00,2012-11-29 07:56:48.521583236+00:00,3217,Value 10
679,11,Take in charge ticket,2012-11-29 07:56:48.521583236+00:00,2012-11-29 07:56:48.521583236+00:00,3218,Value 9
679,11,Resolve ticket,2012-11-29 07:56:48.521583236+00:00,2012-11-29 07:56:48.521583236+00:00,3219,Value 9
679,5,Closed,2012-11-29 07:56:48.521583236+00:00,2012-11-29 07:56:48.521583236+00:00,3220,Value 5
680,6,Assign seriousness,2012-11-29 08:16:06.776097896+00:00,2012-11-29 08:16:06.776097896+00:00,3221,Value 10
680,12,Take in charge ticket,2012-11-29 08:16:06.776097896+00:00,2012-11-29 08:16:06.776097896+00:00,3222,Value 7
680,12,Resolve ticket,2012-11-29 08:16:06.776097896+00:00,2012-11-29 08:16:06.776097896+00:00,3223,Value 7
680,5,Closed,2012-11-29 08:16:06.776097896+00:00,2012-11-29 08:16:06.776097896+00:00,3224,Value 5
681,6,Assign seriousness,2012-11-29 11:03:06.750877151+00:00,2012-11-29 11:03:06.750877151+00:00,3225,Value 10
681,0,Assign seriousness,2012-11-29 11:03:06.750877151+00:00,2012-11-29 11:03:06.750877151+00:00,3226,Value 2
681,3,Take in charge ticket,2012-11-29 11:03:06.750877151+00:00,2012-11-29 11:03:06.750877151+00:00,3227,Value 16
681,3,Resolve ticket,2012-11-29 11:03:06.750877151+00:00,2012-11-29 11:03:06.750877151+00:00,3228,Value 16
681,5,Closed,2012-11-29 11:03:06.750877151+00:00,2012-11-29 11:03:06.750877151+00:00,3229,Value 5
682,6,Assign seriousness,2012-11-29 14:22:05.052988849+00:00,2012-11-29 14:22:05.052988849+00:00,3230,Value 10
682,1,Take in charge ticket,2012-11-29 14:22:05.052988849+00:00,2012-11-29 14:22:05.052988849+00:00,3231,Value 15
682,1,Resolve ticket,2012-11-29 14:22:05.052988849+00:00,2012-11-29 14:22:05.052988849+00:00,3232,Value 15
682,5,Closed,2012-11-29 14:22:05.052988849+00:00,2012-11-29 14:22:05.052988849+00:00,3233,Value 5
683,6,Assign seriousness,2012-11-29 15:02:48.001940566+00:00,2012-11-29 15:02:48.001940566+00:00,3234,Value 10
683,12,Take in charge ticket,2012-11-29 15:02:48.001940566+00:00,2012-11-29 15:02:48.001940566+00:00,3235,Value 7
683,12,Wait,2012-11-29 15:02:48.001940566+00:00,2012-11-29 15:02:48.001940566+00:00,3236,Value 7
683,0,Resolve ticket,2012-11-29 15:02:48.001940566+00:00,2012-11-29 15:02:48.001940566+00:00,3237,Value 2
683,5,Closed,2012-11-29 15:02:48.001940566+00:00,2012-11-29 15:02:48.001940566+00:00,3238,Value 5
684,7,Assign seriousness,2012-11-29 15:07:31.115957232+00:00,2012-11-29 15:07:31.115957232+00:00,3239,Value 12
684,13,Take in charge ticket,2012-11-29 15:07:31.115957232+00:00,2012-11-29 15:07:31.115957232+00:00,3240,Value 17
684,13,Resolve ticket,2012-11-29 15:07:31.115957232+00:00,2012-11-29 15:07:31.115957232+00:00,3241,Value 17
684,5,Closed,2012-11-29 15:07:31.115957232+00:00,2012-11-29 15:07:31.115957232+00:00,3242,Value 5
685,9,Assign seriousness,2012-11-29 15:12:31.687302073+00:00,2012-11-29 15:12:31.687302073+00:00,3243,Value 14
685,10,Take in charge ticket,2012-11-29 15:12:31.687302073+00:00,2012-11-29 15:12:31.687302073+00:00,3244,Value 19
685,10,Resolve ticket,2012-11-29 15:12:31.687302073+00:00,2012-11-29 15:12:31.687302073+00:00,3245,Value 19
685,5,Closed,2012-11-29 15:12:31.687302073+00:00,2012-11-29 15:12:31.687302073+00:00,3246,Value 5
686,14,Assign seriousness,2012-11-30 04:00:00+00:00,2012-11-30 04:00:00+00:00,3248,Value 8
686,9,Take in charge ticket,2012-11-30 04:00:00+00:00,2012-11-30 04:00:00+00:00,3249,Value 14
686,9,Wait,2012-11-30 04:00:00+00:00,2012-11-30 04:00:00+00:00,3250,Value 14
686,9,Resolve ticket,2012-11-30 04:00:00+00:00,2012-11-30 04:00:00+00:00,3251,Value 14
686,9,Take in charge ticket,2012-11-30 04:00:00+00:00,2012-11-30 04:00:00+00:00,3252,Value 14
686,9,Resolve ticket,2012-11-30 04:00:00+00:00,2012-11-30 04:00:00+00:00,3253,Value 14
686,5,Closed,2012-11-30 04:00:00+00:00,2012-11-30 04:00:00+00:00,3254,Value 5
687,14,Assign seriousness,2012-11-30 08:18:58.417996457+00:00,2012-11-30 08:18:58.417996457+00:00,3255,Value 8
687,14,Take in charge ticket,2012-11-30 08:18:58.417996457+00:00,2012-11-30 08:18:58.417996457+00:00,3256,Value 8
687,0,Resolve ticket,2012-11-30 08:18:58.417996457+00:00,2012-11-30 08:18:58.417996457+00:00,3257,Value 2
687,5,Closed,2012-11-30 08:18:58.417996457+00:00,2012-11-30 08:18:58.417996457+00:00,3258,Value 5
688,14,Assign seriousness,2012-11-30 13:06:46.875119218+00:00,2012-11-30 13:06:46.875119218+00:00,3259,Value 8
688,14,Take in charge ticket,2012-11-30 13:06:46.875119218+00:00,2012-11-30 13:06:46.875119218+00:00,3260,Value 8
688,15,Resolve ticket,2012-11-30 13:06:46.875119218+00:00,2012-11-30 13:06:46.875119218+00:00,3261,Value 13
688,5,Closed,2012-11-30 13:06:46.875119218+00:00,2012-11-30 13:06:46.875119218+00:00,3262,Value 5
689,14,Assign seriousness,2012-11-30 13:16:06.592247101+00:00,2012-11-30 13:16:06.592247101+00:00,3263,Value 8
689,11,Take in charge ticket,2012-11-30 13:16:06.592247101+00:00,2012-11-30 13:16:06.592247101+00:00,3264,Value 9
689,11,Resolve ticket,2012-11-30 13:16:06.592247101+00:00,2012-11-30 13:16:06.592247101+00:00,3265,Value 9
689,5,Closed,2012-11-30 13:16:06.592247101+00:00,2012-11-30 13:16:06.592247101+00:00,3266,Value 5
690,5,Assign seriousness,2012-12-01 13:17:27+00:00,2012-12-01 13:17:27+00:00,3267,Value 5
690,0,Take in charge ticket,2012-12-03 03:00:00+00:00,2012-12-03 03:00:00+00:00,3269,Value 2
690,1,Resolve ticket,2012-12-03 03:00:00+00:00,2012-12-03 03:00:00+00:00,3270,Value 15
691,14,Assign seriousness,2012-12-03 04:00:49+00:00,2012-12-03 04:00:49+00:00,3272,Value 8
690,5,Closed,2012-12-03 06:00:00+00:00,2012-12-03 06:00:00+00:00,3273,Value 5
691,14,Take in charge ticket,2012-12-03 04:00:49+00:00,2012-12-03 04:00:49+00:00,3274,Value 8
692,14,Assign seriousness,2012-12-03 05:35:37.526787650+00:00,2012-12-03 05:35:37.526787650+00:00,3275,Value 8
691,14,Resolve ticket,2012-12-03 04:00:49+00:00,2012-12-03 04:00:49+00:00,3276,Value 8
692,14,Take in charge ticket,2012-12-03 05:35:37.526787650+00:00,2012-12-03 05:35:37.526787650+00:00,3277,Value 8
692,14,Resolve ticket,2012-12-03 05:35:37.526787650+00:00,2012-12-03 05:35:37.526787650+00:00,3279,Value 8
691,5,Closed,2012-12-03 06:00:00+00:00,2012-12-03 06:00:00+00:00,3281,Value 5
692,5,Closed,2012-12-03 06:00:00+00:00,2012-12-03 06:00:00+00:00,3282,Value 5
693,14,Assign seriousness,2012-12-03 07:06:36.239142363+00:00,2012-12-03 07:06:36.239142363+00:00,3283,Value 8
693,0,Take in charge ticket,2012-12-03 07:06:36.239142363+00:00,2012-12-03 07:06:36.239142363+00:00,3284,Value 2
693,0,Resolve ticket,2012-12-03 07:06:36.239142363+00:00,2012-12-03 07:06:36.239142363+00:00,3285,Value 2
693,5,Closed,2012-12-03 07:06:36.239142363+00:00,2012-12-03 07:06:36.239142363+00:00,3286,Value 5
694,14,Assign seriousness,2012-12-03 12:15:51.500075073+00:00,2012-12-03 12:15:51.500075073+00:00,3287,Value 8
694,14,Assign seriousness,2012-12-03 12:15:51.500075073+00:00,2012-12-03 12:15:51.500075073+00:00,3288,Value 8
694,14,Take in charge ticket,2012-12-03 12:15:51.500075073+00:00,2012-12-03 12:15:51.500075073+00:00,3289,Value 8
694,0,Resolve ticket,2012-12-03 12:15:51.500075073+00:00,2012-12-03 12:15:51.500075073+00:00,3290,Value 2
694,5,Closed,2012-12-03 12:15:51.500075073+00:00,2012-12-03 12:15:51.500075073+00:00,3291,Value 5
695,14,Assign seriousness,2012-12-04 04:00:00+00:00,2012-12-04 04:00:00+00:00,3294,Value 8
696,14,Assign seriousness,2012-12-04 04:00:00+00:00,2012-12-04 04:00:00+00:00,3295,Value 8
695,14,Take in charge ticket,2012-12-04 04:00:00+00:00,2012-12-04 04:00:00+00:00,3296,Value 8
696,14,Take in charge ticket,2012-12-04 04:00:00+00:00,2012-12-04 04:00:00+00:00,3297,Value 8
695,11,Resolve ticket,2012-12-04 04:00:00+00:00,2012-12-04 04:00:00+00:00,3298,Value 9
696,6,Resolve ticket,2012-12-04 04:00:00+00:00,2012-12-04 04:00:00+00:00,3299,Value 10
695,5,Closed,2012-12-04 04:00:00+00:00,2012-12-04 04:00:00+00:00,3300,Value 5
696,6,Resolve ticket,2012-12-04 04:00:00+00:00,2012-12-04 04:00:00+00:00,3301,Value 10
696,5,Closed,2012-12-04 04:00:00+00:00,2012-12-04 04:00:00+00:00,3302,Value 5
697,14,Assign seriousness,2012-12-04 04:49:33.563371050+00:00,2012-12-04 04:49:33.563371050+00:00,3303,Value 8
697,14,Take in charge ticket,2012-12-04 04:49:33.563371050+00:00,2012-12-04 04:49:33.563371050+00:00,3304,Value 8
697,14,Wait,2012-12-04 04:49:33.563371050+00:00,2012-12-04 04:49:33.563371050+00:00,3305,Value 8
697,14,Take in charge ticket,2012-12-04 04:49:33.563371050+00:00,2012-12-04 04:49:33.563371050+00:00,3306,Value 8
697,14,Resolve ticket,2012-12-04 04:49:33.563371050+00:00,2012-12-04 04:49:33.563371050+00:00,3307,Value 8
697,5,Closed,2012-12-04 04:49:33.563371050+00:00,2012-12-04 04:49:33.563371050+00:00,3308,Value 5
698,14,Assign seriousness,2012-12-04 05:01:38.419003439+00:00,2012-12-04 05:01:38.419003439+00:00,3309,Value 8
698,0,Take in charge ticket,2012-12-04 05:01:38.419003439+00:00,2012-12-04 05:01:38.419003439+00:00,3310,Value 2
698,0,Wait,2012-12-04 05:01:38.419003439+00:00,2012-12-04 05:01:38.419003439+00:00,3311,Value 2
698,11,Take in charge ticket,2012-12-04 05:01:38.419003439+00:00,2012-12-04 05:01:38.419003439+00:00,3312,Value 9
698,11,Resolve ticket,2012-12-04 05:01:38.419003439+00:00,2012-12-04 05:01:38.419003439+00:00,3313,Value 9
698,5,Closed,2012-12-04 05:01:38.419003439+00:00,2012-12-04 05:01:38.419003439+00:00,3314,Value 5
699,14,Assign seriousness,2012-12-04 05:06:41.167419052+00:00,2012-12-04 05:06:41.167419052+00:00,3315,Value 8
699,0,Assign seriousness,2012-12-04 05:06:41.167419052+00:00,2012-12-04 05:06:41.167419052+00:00,3316,Value 2
699,0,Take in charge ticket,2012-12-04 05:06:41.167419052+00:00,2012-12-04 05:06:41.167419052+00:00,3317,Value 2
699,0,Resolve ticket,2012-12-04 05:06:41.167419052+00:00,2012-12-04 05:06:41.167419052+00:00,3318,Value 2
699,0,Take in charge ticket,2012-12-04 05:06:41.167419052+00:00,2012-12-04 05:06:41.167419052+00:00,3319,Value 2
699,0,Wait,2012-12-04 05:06:41.167419052+00:00,2012-12-04 05:06:41.167419052+00:00,3320,Value 2
699,0,Take in charge ticket,2012-12-04 05:06:41.167419052+00:00,2012-12-04 05:06:41.167419052+00:00,3321,Value 2
699,0,Resolve ticket,2012-12-04 05:06:41.167419052+00:00,2012-12-04 05:06:41.167419052+00:00,3322,Value 2
699,0,Take in charge ticket,2012-12-04 05:06:41.167419052+00:00,2012-12-04 05:06:41.167419052+00:00,3323,Value 2
699,0,Wait,2012-12-04 05:06:41.167419052+00:00,2012-12-04 05:06:41.167419052+00:00,3324,Value 2
699,0,Take in charge ticket,2012-12-04 05:06:41.167419052+00:00,2012-12-04 05:06:41.167419052+00:00,3325,Value 2
699,0,Resolve ticket,2012-12-04 05:06:41.167419052+00:00,2012-12-04 05:06:41.167419052+00:00,3326,Value 2
699,5,Closed,2012-12-04 05:06:41.167419052+00:00,2012-12-04 05:06:41.167419052+00:00,3327,Value 5
700,14,Assign seriousness,2012-12-04 06:03:36.149845139+00:00,2012-12-04 06:03:36.149845139+00:00,3328,Value 8
700,0,Assign seriousness,2012-12-04 06:03:36.149845139+00:00,2012-12-04 06:03:36.149845139+00:00,3329,Value 2
700,0,Take in charge ticket,2012-12-04 06:03:36.149845139+00:00,2012-12-04 06:03:36.149845139+00:00,3330,Value 2
700,0,Resolve ticket,2012-12-04 06:03:36.149845139+00:00,2012-12-04 06:03:36.149845139+00:00,3331,Value 2
700,5,Closed,2012-12-04 06:03:36.149845139+00:00,2012-12-04 06:03:36.149845139+00:00,3332,Value 5
701,14,Assign seriousness,2012-12-04 06:24:51.109384139+00:00,2012-12-04 06:24:51.109384139+00:00,3333,Value 8
701,14,Take in charge ticket,2012-12-04 06:24:51.109384139+00:00,2012-12-04 06:24:51.109384139+00:00,3334,Value 8
701,14,Wait,2012-12-04 06:24:51.109384139+00:00,2012-12-04 06:24:51.109384139+00:00,3335,Value 8
701,14,Take in charge ticket,2012-12-04 06:24:51.109384139+00:00,2012-12-04 06:24:51.109384139+00:00,3336,Value 8
701,14,Resolve ticket,2012-12-04 06:24:51.109384139+00:00,2012-12-04 06:24:51.109384139+00:00,3337,Value 8
701,5,Closed,2012-12-04 06:24:51.109384139+00:00,2012-12-04 06:24:51.109384139+00:00,3338,Value 5
702,14,Assign seriousness,2012-12-04 06:25:29.785704183+00:00,2012-12-04 06:25:29.785704183+00:00,3339,Value 8
702,0,Assign seriousness,2012-12-04 06:25:29.785704183+00:00,2012-12-04 06:25:29.785704183+00:00,3340,Value 2
702,0,Take in charge ticket,2012-12-04 06:25:29.785704183+00:00,2012-12-04 06:25:29.785704183+00:00,3341,Value 2
702,0,Wait,2012-12-04 06:25:29.785704183+00:00,2012-12-04 06:25:29.785704183+00:00,3342,Value 2
702,0,Take in charge ticket,2012-12-04 06:25:29.785704183+00:00,2012-12-04 06:25:29.785704183+00:00,3343,Value 2
702,0,Resolve ticket,2012-12-04 06:25:29.785704183+00:00,2012-12-04 06:25:29.785704183+00:00,3344,Value 2
702,5,Closed,2012-12-04 06:25:29.785704183+00:00,2012-12-04 06:25:29.785704183+00:00,3345,Value 5
703,14,Insert ticket,2012-12-04 07:14:36.860498971+00:00,2012-12-04 07:14:36.860498971+00:00,3346,Value 8
703,14,Assign seriousness,2012-12-04 07:14:36.860498971+00:00,2012-12-04 07:14:36.860498971+00:00,3347,Value 8
703,14,Take in charge ticket,2012-12-04 07:14:36.860498971+00:00,2012-12-04 07:14:36.860498971+00:00,3348,Value 8
703,15,Resolve ticket,2012-12-04 07:14:36.860498971+00:00,2012-12-04 07:14:36.860498971+00:00,3349,Value 13
703,5,Closed,2012-12-04 07:14:36.860498971+00:00,2012-12-04 07:14:36.860498971+00:00,3350,Value 5
704,14,Assign seriousness,2012-12-04 08:47:13.447156133+00:00,2012-12-04 08:47:13.447156133+00:00,3351,Value 8
704,8,Take in charge ticket,2012-12-04 08:47:13.447156133+00:00,2012-12-04 08:47:13.447156133+00:00,3352,Value 6
704,8,Resolve ticket,2012-12-04 08:47:13.447156133+00:00,2012-12-04 08:47:13.447156133+00:00,3353,Value 6
704,5,Closed,2012-12-04 08:47:13.447156133+00:00,2012-12-04 08:47:13.447156133+00:00,3354,Value 5
705,14,Assign seriousness,2012-12-04 08:51:28.081361245+00:00,2012-12-04 08:51:28.081361245+00:00,3355,Value 8
705,14,Take in charge ticket,2012-12-04 08:51:28.081361245+00:00,2012-12-04 08:51:28.081361245+00:00,3356,Value 8
705,14,Resolve ticket,2012-12-04 08:51:28.081361245+00:00,2012-12-04 08:51:28.081361245+00:00,3357,Value 8
705,5,Closed,2012-12-04 08:51:28.081361245+00:00,2012-12-04 08:51:28.081361245+00:00,3358,Value 5
706,14,Assign seriousness,2012-12-04 08:54:36.522580203+00:00,2012-12-04 08:54:36.522580203+00:00,3359,Value 8
706,13,Take in charge ticket,2012-12-04 08:54:36.522580203+00:00,2012-12-04 08:54:36.522580203+00:00,3360,Value 17
706,13,Resolve ticket,2012-12-04 08:54:36.522580203+00:00,2012-12-04 08:54:36.522580203+00:00,3361,Value 17
706,5,Closed,2012-12-04 08:54:36.522580203+00:00,2012-12-04 08:54:36.522580203+00:00,3362,Value 5
707,14,Assign seriousness,2012-12-04 09:16:12.235670467+00:00,2012-12-04 09:16:12.235670467+00:00,3363,Value 8
707,14,Take in charge ticket,2012-12-04 09:16:12.235670467+00:00,2012-12-04 09:16:12.235670467+00:00,3364,Value 8
707,14,Take in charge ticket,2012-12-04 09:16:12.235670467+00:00,2012-12-04 09:16:12.235670467+00:00,3365,Value 8
707,14,Resolve ticket,2012-12-04 09:16:12.235670467+00:00,2012-12-04 09:16:12.235670467+00:00,3366,Value 8
707,5,Closed,2012-12-04 09:16:12.235670467+00:00,2012-12-04 09:16:12.235670467+00:00,3367,Value 5
708,14,Assign seriousness,2012-12-04 09:46:33.855580309+00:00,2012-12-04 09:46:33.855580309+00:00,3368,Value 8
708,14,Take in charge ticket,2012-12-04 09:46:33.855580309+00:00,2012-12-04 09:46:33.855580309+00:00,3369,Value 8
708,0,Wait,2012-12-04 09:46:33.855580309+00:00,2012-12-04 09:46:33.855580309+00:00,3370,Value 2
708,0,Resolve ticket,2012-12-04 09:46:33.855580309+00:00,2012-12-04 09:46:33.855580309+00:00,3371,Value 2
708,5,Closed,2012-12-04 09:46:33.855580309+00:00,2012-12-04 09:46:33.855580309+00:00,3372,Value 5
709,14,Assign seriousness,2012-12-04 10:54:33.526255134+00:00,2012-12-04 10:54:33.526255134+00:00,3373,Value 8
709,14,Assign seriousness,2012-12-04 10:54:33.526255134+00:00,2012-12-04 10:54:33.526255134+00:00,3374,Value 8
709,14,Take in charge ticket,2012-12-04 10:54:33.526255134+00:00,2012-12-04 10:54:33.526255134+00:00,3375,Value 8
709,14,Resolve ticket,2012-12-04 10:54:33.526255134+00:00,2012-12-04 10:54:33.526255134+00:00,3376,Value 8
709,5,Closed,2012-12-04 10:54:33.526255134+00:00,2012-12-04 10:54:33.526255134+00:00,3377,Value 5
710,14,Assign seriousness,2012-12-04 15:03:30.428987946+00:00,2012-12-04 15:03:30.428987946+00:00,3378,Value 8
710,14,Take in charge ticket,2012-12-04 15:03:30.428987946+00:00,2012-12-04 15:03:30.428987946+00:00,3379,Value 8
710,11,Wait,2012-12-04 15:03:30.428987946+00:00,2012-12-04 15:03:30.428987946+00:00,3380,Value 9
710,0,Take in charge ticket,2012-12-04 15:03:30.428987946+00:00,2012-12-04 15:03:30.428987946+00:00,3381,Value 2
710,0,Resolve ticket,2012-12-04 15:03:30.428987946+00:00,2012-12-04 15:03:30.428987946+00:00,3382,Value 2
710,5,Closed,2012-12-04 15:03:30.428987946+00:00,2012-12-04 15:03:30.428987946+00:00,3383,Value 5
711,15,Assign seriousness,2012-12-05 04:01:43+00:00,2012-12-05 04:01:43+00:00,3384,Value 13
711,15,Assign seriousness,2012-12-05 04:01:43+00:00,2012-12-05 04:01:43+00:00,3385,Value 13
711,15,Take in charge ticket,2012-12-05 04:01:43+00:00,2012-12-05 04:01:43+00:00,3386,Value 13
711,15,Resolve ticket,2012-12-05 04:01:43+00:00,2012-12-05 04:01:43+00:00,3387,Value 13
711,5,Closed,2012-12-05 04:01:43+00:00,2012-12-05 04:01:43+00:00,3388,Value 5
712,15,Assign seriousness,2012-12-05 04:14:34.699474516+00:00,2012-12-05 04:14:34.699474516+00:00,3389,Value 13
712,15,Resolve ticket,2012-12-05 04:14:34.699474516+00:00,2012-12-05 04:14:34.699474516+00:00,3390,Value 13
712,5,Closed,2012-12-05 04:14:34.699474516+00:00,2012-12-05 04:14:34.699474516+00:00,3391,Value 5
713,15,Assign seriousness,2012-12-05 13:11:01.139043728+00:00,2012-12-05 13:11:01.139043728+00:00,3392,Value 13
713,0,Take in charge ticket,2012-12-05 13:11:01.139043728+00:00,2012-12-05 13:11:01.139043728+00:00,3393,Value 2
713,0,Wait,2012-12-05 13:11:01.139043728+00:00,2012-12-05 13:11:01.139043728+00:00,3394,Value 2
713,0,Resolve ticket,2012-12-05 13:11:01.139043728+00:00,2012-12-05 13:11:01.139043728+00:00,3395,Value 2
713,5,Closed,2012-12-05 13:11:01.139043728+00:00,2012-12-05 13:11:01.139043728+00:00,3396,Value 5
714,15,Assign seriousness,2012-12-05 13:16:36.393527468+00:00,2012-12-05 13:16:36.393527468+00:00,3397,Value 13
714,15,Take in charge ticket,2012-12-05 13:16:36.393527468+00:00,2012-12-05 13:16:36.393527468+00:00,3398,Value 13
714,15,Resolve ticket,2012-12-05 13:16:36.393527468+00:00,2012-12-05 13:16:36.393527468+00:00,3399,Value 13
714,15,Resolve ticket,2012-12-05 13:16:36.393527468+00:00,2012-12-05 13:16:36.393527468+00:00,3400,Value 13
714,5,Closed,2012-12-05 13:16:36.393527468+00:00,2012-12-05 13:16:36.393527468+00:00,3401,Value 5
715,15,Assign seriousness,2012-12-05 14:53:30.077576840+00:00,2012-12-05 14:53:30.077576840+00:00,3402,Value 13
715,15,Take in charge ticket,2012-12-05 14:53:30.077576840+00:00,2012-12-05 14:53:30.077576840+00:00,3403,Value 13
715,15,Resolve ticket,2012-12-05 14:53:30.077576840+00:00,2012-12-05 14:53:30.077576840+00:00,3404,Value 13
715,5,Closed,2012-12-05 14:53:30.077576840+00:00,2012-12-05 14:53:30.077576840+00:00,3405,Value 5
716,15,Assign seriousness,2012-12-05 15:23:39.429396225+00:00,2012-12-05 15:23:39.429396225+00:00,3406,Value 13
716,15,Take in charge ticket,2012-12-05 15:23:39.429396225+00:00,2012-12-05 15:23:39.429396225+00:00,3407,Value 13
716,11,Wait,2012-12-05 15:23:39.429396225+00:00,2012-12-05 15:23:39.429396225+00:00,3408,Value 9
716,11,Resolve ticket,2012-12-05 15:23:39.429396225+00:00,2012-12-05 15:23:39.429396225+00:00,3409,Value 9
716,5,Closed,2012-12-05 15:23:39.429396225+00:00,2012-12-05 15:23:39.429396225+00:00,3410,Value 5
717,17,Assign seriousness,2012-12-06 04:02:16+00:00,2012-12-06 04:02:16+00:00,3411,Value 1
717,18,Take in charge ticket,2012-12-06 04:02:16+00:00,2012-12-06 04:02:16+00:00,3412,Value 4
717,18,Resolve ticket,2012-12-06 04:02:16+00:00,2012-12-06 04:02:16+00:00,3413,Value 4
717,5,Closed,2012-12-06 04:02:16+00:00,2012-12-06 04:02:16+00:00,3414,Value 5
718,17,Assign seriousness,2012-12-06 04:49:29.487486071+00:00,2012-12-06 04:49:29.487486071+00:00,3415,Value 1
718,11,Take in charge ticket,2012-12-06 04:49:29.487486071+00:00,2012-12-06 04:49:29.487486071+00:00,3416,Value 9
718,0,Resolve ticket,2012-12-06 04:49:29.487486071+00:00,2012-12-06 04:49:29.487486071+00:00,3417,Value 2
718,5,Closed,2012-12-06 04:49:29.487486071+00:00,2012-12-06 04:49:29.487486071+00:00,3418,Value 5
719,17,Assign seriousness,2012-12-06 05:32:20.652685023+00:00,2012-12-06 05:32:20.652685023+00:00,3419,Value 1
719,17,Take in charge ticket,2012-12-06 05:32:20.652685023+00:00,2012-12-06 05:32:20.652685023+00:00,3420,Value 1
719,0,Require upgrade,2012-12-06 05:32:20.652685023+00:00,2012-12-06 05:32:20.652685023+00:00,3421,Value 2
719,0,Take in charge ticket,2012-12-06 05:32:20.652685023+00:00,2012-12-06 05:32:20.652685023+00:00,3422,Value 2
719,0,Wait,2012-12-06 05:32:20.652685023+00:00,2012-12-06 05:32:20.652685023+00:00,3423,Value 2
719,0,Resolve ticket,2012-12-06 05:32:20.652685023+00:00,2012-12-06 05:32:20.652685023+00:00,3424,Value 2
719,5,Closed,2012-12-06 05:32:20.652685023+00:00,2012-12-06 05:32:20.652685023+00:00,3425,Value 5
720,17,Assign seriousness,2012-12-06 06:33:49.653287191+00:00,2012-12-06 06:33:49.653287191+00:00,3426,Value 1
720,11,Take in charge ticket,2012-12-06 06:33:49.653287191+00:00,2012-12-06 06:33:49.653287191+00:00,3427,Value 9
720,11,Wait,2012-12-06 06:33:49.653287191+00:00,2012-12-06 06:33:49.653287191+00:00,3428,Value 9
720,11,Resolve ticket,2012-12-06 06:33:49.653287191+00:00,2012-12-06 06:33:49.653287191+00:00,3429,Value 9
720,5,Closed,2012-12-06 06:33:49.653287191+00:00,2012-12-06 06:33:49.653287191+00:00,3430,Value 5
721,17,Assign seriousness,2012-12-06 07:05:30.780537495+00:00,2012-12-06 07:05:30.780537495+00:00,3431,Value 1
721,17,Take in charge ticket,2012-12-06 07:05:30.780537495+00:00,2012-12-06 07:05:30.780537495+00:00,3432,Value 1
721,17,Resolve ticket,2012-12-06 07:05:30.780537495+00:00,2012-12-06 07:05:30.780537495+00:00,3433,Value 1
721,5,Closed,2012-12-06 07:05:30.780537495+00:00,2012-12-06 07:05:30.780537495+00:00,3434,Value 5
722,17,Assign seriousness,2012-12-06 07:17:07.582946020+00:00,2012-12-06 07:17:07.582946020+00:00,3435,Value 1
722,18,Resolve ticket,2012-12-06 07:17:07.582946020+00:00,2012-12-06 07:17:07.582946020+00:00,3436,Value 4
722,5,Closed,2012-12-06 07:17:07.582946020+00:00,2012-12-06 07:17:07.582946020+00:00,3437,Value 5
723,17,Assign seriousness,2012-12-06 07:24:02.996406508+00:00,2012-12-06 07:24:02.996406508+00:00,3438,Value 1
723,17,Take in charge ticket,2012-12-06 07:24:02.996406508+00:00,2012-12-06 07:24:02.996406508+00:00,3439,Value 1
723,17,Wait,2012-12-06 07:24:02.996406508+00:00,2012-12-06 07:24:02.996406508+00:00,3440,Value 1
723,17,Resolve ticket,2012-12-06 07:24:02.996406508+00:00,2012-12-06 07:24:02.996406508+00:00,3441,Value 1
723,5,Closed,2012-12-06 07:24:02.996406508+00:00,2012-12-06 07:24:02.996406508+00:00,3442,Value 5
724,17,Assign seriousness,2012-12-06 07:54:38.121649222+00:00,2012-12-06 07:54:38.121649222+00:00,3443,Value 1
724,11,Take in charge ticket,2012-12-06 07:54:38.121649222+00:00,2012-12-06 07:54:38.121649222+00:00,3444,Value 9
724,11,Wait,2012-12-06 07:54:38.121649222+00:00,2012-12-06 07:54:38.121649222+00:00,3445,Value 9
724,11,Take in charge ticket,2012-12-06 07:54:38.121649222+00:00,2012-12-06 07:54:38.121649222+00:00,3446,Value 9
724,11,Resolve ticket,2012-12-06 07:54:38.121649222+00:00,2012-12-06 07:54:38.121649222+00:00,3447,Value 9
724,5,Closed,2012-12-06 07:54:38.121649222+00:00,2012-12-06 07:54:38.121649222+00:00,3448,Value 5
725,17,Assign seriousness,2012-12-06 09:41:13.007836179+00:00,2012-12-06 09:41:13.007836179+00:00,3449,Value 1
725,0,Take in charge ticket,2012-12-06 09:41:13.007836179+00:00,2012-12-06 09:41:13.007836179+00:00,3450,Value 2
725,0,Resolve ticket,2012-12-06 09:41:13.007836179+00:00,2012-12-06 09:41:13.007836179+00:00,3451,Value 2
725,5,Closed,2012-12-06 09:41:13.007836179+00:00,2012-12-06 09:41:13.007836179+00:00,3452,Value 5
726,17,Assign seriousness,2012-12-06 09:52:29.042143604+00:00,2012-12-06 09:52:29.042143604+00:00,3453,Value 1
726,17,Resolve ticket,2012-12-06 09:52:29.042143604+00:00,2012-12-06 09:52:29.042143604+00:00,3454,Value 1
726,5,Closed,2012-12-06 09:52:29.042143604+00:00,2012-12-06 09:52:29.042143604+00:00,3455,Value 5
727,17,Assign seriousness,2012-12-06 15:32:01.653282658+00:00,2012-12-06 15:32:01.653282658+00:00,3456,Value 1
727,6,Take in charge ticket,2012-12-06 15:32:01.653282658+00:00,2012-12-06 15:32:01.653282658+00:00,3457,Value 10
727,6,Resolve ticket,2012-12-06 15:32:01.653282658+00:00,2012-12-06 15:32:01.653282658+00:00,3458,Value 10
727,5,Closed,2012-12-06 15:32:01.653282658+00:00,2012-12-06 15:32:01.653282658+00:00,3459,Value 5
728,2,Insert ticket,2012-12-07 03:41:55+00:00,2012-12-07 03:41:55+00:00,3460,Value 11
728,2,Assign seriousness,2012-12-07 04:00:00+00:00,2012-12-07 04:00:00+00:00,3463,Value 11
729,2,Assign seriousness,2012-12-07 04:00:00+00:00,2012-12-07 04:00:00+00:00,3465,Value 11
728,2,Take in charge ticket,2012-12-07 04:00:00+00:00,2012-12-07 04:00:00+00:00,3466,Value 11
730,2,Assign seriousness,2012-12-07 04:00:00+00:00,2012-12-07 04:00:00+00:00,3467,Value 11
729,2,Take in charge ticket,2012-12-07 04:00:00+00:00,2012-12-07 04:00:00+00:00,3468,Value 11
728,2,Resolve ticket,2012-12-07 04:00:00+00:00,2012-12-07 04:00:00+00:00,3469,Value 11
730,0,Assign seriousness,2012-12-07 04:00:00+00:00,2012-12-07 04:00:00+00:00,3470,Value 2
729,2,Take in charge ticket,2012-12-07 04:00:00+00:00,2012-12-07 04:00:00+00:00,3471,Value 11
728,5,Closed,2012-12-07 04:00:00+00:00,2012-12-07 04:00:00+00:00,3472,Value 5
730,15,Resolve ticket,2012-12-07 04:00:00+00:00,2012-12-07 04:00:00+00:00,3473,Value 13
729,2,Wait,2012-12-07 04:00:00+00:00,2012-12-07 04:00:00+00:00,3474,Value 11
730,5,Closed,2012-12-07 04:00:00+00:00,2012-12-07 04:00:00+00:00,3475,Value 5
729,2,Take in charge ticket,2012-12-07 04:00:00+00:00,2012-12-07 04:00:00+00:00,3476,Value 11
729,2,Resolve ticket,2012-12-07 04:00:00+00:00,2012-12-07 04:00:00+00:00,3477,Value 11
729,5,Closed,2012-12-07 04:00:00+00:00,2012-12-07 04:00:00+00:00,3478,Value 5
731,2,Assign seriousness,2012-12-07 04:10:31.451132642+00:00,2012-12-07 04:10:31.451132642+00:00,3479,Value 11
731,2,Take in charge ticket,2012-12-07 04:10:31.451132642+00:00,2012-12-07 04:10:31.451132642+00:00,3480,Value 11
731,2,Resolve ticket,2012-12-07 04:10:31.451132642+00:00,2012-12-07 04:10:31.451132642+00:00,3481,Value 11
731,5,Closed,2012-12-07 04:10:31.451132642+00:00,2012-12-07 04:10:31.451132642+00:00,3482,Value 5
732,2,Assign seriousness,2012-12-07 06:12:59.015350900+00:00,2012-12-07 06:12:59.015350900+00:00,3483,Value 11
732,2,Take in charge ticket,2012-12-07 06:12:59.015350900+00:00,2012-12-07 06:12:59.015350900+00:00,3484,Value 11
732,2,Resolve ticket,2012-12-07 06:12:59.015350900+00:00,2012-12-07 06:12:59.015350900+00:00,3485,Value 11
732,5,Closed,2012-12-07 06:12:59.015350900+00:00,2012-12-07 06:12:59.015350900+00:00,3486,Value 5
733,2,Assign seriousness,2012-12-07 06:18:11.525053656+00:00,2012-12-07 06:18:11.525053656+00:00,3487,Value 11
733,2,Take in charge ticket,2012-12-07 06:18:11.525053656+00:00,2012-12-07 06:18:11.525053656+00:00,3488,Value 11
733,2,Resolve ticket,2012-12-07 06:18:11.525053656+00:00,2012-12-07 06:18:11.525053656+00:00,3489,Value 11
733,5,Closed,2012-12-07 06:18:11.525053656+00:00,2012-12-07 06:18:11.525053656+00:00,3490,Value 5
734,2,Assign seriousness,2012-12-07 07:17:16.834837390+00:00,2012-12-07 07:17:16.834837390+00:00,3491,Value 11
734,2,Take in charge ticket,2012-12-07 07:17:16.834837390+00:00,2012-12-07 07:17:16.834837390+00:00,3492,Value 11
734,2,Resolve ticket,2012-12-07 07:17:16.834837390+00:00,2012-12-07 07:17:16.834837390+00:00,3493,Value 11
734,5,Closed,2012-12-07 07:17:16.834837390+00:00,2012-12-07 07:17:16.834837390+00:00,3494,Value 5
735,2,Assign seriousness,2012-12-07 07:29:38.004481296+00:00,2012-12-07 07:29:38.004481296+00:00,3495,Value 11
735,2,Take in charge ticket,2012-12-07 07:29:38.004481296+00:00,2012-12-07 07:29:38.004481296+00:00,3496,Value 11
735,2,Resolve ticket,2012-12-07 07:29:38.004481296+00:00,2012-12-07 07:29:38.004481296+00:00,3497,Value 11
735,5,Closed,2012-12-07 07:29:38.004481296+00:00,2012-12-07 07:29:38.004481296+00:00,3498,Value 5
736,2,Assign seriousness,2012-12-07 07:31:10.263300123+00:00,2012-12-07 07:31:10.263300123+00:00,3499,Value 11
736,2,Take in charge ticket,2012-12-07 07:31:10.263300123+00:00,2012-12-07 07:31:10.263300123+00:00,3500,Value 11
736,2,Resolve ticket,2012-12-07 07:31:10.263300123+00:00,2012-12-07 07:31:10.263300123+00:00,3501,Value 11
736,0,Resolve ticket,2012-12-07 07:31:10.263300123+00:00,2012-12-07 07:31:10.263300123+00:00,3502,Value 2
736,5,Closed,2012-12-07 07:31:10.263300123+00:00,2012-12-07 07:31:10.263300123+00:00,3503,Value 5
737,5,Assign seriousness,2012-12-08 13:17:27+00:00,2012-12-08 13:17:27+00:00,3504,Value 5
737,0,Take in charge ticket,2012-12-10 03:00:00+00:00,2012-12-10 03:00:00+00:00,3506,Value 2
737,0,Resolve ticket,2012-12-10 03:00:00+00:00,2012-12-10 03:00:00+00:00,3507,Value 2
737,5,Closed,2012-12-10 06:00:00+00:00,2012-12-10 06:00:00+00:00,3508,Value 5
738,2,Assign seriousness,2012-12-10 04:00:49+00:00,2012-12-10 04:00:49+00:00,3509,Value 11
738,2,Take in charge ticket,2012-12-10 04:00:49+00:00,2012-12-10 04:00:49+00:00,3510,Value 11
738,2,Wait,2012-12-10 04:00:49+00:00,2012-12-10 04:00:49+00:00,3511,Value 11
738,2,Take in charge ticket,2012-12-10 04:00:49+00:00,2012-12-10 04:00:49+00:00,3512,Value 11
738,2,Resolve ticket,2012-12-10 04:00:49+00:00,2012-12-10 04:00:49+00:00,3513,Value 11
738,5,Closed,2012-12-10 06:00:00+00:00,2012-12-10 06:00:00+00:00,3515,Value 5
739,2,Assign seriousness,2012-12-10 06:57:28.156754955+00:00,2012-12-10 06:57:28.156754955+00:00,3516,Value 11
739,2,Take in charge ticket,2012-12-10 06:57:28.156754955+00:00,2012-12-10 06:57:28.156754955+00:00,3517,Value 11
739,2,Resolve ticket,2012-12-10 06:57:28.156754955+00:00,2012-12-10 06:57:28.156754955+00:00,3518,Value 11
739,5,Closed,2012-12-10 06:57:28.156754955+00:00,2012-12-10 06:57:28.156754955+00:00,3519,Value 5
740,2,Assign seriousness,2012-12-10 07:36:12.356347547+00:00,2012-12-10 07:36:12.356347547+00:00,3520,Value 11
740,2,Take in charge ticket,2012-12-10 07:36:12.356347547+00:00,2012-12-10 07:36:12.356347547+00:00,3521,Value 11
740,2,Resolve ticket,2012-12-10 07:36:12.356347547+00:00,2012-12-10 07:36:12.356347547+00:00,3522,Value 11
740,5,Closed,2012-12-10 07:36:12.356347547+00:00,2012-12-10 07:36:12.356347547+00:00,3523,Value 5
741,2,Assign seriousness,2012-12-10 07:46:58.925575660+00:00,2012-12-10 07:46:58.925575660+00:00,3524,Value 11
741,2,Take in charge ticket,2012-12-10 07:46:58.925575660+00:00,2012-12-10 07:46:58.925575660+00:00,3525,Value 11
741,2,Resolve ticket,2012-12-10 07:46:58.925575660+00:00,2012-12-10 07:46:58.925575660+00:00,3526,Value 11
741,5,Closed,2012-12-10 07:46:58.925575660+00:00,2012-12-10 07:46:58.925575660+00:00,3527,Value 5
742,2,Assign seriousness,2012-12-10 07:50:38.660622484+00:00,2012-12-10 07:50:38.660622484+00:00,3528,Value 11
742,2,Assign seriousness,2012-12-10 07:50:38.660622484+00:00,2012-12-10 07:50:38.660622484+00:00,3529,Value 11
742,2,Take in charge ticket,2012-12-10 07:50:38.660622484+00:00,2012-12-10 07:50:38.660622484+00:00,3530,Value 11
742,2,Resolve ticket,2012-12-10 07:50:38.660622484+00:00,2012-12-10 07:50:38.660622484+00:00,3531,Value 11
742,5,Closed,2012-12-10 07:50:38.660622484+00:00,2012-12-10 07:50:38.660622484+00:00,3532,Value 5
743,2,Assign seriousness,2012-12-10 08:24:46.026265816+00:00,2012-12-10 08:24:46.026265816+00:00,3533,Value 11
743,2,Take in charge ticket,2012-12-10 08:24:46.026265816+00:00,2012-12-10 08:24:46.026265816+00:00,3534,Value 11
743,2,Resolve ticket,2012-12-10 08:24:46.026265816+00:00,2012-12-10 08:24:46.026265816+00:00,3535,Value 11
743,5,Closed,2012-12-10 08:24:46.026265816+00:00,2012-12-10 08:24:46.026265816+00:00,3536,Value 5
744,2,Assign seriousness,2012-12-10 08:48:29.982570215+00:00,2012-12-10 08:48:29.982570215+00:00,3537,Value 11
744,2,Take in charge ticket,2012-12-10 08:48:29.982570215+00:00,2012-12-10 08:48:29.982570215+00:00,3538,Value 11
744,2,Resolve ticket,2012-12-10 08:48:29.982570215+00:00,2012-12-10 08:48:29.982570215+00:00,3539,Value 11
744,5,Closed,2012-12-10 08:48:29.982570215+00:00,2012-12-10 08:48:29.982570215+00:00,3540,Value 5
745,2,Assign seriousness,2012-12-10 09:41:18.350676651+00:00,2012-12-10 09:41:18.350676651+00:00,3541,Value 11
745,2,Take in charge ticket,2012-12-10 09:41:18.350676651+00:00,2012-12-10 09:41:18.350676651+00:00,3542,Value 11
745,2,Resolve ticket,2012-12-10 09:41:18.350676651+00:00,2012-12-10 09:41:18.350676651+00:00,3543,Value 11
745,5,Closed,2012-12-10 09:41:18.350676651+00:00,2012-12-10 09:41:18.350676651+00:00,3544,Value 5
746,2,Assign seriousness,2012-12-10 09:54:21.318505726+00:00,2012-12-10 09:54:21.318505726+00:00,3545,Value 11
746,2,Take in charge ticket,2012-12-10 09:54:21.318505726+00:00,2012-12-10 09:54:21.318505726+00:00,3546,Value 11
746,2,Resolve ticket,2012-12-10 09:54:21.318505726+00:00,2012-12-10 09:54:21.318505726+00:00,3547,Value 11
746,5,Closed,2012-12-10 09:54:21.318505726+00:00,2012-12-10 09:54:21.318505726+00:00,3548,Value 5
747,2,Assign seriousness,2012-12-10 10:43:14.147288540+00:00,2012-12-10 10:43:14.147288540+00:00,3549,Value 11
747,0,Assign seriousness,2012-12-10 10:43:14.147288540+00:00,2012-12-10 10:43:14.147288540+00:00,3550,Value 2
747,0,Take in charge ticket,2012-12-10 10:43:14.147288540+00:00,2012-12-10 10:43:14.147288540+00:00,3551,Value 2
747,0,Resolve ticket,2012-12-10 10:43:14.147288540+00:00,2012-12-10 10:43:14.147288540+00:00,3552,Value 2
747,5,Closed,2012-12-10 10:43:14.147288540+00:00,2012-12-10 10:43:14.147288540+00:00,3553,Value 5
748,2,Assign seriousness,2012-12-10 12:41:16.450423742+00:00,2012-12-10 12:41:16.450423742+00:00,3554,Value 11
748,2,Take in charge ticket,2012-12-10 12:41:16.450423742+00:00,2012-12-10 12:41:16.450423742+00:00,3555,Value 11
748,2,Resolve ticket,2012-12-10 12:41:16.450423742+00:00,2012-12-10 12:41:16.450423742+00:00,3556,Value 11
748,5,Closed,2012-12-10 12:41:16.450423742+00:00,2012-12-10 12:41:16.450423742+00:00,3557,Value 5
749,2,Assign seriousness,2012-12-10 13:38:59.992284472+00:00,2012-12-10 13:38:59.992284472+00:00,3558,Value 11
749,2,Assign seriousness,2012-12-10 13:38:59.992284472+00:00,2012-12-10 13:38:59.992284472+00:00,3559,Value 11
749,2,Take in charge ticket,2012-12-10 13:38:59.992284472+00:00,2012-12-10 13:38:59.992284472+00:00,3560,Value 11
749,2,Resolve ticket,2012-12-10 13:38:59.992284472+00:00,2012-12-10 13:38:59.992284472+00:00,3561,Value 11
749,5,Closed,2012-12-10 13:38:59.992284472+00:00,2012-12-10 13:38:59.992284472+00:00,3562,Value 5
750,2,Assign seriousness,2012-12-10 14:11:46.707252850+00:00,2012-12-10 14:11:46.707252850+00:00,3563,Value 11
750,2,Take in charge ticket,2012-12-10 14:11:46.707252850+00:00,2012-12-10 14:11:46.707252850+00:00,3564,Value 11
750,2,Resolve ticket,2012-12-10 14:11:46.707252850+00:00,2012-12-10 14:11:46.707252850+00:00,3565,Value 11
750,5,Closed,2012-12-10 14:11:46.707252850+00:00,2012-12-10 14:11:46.707252850+00:00,3566,Value 5
751,2,Assign seriousness,2012-12-10 14:43:12.139276849+00:00,2012-12-10 14:43:12.139276849+00:00,3567,Value 11
751,2,Take in charge ticket,2012-12-10 14:43:12.139276849+00:00,2012-12-10 14:43:12.139276849+00:00,3568,Value 11
751,2,Resolve ticket,2012-12-10 14:43:12.139276849+00:00,2012-12-10 14:43:12.139276849+00:00,3569,Value 11
751,5,Closed,2012-12-10 14:43:12.139276849+00:00,2012-12-10 14:43:12.139276849+00:00,3570,Value 5
752,2,Assign seriousness,2012-12-10 15:02:24.540958076+00:00,2012-12-10 15:02:24.540958076+00:00,3571,Value 11
752,2,Take in charge ticket,2012-12-10 15:02:24.540958076+00:00,2012-12-10 15:02:24.540958076+00:00,3572,Value 11
752,2,Resolve ticket,2012-12-10 15:02:24.540958076+00:00,2012-12-10 15:02:24.540958076+00:00,3573,Value 11
752,5,Closed,2012-12-10 15:02:24.540958076+00:00,2012-12-10 15:02:24.540958076+00:00,3574,Value 5
753,18,Assign seriousness,2012-12-11 04:00:00+00:00,2012-12-11 04:00:00+00:00,3576,Value 4
753,18,Take in charge ticket,2012-12-11 04:00:00+00:00,2012-12-11 04:00:00+00:00,3577,Value 4
753,18,Resolve ticket,2012-12-11 04:00:00+00:00,2012-12-11 04:00:00+00:00,3578,Value 4
753,5,Closed,2012-12-11 04:00:00+00:00,2012-12-11 04:00:00+00:00,3579,Value 5
754,18,Assign seriousness,2012-12-11 05:06:21.889918381+00:00,2012-12-11 05:06:21.889918381+00:00,3580,Value 4
754,15,Take in charge ticket,2012-12-11 05:06:21.889918381+00:00,2012-12-11 05:06:21.889918381+00:00,3581,Value 13
754,18,Resolve ticket,2012-12-11 05:06:21.889918381+00:00,2012-12-11 05:06:21.889918381+00:00,3582,Value 4
754,5,Closed,2012-12-11 05:06:21.889918381+00:00,2012-12-11 05:06:21.889918381+00:00,3583,Value 5
755,18,Assign seriousness,2012-12-11 05:53:23.179216754+00:00,2012-12-11 05:53:23.179216754+00:00,3584,Value 4
755,18,Take in charge ticket,2012-12-11 05:53:23.179216754+00:00,2012-12-11 05:53:23.179216754+00:00,3585,Value 4
755,0,Resolve ticket,2012-12-11 05:53:23.179216754+00:00,2012-12-11 05:53:23.179216754+00:00,3586,Value 2
755,5,Closed,2012-12-11 05:53:23.179216754+00:00,2012-12-11 05:53:23.179216754+00:00,3587,Value 5
756,18,Insert ticket,2012-12-11 08:49:53.211708378+00:00,2012-12-11 08:49:53.211708378+00:00,3588,Value 4
756,18,Assign seriousness,2012-12-11 08:49:53.211708378+00:00,2012-12-11 08:49:53.211708378+00:00,3589,Value 4
756,18,Take in charge ticket,2012-12-11 08:49:53.211708378+00:00,2012-12-11 08:49:53.211708378+00:00,3590,Value 4
756,18,Resolve ticket,2012-12-11 08:49:53.211708378+00:00,2012-12-11 08:49:53.211708378+00:00,3591,Value 4
756,5,Closed,2012-12-11 08:49:53.211708378+00:00,2012-12-11 08:49:53.211708378+00:00,3592,Value 5
757,18,Assign seriousness,2012-12-11 09:08:34.190067231+00:00,2012-12-11 09:08:34.190067231+00:00,3593,Value 4
757,8,Take in charge ticket,2012-12-11 09:08:34.190067231+00:00,2012-12-11 09:08:34.190067231+00:00,3594,Value 6
757,8,Resolve ticket,2012-12-11 09:08:34.190067231+00:00,2012-12-11 09:08:34.190067231+00:00,3595,Value 6
757,5,Closed,2012-12-11 09:08:34.190067231+00:00,2012-12-11 09:08:34.190067231+00:00,3596,Value 5
758,18,Assign seriousness,2012-12-11 09:09:18.828852189+00:00,2012-12-11 09:09:18.828852189+00:00,3597,Value 4
758,15,Take in charge ticket,2012-12-11 09:09:18.828852189+00:00,2012-12-11 09:09:18.828852189+00:00,3598,Value 13
758,14,Resolve ticket,2012-12-11 09:09:18.828852189+00:00,2012-12-11 09:09:18.828852189+00:00,3599,Value 8
758,14,Take in charge ticket,2012-12-11 09:09:18.828852189+00:00,2012-12-11 09:09:18.828852189+00:00,3600,Value 8
758,7,Resolve ticket,2012-12-11 09:09:18.828852189+00:00,2012-12-11 09:09:18.828852189+00:00,3601,Value 12
758,5,Closed,2012-12-11 09:09:18.828852189+00:00,2012-12-11 09:09:18.828852189+00:00,3602,Value 5
758,5,Closed,2012-12-11 09:09:18.828852189+00:00,2012-12-11 09:09:18.828852189+00:00,3603,Value 5
759,18,Assign seriousness,2012-12-11 09:14:23.915401153+00:00,2012-12-11 09:14:23.915401153+00:00,3604,Value 4
759,18,Take in charge ticket,2012-12-11 09:14:23.915401153+00:00,2012-12-11 09:14:23.915401153+00:00,3605,Value 4
759,8,Resolve ticket,2012-12-11 09:14:23.915401153+00:00,2012-12-11 09:14:23.915401153+00:00,3606,Value 6
759,5,Closed,2012-12-11 09:14:23.915401153+00:00,2012-12-11 09:14:23.915401153+00:00,3607,Value 5
760,18,Assign seriousness,2012-12-11 09:25:20.659316578+00:00,2012-12-11 09:25:20.659316578+00:00,3608,Value 4
760,17,Take in charge ticket,2012-12-11 09:25:20.659316578+00:00,2012-12-11 09:25:20.659316578+00:00,3609,Value 1
760,17,Wait,2012-12-11 09:25:20.659316578+00:00,2012-12-11 09:25:20.659316578+00:00,3610,Value 1
760,17,Take in charge ticket,2012-12-11 09:25:20.659316578+00:00,2012-12-11 09:25:20.659316578+00:00,3611,Value 1
760,0,Resolve ticket,2012-12-11 09:25:20.659316578+00:00,2012-12-11 09:25:20.659316578+00:00,3612,Value 2
760,5,Closed,2012-12-11 09:25:20.659316578+00:00,2012-12-11 09:25:20.659316578+00:00,3613,Value 5
761,18,Assign seriousness,2012-12-11 10:26:57.031705345+00:00,2012-12-11 10:26:57.031705345+00:00,3614,Value 4
761,18,Take in charge ticket,2012-12-11 10:26:57.031705345+00:00,2012-12-11 10:26:57.031705345+00:00,3615,Value 4
761,18,Resolve ticket,2012-12-11 10:26:57.031705345+00:00,2012-12-11 10:26:57.031705345+00:00,3616,Value 4
761,5,Closed,2012-12-11 10:26:57.031705345+00:00,2012-12-11 10:26:57.031705345+00:00,3617,Value 5
762,18,Assign seriousness,2012-12-11 10:47:06.771086502+00:00,2012-12-11 10:47:06.771086502+00:00,3618,Value 4
762,7,Take in charge ticket,2012-12-11 10:47:06.771086502+00:00,2012-12-11 10:47:06.771086502+00:00,3619,Value 12
762,7,Resolve ticket,2012-12-11 10:47:06.771086502+00:00,2012-12-11 10:47:06.771086502+00:00,3620,Value 12
762,5,Closed,2012-12-11 10:47:06.771086502+00:00,2012-12-11 10:47:06.771086502+00:00,3621,Value 5
763,18,Assign seriousness,2012-12-11 11:04:11.552210260+00:00,2012-12-11 11:04:11.552210260+00:00,3622,Value 4
763,11,Take in charge ticket,2012-12-11 11:04:11.552210260+00:00,2012-12-11 11:04:11.552210260+00:00,3623,Value 9
763,11,Resolve ticket,2012-12-11 11:04:11.552210260+00:00,2012-12-11 11:04:11.552210260+00:00,3624,Value 9
763,8,Take in charge ticket,2012-12-11 11:04:11.552210260+00:00,2012-12-11 11:04:11.552210260+00:00,3625,Value 6
763,8,Resolve ticket,2012-12-11 11:04:11.552210260+00:00,2012-12-11 11:04:11.552210260+00:00,3626,Value 6
763,5,Closed,2012-12-11 11:04:11.552210260+00:00,2012-12-11 11:04:11.552210260+00:00,3627,Value 5
764,18,Assign seriousness,2012-12-11 11:04:23.325249621+00:00,2012-12-11 11:04:23.325249621+00:00,3628,Value 4
764,18,Take in charge ticket,2012-12-11 11:04:23.325249621+00:00,2012-12-11 11:04:23.325249621+00:00,3629,Value 4
764,18,Resolve ticket,2012-12-11 11:04:23.325249621+00:00,2012-12-11 11:04:23.325249621+00:00,3630,Value 4
764,5,Closed,2012-12-11 11:04:23.325249621+00:00,2012-12-11 11:04:23.325249621+00:00,3631,Value 5
765,18,Assign seriousness,2012-12-11 11:13:25.670164448+00:00,2012-12-11 11:13:25.670164448+00:00,3632,Value 4
765,15,Take in charge ticket,2012-12-11 11:13:25.670164448+00:00,2012-12-11 11:13:25.670164448+00:00,3633,Value 13
765,15,Resolve ticket,2012-12-11 11:13:25.670164448+00:00,2012-12-11 11:13:25.670164448+00:00,3634,Value 13
765,5,Closed,2012-12-11 11:13:25.670164448+00:00,2012-12-11 11:13:25.670164448+00:00,3635,Value 5
766,18,Assign seriousness,2012-12-11 13:01:56.795827529+00:00,2012-12-11 13:01:56.795827529+00:00,3636,Value 4
766,8,Take in charge ticket,2012-12-11 13:01:56.795827529+00:00,2012-12-11 13:01:56.795827529+00:00,3637,Value 6
766,8,Resolve ticket,2012-12-11 13:01:56.795827529+00:00,2012-12-11 13:01:56.795827529+00:00,3638,Value 6
766,5,Closed,2012-12-11 13:01:56.795827529+00:00,2012-12-11 13:01:56.795827529+00:00,3639,Value 5
767,18,Assign seriousness,2012-12-11 13:15:34.759942661+00:00,2012-12-11 13:15:34.759942661+00:00,3640,Value 4
767,18,Take in charge ticket,2012-12-11 13:15:34.759942661+00:00,2012-12-11 13:15:34.759942661+00:00,3641,Value 4
767,18,Resolve ticket,2012-12-11 13:15:34.759942661+00:00,2012-12-11 13:15:34.759942661+00:00,3642,Value 4
767,5,Closed,2012-12-11 13:15:34.759942661+00:00,2012-12-11 13:15:34.759942661+00:00,3643,Value 5
768,18,Assign seriousness,2012-12-12 04:01:43+00:00,2012-12-12 04:01:43+00:00,3644,Value 4
768,18,Take in charge ticket,2012-12-12 04:01:43+00:00,2012-12-12 04:01:43+00:00,3645,Value 4
768,18,Resolve ticket,2012-12-12 04:01:43+00:00,2012-12-12 04:01:43+00:00,3646,Value 4
768,5,Closed,2012-12-12 04:01:43+00:00,2012-12-12 04:01:43+00:00,3647,Value 5
769,18,Assign seriousness,2012-12-12 04:22:29.875061083+00:00,2012-12-12 04:22:29.875061083+00:00,3648,Value 4
769,18,Take in charge ticket,2012-12-12 04:22:29.875061083+00:00,2012-12-12 04:22:29.875061083+00:00,3649,Value 4
769,18,Resolve ticket,2012-12-12 04:22:29.875061083+00:00,2012-12-12 04:22:29.875061083+00:00,3650,Value 4
769,5,Closed,2012-12-12 04:22:29.875061083+00:00,2012-12-12 04:22:29.875061083+00:00,3651,Value 5
770,18,Assign seriousness,2012-12-12 05:33:04.674800369+00:00,2012-12-12 05:33:04.674800369+00:00,3652,Value 4
770,18,Take in charge ticket,2012-12-12 05:33:04.674800369+00:00,2012-12-12 05:33:04.674800369+00:00,3653,Value 4
770,18,Resolve ticket,2012-12-12 05:33:04.674800369+00:00,2012-12-12 05:33:04.674800369+00:00,3654,Value 4
770,5,Closed,2012-12-12 05:33:04.674800369+00:00,2012-12-12 05:33:04.674800369+00:00,3655,Value 5
771,18,Assign seriousness,2012-12-12 06:38:46.066071609+00:00,2012-12-12 06:38:46.066071609+00:00,3656,Value 4
771,11,Take in charge ticket,2012-12-12 06:38:46.066071609+00:00,2012-12-12 06:38:46.066071609+00:00,3657,Value 9
771,11,Resolve ticket,2012-12-12 06:38:46.066071609+00:00,2012-12-12 06:38:46.066071609+00:00,3658,Value 9
771,5,Closed,2012-12-12 06:38:46.066071609+00:00,2012-12-12 06:38:46.066071609+00:00,3659,Value 5
772,18,Assign seriousness,2012-12-12 10:57:33.083517182+00:00,2012-12-12 10:57:33.083517182+00:00,3660,Value 4
772,18,Take in charge ticket,2012-12-12 10:57:33.083517182+00:00,2012-12-12 10:57:33.083517182+00:00,3661,Value 4
772,18,Resolve ticket,2012-12-12 10:57:33.083517182+00:00,2012-12-12 10:57:33.083517182+00:00,3662,Value 4
772,5,Closed,2012-12-12 10:57:33.083517182+00:00,2012-12-12 10:57:33.083517182+00:00,3663,Value 5
773,18,Insert ticket,2012-12-12 13:48:45.996652725+00:00,2012-12-12 13:48:45.996652725+00:00,3664,Value 4
773,18,Take in charge ticket,2012-12-12 13:48:45.996652725+00:00,2012-12-12 13:48:45.996652725+00:00,3665,Value 4
773,0,Resolve ticket,2012-12-12 13:48:45.996652725+00:00,2012-12-12 13:48:45.996652725+00:00,3666,Value 2
773,0,Resolve ticket,2012-12-12 13:48:45.996652725+00:00,2012-12-12 13:48:45.996652725+00:00,3667,Value 2
773,5,Closed,2012-12-12 13:48:45.996652725+00:00,2012-12-12 13:48:45.996652725+00:00,3668,Value 5
774,18,Assign seriousness,2012-12-12 14:29:11.049519390+00:00,2012-12-12 14:29:11.049519390+00:00,3669,Value 4
774,17,Take in charge ticket,2012-12-12 14:29:11.049519390+00:00,2012-12-12 14:29:11.049519390+00:00,3670,Value 1
774,11,Resolve ticket,2012-12-12 14:29:11.049519390+00:00,2012-12-12 14:29:11.049519390+00:00,3671,Value 9
774,5,Closed,2012-12-12 14:29:11.049519390+00:00,2012-12-12 14:29:11.049519390+00:00,3672,Value 5
775,18,Assign seriousness,2012-12-12 15:09:58.252676247+00:00,2012-12-12 15:09:58.252676247+00:00,3673,Value 4
775,17,Take in charge ticket,2012-12-12 15:09:58.252676247+00:00,2012-12-12 15:09:58.252676247+00:00,3674,Value 1
775,17,Resolve ticket,2012-12-12 15:09:58.252676247+00:00,2012-12-12 15:09:58.252676247+00:00,3675,Value 1
775,5,Closed,2012-12-12 15:09:58.252676247+00:00,2012-12-12 15:09:58.252676247+00:00,3676,Value 5
776,1,Insert ticket,2012-12-13 04:02:16+00:00,2012-12-13 04:02:16+00:00,3677,Value 15
776,1,Assign seriousness,2012-12-13 04:02:16+00:00,2012-12-13 04:02:16+00:00,3678,Value 15
776,1,Take in charge ticket,2012-12-13 04:02:16+00:00,2012-12-13 04:02:16+00:00,3679,Value 15
776,1,Create SW anomaly,2012-12-13 04:02:16+00:00,2012-12-13 04:02:16+00:00,3680,Value 15
776,0,Resolve ticket,2012-12-13 04:02:16+00:00,2012-12-13 04:02:16+00:00,3681,Value 2
776,5,Closed,2012-12-13 04:02:16+00:00,2012-12-13 04:02:16+00:00,3682,Value 5
777,1,Insert ticket,2012-12-13 07:12:19.470465776+00:00,2012-12-13 07:12:19.470465776+00:00,3683,Value 15
777,1,Assign seriousness,2012-12-13 07:12:19.470465776+00:00,2012-12-13 07:12:19.470465776+00:00,3684,Value 15
777,3,Assign seriousness,2012-12-13 07:12:19.470465776+00:00,2012-12-13 07:12:19.470465776+00:00,3685,Value 16
777,3,Take in charge ticket,2012-12-13 07:12:19.470465776+00:00,2012-12-13 07:12:19.470465776+00:00,3686,Value 16
777,3,Resolve ticket,2012-12-13 07:12:19.470465776+00:00,2012-12-13 07:12:19.470465776+00:00,3687,Value 16
777,5,Closed,2012-12-13 07:12:19.470465776+00:00,2012-12-13 07:12:19.470465776+00:00,3688,Value 5
778,1,Assign seriousness,2012-12-13 07:47:12.738861787+00:00,2012-12-13 07:47:12.738861787+00:00,3689,Value 15
778,1,Take in charge ticket,2012-12-13 07:47:12.738861787+00:00,2012-12-13 07:47:12.738861787+00:00,3690,Value 15
778,1,Resolve ticket,2012-12-13 07:47:12.738861787+00:00,2012-12-13 07:47:12.738861787+00:00,3691,Value 15
778,5,Closed,2012-12-13 07:47:12.738861787+00:00,2012-12-13 07:47:12.738861787+00:00,3692,Value 5
779,1,Assign seriousness,2012-12-13 07:49:17.006772128+00:00,2012-12-13 07:49:17.006772128+00:00,3693,Value 15
779,0,Assign seriousness,2012-12-13 07:49:17.006772128+00:00,2012-12-13 07:49:17.006772128+00:00,3694,Value 2
779,0,Take in charge ticket,2012-12-13 07:49:17.006772128+00:00,2012-12-13 07:49:17.006772128+00:00,3695,Value 2
779,0,Resolve ticket,2012-12-13 07:49:17.006772128+00:00,2012-12-13 07:49:17.006772128+00:00,3696,Value 2
779,0,Take in charge ticket,2012-12-13 07:49:17.006772128+00:00,2012-12-13 07:49:17.006772128+00:00,3697,Value 2
779,0,Resolve ticket,2012-12-13 07:49:17.006772128+00:00,2012-12-13 07:49:17.006772128+00:00,3698,Value 2
779,5,Closed,2012-12-13 07:49:17.006772128+00:00,2012-12-13 07:49:17.006772128+00:00,3699,Value 5
780,1,Assign seriousness,2012-12-13 08:44:51.484401370+00:00,2012-12-13 08:44:51.484401370+00:00,3700,Value 15
780,1,Assign seriousness,2012-12-13 08:44:51.484401370+00:00,2012-12-13 08:44:51.484401370+00:00,3701,Value 15
780,1,Take in charge ticket,2012-12-13 08:44:51.484401370+00:00,2012-12-13 08:44:51.484401370+00:00,3702,Value 15
780,1,Resolve ticket,2012-12-13 08:44:51.484401370+00:00,2012-12-13 08:44:51.484401370+00:00,3703,Value 15
780,5,Closed,2012-12-13 08:44:51.484401370+00:00,2012-12-13 08:44:51.484401370+00:00,3704,Value 5
781,1,Assign seriousness,2012-12-13 08:51:57.032649921+00:00,2012-12-13 08:51:57.032649921+00:00,3705,Value 15
781,1,Take in charge ticket,2012-12-13 08:51:57.032649921+00:00,2012-12-13 08:51:57.032649921+00:00,3706,Value 15
781,1,Resolve ticket,2012-12-13 08:51:57.032649921+00:00,2012-12-13 08:51:57.032649921+00:00,3707,Value 15
781,5,Closed,2012-12-13 08:51:57.032649921+00:00,2012-12-13 08:51:57.032649921+00:00,3708,Value 5
782,1,Assign seriousness,2012-12-13 11:35:38.294578154+00:00,2012-12-13 11:35:38.294578154+00:00,3709,Value 15
782,1,Assign seriousness,2012-12-13 11:35:38.294578154+00:00,2012-12-13 11:35:38.294578154+00:00,3710,Value 15
782,0,Take in charge ticket,2012-12-13 11:35:38.294578154+00:00,2012-12-13 11:35:38.294578154+00:00,3711,Value 2
782,0,Resolve ticket,2012-12-13 11:35:38.294578154+00:00,2012-12-13 11:35:38.294578154+00:00,3712,Value 2
782,5,Closed,2012-12-13 11:35:38.294578154+00:00,2012-12-13 11:35:38.294578154+00:00,3713,Value 5
783,1,Assign seriousness,2012-12-13 12:05:12.775036812+00:00,2012-12-13 12:05:12.775036812+00:00,3714,Value 15
783,0,Take in charge ticket,2012-12-13 12:05:12.775036812+00:00,2012-12-13 12:05:12.775036812+00:00,3715,Value 2
783,0,Resolve ticket,2012-12-13 12:05:12.775036812+00:00,2012-12-13 12:05:12.775036812+00:00,3716,Value 2
783,5,Closed,2012-12-13 12:05:12.775036812+00:00,2012-12-13 12:05:12.775036812+00:00,3717,Value 5
784,1,Assign seriousness,2012-12-13 12:07:27.777894240+00:00,2012-12-13 12:07:27.777894240+00:00,3718,Value 15
784,0,Take in charge ticket,2012-12-13 12:07:27.777894240+00:00,2012-12-13 12:07:27.777894240+00:00,3719,Value 2
784,0,Wait,2012-12-13 12:07:27.777894240+00:00,2012-12-13 12:07:27.777894240+00:00,3720,Value 2
784,12,Take in charge ticket,2012-12-13 12:07:27.777894240+00:00,2012-12-13 12:07:27.777894240+00:00,3721,Value 7
784,12,Resolve ticket,2012-12-13 12:07:27.777894240+00:00,2012-12-13 12:07:27.777894240+00:00,3722,Value 7
784,5,Closed,2012-12-13 12:07:27.777894240+00:00,2012-12-13 12:07:27.777894240+00:00,3723,Value 5
785,1,Assign seriousness,2012-12-13 12:14:41.557170678+00:00,2012-12-13 12:14:41.557170678+00:00,3724,Value 15
785,7,Take in charge ticket,2012-12-13 12:14:41.557170678+00:00,2012-12-13 12:14:41.557170678+00:00,3725,Value 12
785,7,Wait,2012-12-13 12:14:41.557170678+00:00,2012-12-13 12:14:41.557170678+00:00,3726,Value 12
785,7,Resolve ticket,2012-12-13 12:14:41.557170678+00:00,2012-12-13 12:14:41.557170678+00:00,3727,Value 12
785,5,Closed,2012-12-13 12:14:41.557170678+00:00,2012-12-13 12:14:41.557170678+00:00,3728,Value 5
786,1,Insert ticket,2012-12-13 12:30:16.806471011+00:00,2012-12-13 12:30:16.806471011+00:00,3729,Value 15
786,3,Assign seriousness,2012-12-13 12:30:16.806471011+00:00,2012-12-13 12:30:16.806471011+00:00,3730,Value 16
786,3,Take in charge ticket,2012-12-13 12:30:16.806471011+00:00,2012-12-13 12:30:16.806471011+00:00,3731,Value 16
786,3,Resolve ticket,2012-12-13 12:30:16.806471011+00:00,2012-12-13 12:30:16.806471011+00:00,3732,Value 16
786,3,Take in charge ticket,2012-12-13 12:30:16.806471011+00:00,2012-12-13 12:30:16.806471011+00:00,3733,Value 16
786,3,Wait,2012-12-13 12:30:16.806471011+00:00,2012-12-13 12:30:16.806471011+00:00,3734,Value 16
786,3,Take in charge ticket,2012-12-13 12:30:16.806471011+00:00,2012-12-13 12:30:16.806471011+00:00,3735,Value 16
786,3,Resolve ticket,2012-12-13 12:30:16.806471011+00:00,2012-12-13 12:30:16.806471011+00:00,3736,Value 16
786,5,Closed,2012-12-13 12:30:16.806471011+00:00,2012-12-13 12:30:16.806471011+00:00,3737,Value 5
787,1,Insert ticket,2012-12-13 15:00:09.332237331+00:00,2012-12-13 15:00:09.332237331+00:00,3738,Value 15
787,1,Assign seriousness,2012-12-13 15:00:09.332237331+00:00,2012-12-13 15:00:09.332237331+00:00,3739,Value 15
787,1,Take in charge ticket,2012-12-13 15:00:09.332237331+00:00,2012-12-13 15:00:09.332237331+00:00,3740,Value 15
787,1,Resolve ticket,2012-12-13 15:00:09.332237331+00:00,2012-12-13 15:00:09.332237331+00:00,3741,Value 15
787,5,Closed,2012-12-13 15:00:09.332237331+00:00,2012-12-13 15:00:09.332237331+00:00,3742,Value 5
788,3,Assign seriousness,2012-12-14 04:00:00+00:00,2012-12-14 04:00:00+00:00,3744,Value 16
788,3,Take in charge ticket,2012-12-14 04:00:00+00:00,2012-12-14 04:00:00+00:00,3745,Value 16
788,3,Resolve ticket,2012-12-14 04:00:00+00:00,2012-12-14 04:00:00+00:00,3746,Value 16
788,5,Closed,2012-12-14 04:00:00+00:00,2012-12-14 04:00:00+00:00,3747,Value 5
789,3,Assign seriousness,2012-12-14 10:21:20.800771590+00:00,2012-12-14 10:21:20.800771590+00:00,3748,Value 16
789,3,Take in charge ticket,2012-12-14 10:21:20.800771590+00:00,2012-12-14 10:21:20.800771590+00:00,3749,Value 16
789,3,Resolve ticket,2012-12-14 10:21:20.800771590+00:00,2012-12-14 10:21:20.800771590+00:00,3750,Value 16
789,5,Closed,2012-12-14 10:21:20.800771590+00:00,2012-12-14 10:21:20.800771590+00:00,3751,Value 5
790,3,Assign seriousness,2012-12-14 10:24:17.767205582+00:00,2012-12-14 10:24:17.767205582+00:00,3752,Value 16
790,3,Take in charge ticket,2012-12-14 10:24:17.767205582+00:00,2012-12-14 10:24:17.767205582+00:00,3753,Value 16
790,3,Wait,2012-12-14 10:24:17.767205582+00:00,2012-12-14 10:24:17.767205582+00:00,3754,Value 16
790,3,Take in charge ticket,2012-12-14 10:24:17.767205582+00:00,2012-12-14 10:24:17.767205582+00:00,3755,Value 16
790,3,Resolve ticket,2012-12-14 10:24:17.767205582+00:00,2012-12-14 10:24:17.767205582+00:00,3756,Value 16
790,5,Closed,2012-12-14 10:24:17.767205582+00:00,2012-12-14 10:24:17.767205582+00:00,3757,Value 5
791,3,Assign seriousness,2012-12-14 10:30:12.755578703+00:00,2012-12-14 10:30:12.755578703+00:00,3758,Value 16
791,3,Take in charge ticket,2012-12-14 10:30:12.755578703+00:00,2012-12-14 10:30:12.755578703+00:00,3759,Value 16
791,3,Resolve ticket,2012-12-14 10:30:12.755578703+00:00,2012-12-14 10:30:12.755578703+00:00,3760,Value 16
791,3,Resolve ticket,2012-12-14 10:30:12.755578703+00:00,2012-12-14 10:30:12.755578703+00:00,3761,Value 16
791,3,Resolve ticket,2012-12-14 10:30:12.755578703+00:00,2012-12-14 10:30:12.755578703+00:00,3762,Value 16
791,5,Closed,2012-12-14 10:30:12.755578703+00:00,2012-12-14 10:30:12.755578703+00:00,3763,Value 5
792,3,Assign seriousness,2012-12-14 13:42:48.737984690+00:00,2012-12-14 13:42:48.737984690+00:00,3764,Value 16
792,3,Assign seriousness,2012-12-14 13:42:48.737984690+00:00,2012-12-14 13:42:48.737984690+00:00,3765,Value 16
792,3,Take in charge ticket,2012-12-14 13:42:48.737984690+00:00,2012-12-14 13:42:48.737984690+00:00,3766,Value 16
792,3,Resolve ticket,2012-12-14 13:42:48.737984690+00:00,2012-12-14 13:42:48.737984690+00:00,3767,Value 16
792,5,Closed,2012-12-14 13:42:48.737984690+00:00,2012-12-14 13:42:48.737984690+00:00,3768,Value 5
793,3,Assign seriousness,2012-12-14 14:24:34.555640793+00:00,2012-12-14 14:24:34.555640793+00:00,3769,Value 16
793,3,Take in charge ticket,2012-12-14 14:24:34.555640793+00:00,2012-12-14 14:24:34.555640793+00:00,3770,Value 16
793,3,Resolve ticket,2012-12-14 14:24:34.555640793+00:00,2012-12-14 14:24:34.555640793+00:00,3771,Value 16
793,5,Closed,2012-12-14 14:24:34.555640793+00:00,2012-12-14 14:24:34.555640793+00:00,3772,Value 5
794,5,Assign seriousness,2012-12-15 13:17:27+00:00,2012-12-15 13:17:27+00:00,3773,Value 5
794,0,Take in charge ticket,2012-12-17 03:00:00+00:00,2012-12-17 03:00:00+00:00,3775,Value 2
794,0,Resolve ticket,2012-12-17 03:00:00+00:00,2012-12-17 03:00:00+00:00,3776,Value 2
794,5,Closed,2012-12-17 06:00:00+00:00,2012-12-17 06:00:00+00:00,3777,Value 5
795,3,Assign seriousness,2012-12-17 04:00:49+00:00,2012-12-17 04:00:49+00:00,3778,Value 16
795,3,Take in charge ticket,2012-12-17 04:00:49+00:00,2012-12-17 04:00:49+00:00,3779,Value 16
795,7,Wait,2012-12-17 04:00:49+00:00,2012-12-17 04:00:49+00:00,3780,Value 12
795,7,Wait,2012-12-17 04:00:49+00:00,2012-12-17 04:00:49+00:00,3781,Value 12
795,0,Take in charge ticket,2012-12-17 04:00:49+00:00,2012-12-17 04:00:49+00:00,3782,Value 2
795,0,Resolve ticket,2012-12-17 04:00:49+00:00,2012-12-17 04:00:49+00:00,3783,Value 2
795,5,Closed,2012-12-17 06:00:00+00:00,2012-12-17 06:00:00+00:00,3784,Value 5
796,3,Assign seriousness,2012-12-17 04:19:07.248001367+00:00,2012-12-17 04:19:07.248001367+00:00,3785,Value 16
796,7,Take in charge ticket,2012-12-17 04:19:07.248001367+00:00,2012-12-17 04:19:07.248001367+00:00,3786,Value 12
796,7,Resolve ticket,2012-12-17 04:19:07.248001367+00:00,2012-12-17 04:19:07.248001367+00:00,3787,Value 12
796,5,Closed,2012-12-17 06:00:00+00:00,2012-12-17 06:00:00+00:00,3789,Value 5
797,3,Assign seriousness,2012-12-17 07:15:48.529087543+00:00,2012-12-17 07:15:48.529087543+00:00,3790,Value 16
797,0,Take in charge ticket,2012-12-17 07:15:48.529087543+00:00,2012-12-17 07:15:48.529087543+00:00,3791,Value 2
797,0,Resolve ticket,2012-12-17 07:15:48.529087543+00:00,2012-12-17 07:15:48.529087543+00:00,3792,Value 2
797,5,Closed,2012-12-17 07:15:48.529087543+00:00,2012-12-17 07:15:48.529087543+00:00,3793,Value 5
798,3,Assign seriousness,2012-12-17 07:26:19.692465267+00:00,2012-12-17 07:26:19.692465267+00:00,3794,Value 16
798,3,Take in charge ticket,2012-12-17 07:26:19.692465267+00:00,2012-12-17 07:26:19.692465267+00:00,3795,Value 16
798,3,Wait,2012-12-17 07:26:19.692465267+00:00,2012-12-17 07:26:19.692465267+00:00,3796,Value 16
798,3,Resolve ticket,2012-12-17 07:26:19.692465267+00:00,2012-12-17 07:26:19.692465267+00:00,3797,Value 16
798,5,Closed,2012-12-17 07:26:19.692465267+00:00,2012-12-17 07:26:19.692465267+00:00,3798,Value 5
799,3,Assign seriousness,2012-12-17 07:56:48.078774737+00:00,2012-12-17 07:56:48.078774737+00:00,3799,Value 16
799,7,Take in charge ticket,2012-12-17 07:56:48.078774737+00:00,2012-12-17 07:56:48.078774737+00:00,3800,Value 12
799,7,Resolve ticket,2012-12-17 07:56:48.078774737+00:00,2012-12-17 07:56:48.078774737+00:00,3801,Value 12
799,5,Closed,2012-12-17 07:56:48.078774737+00:00,2012-12-17 07:56:48.078774737+00:00,3802,Value 5
800,3,Assign seriousness,2012-12-17 08:15:45.628733245+00:00,2012-12-17 08:15:45.628733245+00:00,3803,Value 16
800,3,Take in charge ticket,2012-12-17 08:15:45.628733245+00:00,2012-12-17 08:15:45.628733245+00:00,3804,Value 16
800,3,Wait,2012-12-17 08:15:45.628733245+00:00,2012-12-17 08:15:45.628733245+00:00,3805,Value 16
800,3,Take in charge ticket,2012-12-17 08:15:45.628733245+00:00,2012-12-17 08:15:45.628733245+00:00,3806,Value 16
800,3,Resolve ticket,2012-12-17 08:15:45.628733245+00:00,2012-12-17 08:15:45.628733245+00:00,3807,Value 16
800,5,Closed,2012-12-17 08:15:45.628733245+00:00,2012-12-17 08:15:45.628733245+00:00,3808,Value 5
801,3,Assign seriousness,2012-12-17 08:42:01.133554967+00:00,2012-12-17 08:42:01.133554967+00:00,3809,Value 16
801,3,Take in charge ticket,2012-12-17 08:42:01.133554967+00:00,2012-12-17 08:42:01.133554967+00:00,3810,Value 16
801,3,Resolve ticket,2012-12-17 08:42:01.133554967+00:00,2012-12-17 08:42:01.133554967+00:00,3811,Value 16
801,5,Closed,2012-12-17 08:42:01.133554967+00:00,2012-12-17 08:42:01.133554967+00:00,3812,Value 5
802,3,Assign seriousness,2012-12-17 08:59:06.569013289+00:00,2012-12-17 08:59:06.569013289+00:00,3813,Value 16
802,3,Take in charge ticket,2012-12-17 08:59:06.569013289+00:00,2012-12-17 08:59:06.569013289+00:00,3814,Value 16
802,0,Resolve ticket,2012-12-17 08:59:06.569013289+00:00,2012-12-17 08:59:06.569013289+00:00,3815,Value 2
802,5,Closed,2012-12-17 08:59:06.569013289+00:00,2012-12-17 08:59:06.569013289+00:00,3816,Value 5
803,3,Assign seriousness,2012-12-17 09:28:46.608472504+00:00,2012-12-17 09:28:46.608472504+00:00,3817,Value 16
803,3,Wait,2012-12-17 09:28:46.608472504+00:00,2012-12-17 09:28:46.608472504+00:00,3818,Value 16
803,3,Take in charge ticket,2012-12-17 09:28:46.608472504+00:00,2012-12-17 09:28:46.608472504+00:00,3819,Value 16
803,3,Resolve ticket,2012-12-17 09:28:46.608472504+00:00,2012-12-17 09:28:46.608472504+00:00,3820,Value 16
803,5,Closed,2012-12-17 09:28:46.608472504+00:00,2012-12-17 09:28:46.608472504+00:00,3821,Value 5
804,3,Assign seriousness,2012-12-18 04:00:00+00:00,2012-12-18 04:00:00+00:00,3823,Value 16
804,3,Take in charge ticket,2012-12-18 04:00:00+00:00,2012-12-18 04:00:00+00:00,3824,Value 16
804,3,Resolve ticket,2012-12-18 04:00:00+00:00,2012-12-18 04:00:00+00:00,3825,Value 16
804,3,Resolve ticket,2012-12-18 04:00:00+00:00,2012-12-18 04:00:00+00:00,3826,Value 16
804,3,Resolve ticket,2012-12-18 04:00:00+00:00,2012-12-18 04:00:00+00:00,3827,Value 16
804,5,Closed,2012-12-18 04:00:00+00:00,2012-12-18 04:00:00+00:00,3828,Value 5
805,3,Assign seriousness,2012-12-18 04:13:37.735993350+00:00,2012-12-18 04:13:37.735993350+00:00,3829,Value 16
805,3,Take in charge ticket,2012-12-18 04:13:37.735993350+00:00,2012-12-18 04:13:37.735993350+00:00,3830,Value 16
805,3,Resolve ticket,2012-12-18 04:13:37.735993350+00:00,2012-12-18 04:13:37.735993350+00:00,3831,Value 16
805,5,Closed,2012-12-18 04:13:37.735993350+00:00,2012-12-18 04:13:37.735993350+00:00,3832,Value 5
806,3,Assign seriousness,2012-12-18 06:07:20.718847866+00:00,2012-12-18 06:07:20.718847866+00:00,3833,Value 16
806,3,Take in charge ticket,2012-12-18 06:07:20.718847866+00:00,2012-12-18 06:07:20.718847866+00:00,3834,Value 16
806,3,Wait,2012-12-18 06:07:20.718847866+00:00,2012-12-18 06:07:20.718847866+00:00,3835,Value 16
806,3,Take in charge ticket,2012-12-18 06:07:20.718847866+00:00,2012-12-18 06:07:20.718847866+00:00,3836,Value 16
806,3,Resolve ticket,2012-12-18 06:07:20.718847866+00:00,2012-12-18 06:07:20.718847866+00:00,3837,Value 16
806,5,Closed,2012-12-18 06:07:20.718847866+00:00,2012-12-18 06:07:20.718847866+00:00,3838,Value 5
807,3,Assign seriousness,2012-12-18 06:37:28.835073481+00:00,2012-12-18 06:37:28.835073481+00:00,3839,Value 16
807,3,Take in charge ticket,2012-12-18 06:37:28.835073481+00:00,2012-12-18 06:37:28.835073481+00:00,3840,Value 16
807,3,Wait,2012-12-18 06:37:28.835073481+00:00,2012-12-18 06:37:28.835073481+00:00,3841,Value 16
807,8,Take in charge ticket,2012-12-18 06:37:28.835073481+00:00,2012-12-18 06:37:28.835073481+00:00,3842,Value 6
807,8,Resolve ticket,2012-12-18 06:37:28.835073481+00:00,2012-12-18 06:37:28.835073481+00:00,3843,Value 6
807,5,Closed,2012-12-18 06:37:28.835073481+00:00,2012-12-18 06:37:28.835073481+00:00,3844,Value 5
808,3,Assign seriousness,2012-12-18 06:46:54.834502697+00:00,2012-12-18 06:46:54.834502697+00:00,3845,Value 16
808,3,Wait,2012-12-18 06:46:54.834502697+00:00,2012-12-18 06:46:54.834502697+00:00,3846,Value 16
808,3,Take in charge ticket,2012-12-18 06:46:54.834502697+00:00,2012-12-18 06:46:54.834502697+00:00,3847,Value 16
808,3,Resolve ticket,2012-12-18 06:46:54.834502697+00:00,2012-12-18 06:46:54.834502697+00:00,3848,Value 16
808,3,Take in charge ticket,2012-12-18 06:46:54.834502697+00:00,2012-12-18 06:46:54.834502697+00:00,3849,Value 16
808,3,Wait,2012-12-18 06:46:54.834502697+00:00,2012-12-18 06:46:54.834502697+00:00,3850,Value 16
808,8,Take in charge ticket,2012-12-18 06:46:54.834502697+00:00,2012-12-18 06:46:54.834502697+00:00,3851,Value 6
808,8,Resolve ticket,2012-12-18 06:46:54.834502697+00:00,2012-12-18 06:46:54.834502697+00:00,3852,Value 6
808,5,Closed,2012-12-18 06:46:54.834502697+00:00,2012-12-18 06:46:54.834502697+00:00,3853,Value 5
809,3,Assign seriousness,2012-12-18 07:05:25.390398878+00:00,2012-12-18 07:05:25.390398878+00:00,3854,Value 16
809,3,Take in charge ticket,2012-12-18 07:05:25.390398878+00:00,2012-12-18 07:05:25.390398878+00:00,3855,Value 16
809,3,Resolve ticket,2012-12-18 07:05:25.390398878+00:00,2012-12-18 07:05:25.390398878+00:00,3856,Value 16
809,5,Closed,2012-12-18 07:05:25.390398878+00:00,2012-12-18 07:05:25.390398878+00:00,3857,Value 5
810,3,Assign seriousness,2012-12-18 07:39:30.720688271+00:00,2012-12-18 07:39:30.720688271+00:00,3858,Value 16
810,3,Take in charge ticket,2012-12-18 07:39:30.720688271+00:00,2012-12-18 07:39:30.720688271+00:00,3859,Value 16
810,3,Resolve ticket,2012-12-18 07:39:30.720688271+00:00,2012-12-18 07:39:30.720688271+00:00,3860,Value 16
810,5,Closed,2012-12-18 07:39:30.720688271+00:00,2012-12-18 07:39:30.720688271+00:00,3861,Value 5
811,3,Assign seriousness,2012-12-18 07:54:15.700882993+00:00,2012-12-18 07:54:15.700882993+00:00,3862,Value 16
811,3,Take in charge ticket,2012-12-18 07:54:15.700882993+00:00,2012-12-18 07:54:15.700882993+00:00,3863,Value 16
811,3,Wait,2012-12-18 07:54:15.700882993+00:00,2012-12-18 07:54:15.700882993+00:00,3864,Value 16
811,2,Take in charge ticket,2012-12-18 07:54:15.700882993+00:00,2012-12-18 07:54:15.700882993+00:00,3865,Value 11
811,2,Resolve ticket,2012-12-18 07:54:15.700882993+00:00,2012-12-18 07:54:15.700882993+00:00,3866,Value 11
811,5,Closed,2012-12-18 07:54:15.700882993+00:00,2012-12-18 07:54:15.700882993+00:00,3867,Value 5
812,3,Assign seriousness,2012-12-18 08:51:40.054367228+00:00,2012-12-18 08:51:40.054367228+00:00,3868,Value 16
812,3,Assign seriousness,2012-12-18 08:51:40.054367228+00:00,2012-12-18 08:51:40.054367228+00:00,3869,Value 16
812,3,Assign seriousness,2012-12-18 08:51:40.054367228+00:00,2012-12-18 08:51:40.054367228+00:00,3870,Value 16
812,3,Wait,2012-12-18 08:51:40.054367228+00:00,2012-12-18 08:51:40.054367228+00:00,3871,Value 16
812,3,Take in charge ticket,2012-12-18 08:51:40.054367228+00:00,2012-12-18 08:51:40.054367228+00:00,3872,Value 16
812,3,Resolve ticket,2012-12-18 08:51:40.054367228+00:00,2012-12-18 08:51:40.054367228+00:00,3873,Value 16
812,5,Closed,2012-12-18 08:51:40.054367228+00:00,2012-12-18 08:51:40.054367228+00:00,3874,Value 5
813,3,Assign seriousness,2012-12-18 10:14:20.244451380+00:00,2012-12-18 10:14:20.244451380+00:00,3875,Value 16
813,7,Take in charge ticket,2012-12-18 10:14:20.244451380+00:00,2012-12-18 10:14:20.244451380+00:00,3876,Value 12
813,7,Resolve ticket,2012-12-18 10:14:20.244451380+00:00,2012-12-18 10:14:20.244451380+00:00,3877,Value 12
813,0,Take in charge ticket,2012-12-18 10:14:20.244451380+00:00,2012-12-18 10:14:20.244451380+00:00,3878,Value 2
813,0,Wait,2012-12-18 10:14:20.244451380+00:00,2012-12-18 10:14:20.244451380+00:00,3879,Value 2
813,3,Take in charge ticket,2012-12-18 10:14:20.244451380+00:00,2012-12-18 10:14:20.244451380+00:00,3880,Value 16
813,2,Resolve ticket,2012-12-18 10:14:20.244451380+00:00,2012-12-18 10:14:20.244451380+00:00,3881,Value 11
813,5,Closed,2012-12-18 10:14:20.244451380+00:00,2012-12-18 10:14:20.244451380+00:00,3882,Value 5
