case_id,agent,activity_name,start_timestamp,end_timestamp,TimeStep,resource
0,2,Assign seriousness,2012-08-30 12:52:54+00:00,2012-08-30 12:52:54+00:00,0,Value 11
0,2,Take in charge ticket,2012-08-30 12:52:54+00:00,2012-08-30 12:52:54+00:00,1,Value 11
0,2,Resolve ticket,2012-08-30 12:52:54+00:00,2012-08-30 12:52:54+00:00,2,Value 11
0,5,Closed,2012-08-30 12:52:54+00:00,2012-08-30 12:52:54+00:00,3,Value 5
1,2,Assign seriousness,2012-08-30 12:57:24.679256883+00:00,2012-08-30 12:57:24.679256883+00:00,4,Value 11
1,2,Take in charge ticket,2012-08-30 12:57:24.679256883+00:00,2012-08-30 12:57:24.679256883+00:00,5,Value 11
1,2,Resolve ticket,2012-08-30 12:57:24.679256883+00:00,2012-08-30 12:57:24.679256883+00:00,6,Value 11
1,5,Closed,2012-08-30 12:57:24.679256883+00:00,2012-08-30 12:57:24.679256883+00:00,7,Value 5
2,2,Assign seriousness,2012-08-30 12:59:40.771820337+00:00,2012-08-30 12:59:40.771820337+00:00,8,Value 11
2,2,Take in charge ticket,2012-08-30 12:59:40.771820337+00:00,2012-08-30 12:59:40.771820337+00:00,9,Value 11
2,2,Resolve ticket,2012-08-30 12:59:40.771820337+00:00,2012-08-30 12:59:40.771820337+00:00,10,Value 11
2,5,Closed,2012-08-30 12:59:40.771820337+00:00,2012-08-30 12:59:40.771820337+00:00,11,Value 5
3,2,Assign seriousness,2012-08-30 13:19:04.252814604+00:00,2012-08-30 13:19:04.252814604+00:00,12,Value 11
3,2,Take in charge ticket,2012-08-30 13:19:04.252814604+00:00,2012-08-30 13:19:04.252814604+00:00,13,Value 11
3,2,Wait,2012-08-30 13:19:04.252814604+00:00,2012-08-30 13:19:04.252814604+00:00,14,Value 11
3,0,Take in charge ticket,2012-08-30 13:19:04.252814604+00:00,2012-08-30 13:19:04.252814604+00:00,15,Value 2
3,0,Wait,2012-08-30 13:19:04.252814604+00:00,2012-08-30 13:19:04.252814604+00:00,16,Value 2
3,0,Take in charge ticket,2012-08-30 13:19:04.252814604+00:00,2012-08-30 13:19:04.252814604+00:00,17,Value 2
3,0,Resolve ticket,2012-08-30 13:19:04.252814604+00:00,2012-08-30 13:19:04.252814604+00:00,18,Value 2
3,5,Closed,2012-08-30 13:19:04.252814604+00:00,2012-08-30 13:19:04.252814604+00:00,19,Value 5
4,2,Assign seriousness,2012-08-30 13:25:38.303856123+00:00,2012-08-30 13:25:38.303856123+00:00,20,Value 11
4,2,Take in charge ticket,2012-08-30 13:25:38.303856123+00:00,2012-08-30 13:25:38.303856123+00:00,21,Value 11
4,2,Resolve ticket,2012-08-30 13:25:38.303856123+00:00,2012-08-30 13:25:38.303856123+00:00,22,Value 11
4,5,Closed,2012-08-30 13:25:38.303856123+00:00,2012-08-30 13:25:38.303856123+00:00,23,Value 5
5,2,Assign seriousness,2012-08-30 14:13:09.960989048+00:00,2012-08-30 14:13:09.960989048+00:00,24,Value 11
5,2,Take in charge ticket,2012-08-30 14:13:09.960989048+00:00,2012-08-30 14:13:09.960989048+00:00,25,Value 11
5,2,Wait,2012-08-30 14:13:09.960989048+00:00,2012-08-30 14:13:09.960989048+00:00,26,Value 11
5,2,Take in charge ticket,2012-08-30 14:13:09.960989048+00:00,2012-08-30 14:13:09.960989048+00:00,27,Value 11
5,2,Resolve ticket,2012-08-30 14:13:09.960989048+00:00,2012-08-30 14:13:09.960989048+00:00,28,Value 11
5,5,Closed,2012-08-30 14:13:09.960989048+00:00,2012-08-30 14:13:09.960989048+00:00,29,Value 5
6,13,Take in charge ticket,2012-08-30 14:46:39.377030476+00:00,2012-08-30 14:46:39.377030476+00:00,30,Value 17
6,13,Resolve ticket,2012-08-30 14:46:39.377030476+00:00,2012-08-30 14:46:39.377030476+00:00,31,Value 17
6,13,Resolve ticket,2012-08-30 14:46:39.377030476+00:00,2012-08-30 14:46:39.377030476+00:00,32,Value 17
6,5,Closed,2012-08-30 14:46:39.377030476+00:00,2012-08-30 14:46:39.377030476+00:00,33,Value 5
7,2,Assign seriousness,2012-08-31 04:00:00+00:00,2012-08-31 04:00:00+00:00,36,Value 11
8,2,Assign seriousness,2012-08-31 04:00:00+00:00,2012-08-31 04:00:00+00:00,37,Value 11
7,2,Take in charge ticket,2012-08-31 04:00:00+00:00,2012-08-31 04:00:00+00:00,38,Value 11
8,2,Take in charge ticket,2012-08-31 04:00:00+00:00,2012-08-31 04:00:00+00:00,39,Value 11
7,2,Resolve ticket,2012-08-31 04:00:00+00:00,2012-08-31 04:00:00+00:00,40,Value 11
8,2,Resolve ticket,2012-08-31 04:00:00+00:00,2012-08-31 04:00:00+00:00,41,Value 11
7,5,Closed,2012-08-31 04:00:00+00:00,2012-08-31 04:00:00+00:00,42,Value 5
8,5,Closed,2012-08-31 04:00:00+00:00,2012-08-31 04:00:00+00:00,43,Value 5
9,2,Assign seriousness,2012-08-31 07:41:18.294186882+00:00,2012-08-31 07:41:18.294186882+00:00,44,Value 11
9,0,Assign seriousness,2012-08-31 07:41:18.294186882+00:00,2012-08-31 07:41:18.294186882+00:00,45,Value 2
9,0,Assign seriousness,2012-08-31 07:41:18.294186882+00:00,2012-08-31 07:41:18.294186882+00:00,46,Value 2
9,0,Take in charge ticket,2012-08-31 07:41:18.294186882+00:00,2012-08-31 07:41:18.294186882+00:00,47,Value 2
9,0,Resolve ticket,2012-08-31 07:41:18.294186882+00:00,2012-08-31 07:41:18.294186882+00:00,48,Value 2
9,5,Closed,2012-08-31 07:41:18.294186882+00:00,2012-08-31 07:41:18.294186882+00:00,49,Value 5
10,2,Assign seriousness,2012-08-31 12:38:38.935904207+00:00,2012-08-31 12:38:38.935904207+00:00,50,Value 11
10,2,Take in charge ticket,2012-08-31 12:38:38.935904207+00:00,2012-08-31 12:38:38.935904207+00:00,51,Value 11
10,2,Resolve ticket,2012-08-31 12:38:38.935904207+00:00,2012-08-31 12:38:38.935904207+00:00,52,Value 11
10,5,Closed,2012-08-31 12:38:38.935904207+00:00,2012-08-31 12:38:38.935904207+00:00,53,Value 5
11,2,Assign seriousness,2012-08-31 12:58:50.629656510+00:00,2012-08-31 12:58:50.629656510+00:00,54,Value 11
11,2,Take in charge ticket,2012-08-31 12:58:50.629656510+00:00,2012-08-31 12:58:50.629656510+00:00,55,Value 11
11,2,Resolve ticket,2012-08-31 12:58:50.629656510+00:00,2012-08-31 12:58:50.629656510+00:00,56,Value 11
11,5,Closed,2012-08-31 12:58:50.629656510+00:00,2012-08-31 12:58:50.629656510+00:00,57,Value 5
12,2,Assign seriousness,2012-08-31 13:09:07.972585197+00:00,2012-08-31 13:09:07.972585197+00:00,58,Value 11
12,2,Take in charge ticket,2012-08-31 13:09:07.972585197+00:00,2012-08-31 13:09:07.972585197+00:00,59,Value 11
12,2,Resolve ticket,2012-08-31 13:09:07.972585197+00:00,2012-08-31 13:09:07.972585197+00:00,60,Value 11
12,5,Closed,2012-08-31 13:09:07.972585197+00:00,2012-08-31 13:09:07.972585197+00:00,61,Value 5
13,2,Assign seriousness,2012-08-31 14:26:53.200454242+00:00,2012-08-31 14:26:53.200454242+00:00,62,Value 11
13,2,Take in charge ticket,2012-08-31 14:26:53.200454242+00:00,2012-08-31 14:26:53.200454242+00:00,63,Value 11
13,2,Resolve ticket,2012-08-31 14:26:53.200454242+00:00,2012-08-31 14:26:53.200454242+00:00,64,Value 11
13,5,Closed,2012-08-31 14:26:53.200454242+00:00,2012-08-31 14:26:53.200454242+00:00,65,Value 5
14,5,Assign seriousness,2012-09-01 13:17:27+00:00,2012-09-01 13:17:27+00:00,66,Value 5
14,0,Take in charge ticket,2012-09-03 03:00:00+00:00,2012-09-03 03:00:00+00:00,68,Value 2
14,0,Resolve ticket,2012-09-03 03:00:00+00:00,2012-09-03 03:00:00+00:00,69,Value 2
14,5,Closed,2012-09-03 06:00:00+00:00,2012-09-03 06:00:00+00:00,70,Value 5
15,2,Assign seriousness,2012-09-03 04:00:49+00:00,2012-09-03 04:00:49+00:00,71,Value 11
15,2,Take in charge ticket,2012-09-03 04:00:49+00:00,2012-09-03 04:00:49+00:00,72,Value 11
15,2,Resolve ticket,2012-09-03 04:00:49+00:00,2012-09-03 04:00:49+00:00,73,Value 11
15,5,Closed,2012-09-03 06:00:00+00:00,2012-09-03 06:00:00+00:00,75,Value 5
16,2,Assign seriousness,2012-09-03 06:06:44.701854400+00:00,2012-09-03 06:06:44.701854400+00:00,76,Value 11
16,2,Take in charge ticket,2012-09-03 06:06:44.701854400+00:00,2012-09-03 06:06:44.701854400+00:00,77,Value 11
16,3,Wait,2012-09-03 06:06:44.701854400+00:00,2012-09-03 06:06:44.701854400+00:00,78,Value 16
16,3,Take in charge ticket,2012-09-03 06:06:44.701854400+00:00,2012-09-03 06:06:44.701854400+00:00,79,Value 16
16,3,Resolve ticket,2012-09-03 06:06:44.701854400+00:00,2012-09-03 06:06:44.701854400+00:00,80,Value 16
16,5,Closed,2012-09-03 06:06:44.701854400+00:00,2012-09-03 06:06:44.701854400+00:00,81,Value 5
17,2,Assign seriousness,2012-09-03 06:37:50.441831363+00:00,2012-09-03 06:37:50.441831363+00:00,82,Value 11
17,2,Take in charge ticket,2012-09-03 06:37:50.441831363+00:00,2012-09-03 06:37:50.441831363+00:00,83,Value 11
17,2,Wait,2012-09-03 06:37:50.441831363+00:00,2012-09-03 06:37:50.441831363+00:00,84,Value 11
17,2,Take in charge ticket,2012-09-03 06:37:50.441831363+00:00,2012-09-03 06:37:50.441831363+00:00,85,Value 11
17,2,Resolve ticket,2012-09-03 06:37:50.441831363+00:00,2012-09-03 06:37:50.441831363+00:00,86,Value 11
17,5,Closed,2012-09-03 06:37:50.441831363+00:00,2012-09-03 06:37:50.441831363+00:00,87,Value 5
18,2,Assign seriousness,2012-09-03 06:46:48.775860120+00:00,2012-09-03 06:46:48.775860120+00:00,88,Value 11
18,2,Take in charge ticket,2012-09-03 06:46:48.775860120+00:00,2012-09-03 06:46:48.775860120+00:00,89,Value 11
18,2,Resolve ticket,2012-09-03 06:46:48.775860120+00:00,2012-09-03 06:46:48.775860120+00:00,90,Value 11
18,5,Closed,2012-09-03 06:46:48.775860120+00:00,2012-09-03 06:46:48.775860120+00:00,91,Value 5
19,2,Assign seriousness,2012-09-03 07:19:06.717042878+00:00,2012-09-03 07:19:06.717042878+00:00,92,Value 11
19,2,Take in charge ticket,2012-09-03 07:19:06.717042878+00:00,2012-09-03 07:19:06.717042878+00:00,93,Value 11
19,2,Resolve ticket,2012-09-03 07:19:06.717042878+00:00,2012-09-03 07:19:06.717042878+00:00,94,Value 11
19,5,Closed,2012-09-03 07:19:06.717042878+00:00,2012-09-03 07:19:06.717042878+00:00,95,Value 5
20,2,Assign seriousness,2012-09-03 08:17:06.690206604+00:00,2012-09-03 08:17:06.690206604+00:00,96,Value 11
20,2,Take in charge ticket,2012-09-03 08:17:06.690206604+00:00,2012-09-03 08:17:06.690206604+00:00,97,Value 11
20,2,Resolve ticket,2012-09-03 08:17:06.690206604+00:00,2012-09-03 08:17:06.690206604+00:00,98,Value 11
20,5,Closed,2012-09-03 08:17:06.690206604+00:00,2012-09-03 08:17:06.690206604+00:00,99,Value 5
21,2,Assign seriousness,2012-09-03 09:24:52.576627026+00:00,2012-09-03 09:24:52.576627026+00:00,100,Value 11
21,2,Take in charge ticket,2012-09-03 09:24:52.576627026+00:00,2012-09-03 09:24:52.576627026+00:00,101,Value 11
21,2,Resolve ticket,2012-09-03 09:24:52.576627026+00:00,2012-09-03 09:24:52.576627026+00:00,102,Value 11
21,5,Closed,2012-09-03 09:24:52.576627026+00:00,2012-09-03 09:24:52.576627026+00:00,103,Value 5
22,2,Assign seriousness,2012-09-03 09:44:54.711078811+00:00,2012-09-03 09:44:54.711078811+00:00,104,Value 11
22,2,Take in charge ticket,2012-09-03 09:44:54.711078811+00:00,2012-09-03 09:44:54.711078811+00:00,105,Value 11
22,2,Resolve ticket,2012-09-03 09:44:54.711078811+00:00,2012-09-03 09:44:54.711078811+00:00,106,Value 11
22,5,Closed,2012-09-03 09:44:54.711078811+00:00,2012-09-03 09:44:54.711078811+00:00,107,Value 5
23,2,Assign seriousness,2012-09-03 11:03:34.849978599+00:00,2012-09-03 11:03:34.849978599+00:00,108,Value 11
23,2,Take in charge ticket,2012-09-03 11:03:34.849978599+00:00,2012-09-03 11:03:34.849978599+00:00,109,Value 11
23,2,Resolve ticket,2012-09-03 11:03:34.849978599+00:00,2012-09-03 11:03:34.849978599+00:00,110,Value 11
23,2,Take in charge ticket,2012-09-03 11:03:34.849978599+00:00,2012-09-03 11:03:34.849978599+00:00,111,Value 11
23,2,Wait,2012-09-03 11:03:34.849978599+00:00,2012-09-03 11:03:34.849978599+00:00,112,Value 11
23,0,Take in charge ticket,2012-09-03 11:03:34.849978599+00:00,2012-09-03 11:03:34.849978599+00:00,113,Value 2
23,4,Resolve ticket,2012-09-03 11:03:34.849978599+00:00,2012-09-03 11:03:34.849978599+00:00,114,Value 21
23,4,Closed,2012-09-03 11:03:34.849978599+00:00,2012-09-03 11:03:34.849978599+00:00,115,Value 21
24,2,Assign seriousness,2012-09-03 12:44:38.580726221+00:00,2012-09-03 12:44:38.580726221+00:00,116,Value 11
24,2,Take in charge ticket,2012-09-03 12:44:38.580726221+00:00,2012-09-03 12:44:38.580726221+00:00,117,Value 11
24,2,Resolve ticket,2012-09-03 12:44:38.580726221+00:00,2012-09-03 12:44:38.580726221+00:00,118,Value 11
24,5,Closed,2012-09-03 12:44:38.580726221+00:00,2012-09-03 12:44:38.580726221+00:00,119,Value 5
25,2,Assign seriousness,2012-09-03 13:41:41.290358490+00:00,2012-09-03 13:41:41.290358490+00:00,120,Value 11
25,2,Take in charge ticket,2012-09-03 13:41:41.290358490+00:00,2012-09-03 13:41:41.290358490+00:00,121,Value 11
25,2,Resolve ticket,2012-09-03 13:41:41.290358490+00:00,2012-09-03 13:41:41.290358490+00:00,122,Value 11
25,2,Take in charge ticket,2012-09-03 13:41:41.290358490+00:00,2012-09-03 13:41:41.290358490+00:00,123,Value 11
25,2,Resolve ticket,2012-09-03 13:41:41.290358490+00:00,2012-09-03 13:41:41.290358490+00:00,124,Value 11
25,5,Closed,2012-09-03 13:41:41.290358490+00:00,2012-09-03 13:41:41.290358490+00:00,125,Value 5
26,2,Assign seriousness,2012-09-03 14:18:32.604774556+00:00,2012-09-03 14:18:32.604774556+00:00,126,Value 11
26,2,Take in charge ticket,2012-09-03 14:18:32.604774556+00:00,2012-09-03 14:18:32.604774556+00:00,127,Value 11
26,2,Resolve ticket,2012-09-03 14:18:32.604774556+00:00,2012-09-03 14:18:32.604774556+00:00,128,Value 11
26,5,Closed,2012-09-03 14:18:32.604774556+00:00,2012-09-03 14:18:32.604774556+00:00,129,Value 5
27,2,Assign seriousness,2012-09-03 14:48:08.090983040+00:00,2012-09-03 14:48:08.090983040+00:00,130,Value 11
27,2,Take in charge ticket,2012-09-03 14:48:08.090983040+00:00,2012-09-03 14:48:08.090983040+00:00,131,Value 11
27,2,Resolve ticket,2012-09-03 14:48:08.090983040+00:00,2012-09-03 14:48:08.090983040+00:00,132,Value 11
27,5,Closed,2012-09-03 14:48:08.090983040+00:00,2012-09-03 14:48:08.090983040+00:00,133,Value 5
28,2,Assign seriousness,2012-09-04 04:00:00+00:00,2012-09-04 04:00:00+00:00,135,Value 11
28,2,Take in charge ticket,2012-09-04 04:00:00+00:00,2012-09-04 04:00:00+00:00,136,Value 11
28,3,Resolve ticket,2012-09-04 04:00:00+00:00,2012-09-04 04:00:00+00:00,137,Value 16
28,5,Closed,2012-09-04 04:00:00+00:00,2012-09-04 04:00:00+00:00,138,Value 5
29,2,Assign seriousness,2012-09-04 06:00:56.673172109+00:00,2012-09-04 06:00:56.673172109+00:00,139,Value 11
29,2,Take in charge ticket,2012-09-04 06:00:56.673172109+00:00,2012-09-04 06:00:56.673172109+00:00,140,Value 11
29,2,Resolve ticket,2012-09-04 06:00:56.673172109+00:00,2012-09-04 06:00:56.673172109+00:00,141,Value 11
29,5,Closed,2012-09-04 06:00:56.673172109+00:00,2012-09-04 06:00:56.673172109+00:00,142,Value 5
30,2,Assign seriousness,2012-09-04 07:45:01.795172903+00:00,2012-09-04 07:45:01.795172903+00:00,143,Value 11
30,2,Take in charge ticket,2012-09-04 07:45:01.795172903+00:00,2012-09-04 07:45:01.795172903+00:00,144,Value 11
30,2,Resolve ticket,2012-09-04 07:45:01.795172903+00:00,2012-09-04 07:45:01.795172903+00:00,145,Value 11
30,5,Closed,2012-09-04 07:45:01.795172903+00:00,2012-09-04 07:45:01.795172903+00:00,146,Value 5
31,2,Assign seriousness,2012-09-04 07:45:04.632742155+00:00,2012-09-04 07:45:04.632742155+00:00,147,Value 11
31,2,Take in charge ticket,2012-09-04 07:45:04.632742155+00:00,2012-09-04 07:45:04.632742155+00:00,148,Value 11
31,2,Resolve ticket,2012-09-04 07:45:04.632742155+00:00,2012-09-04 07:45:04.632742155+00:00,149,Value 11
31,5,Closed,2012-09-04 07:45:04.632742155+00:00,2012-09-04 07:45:04.632742155+00:00,150,Value 5
32,2,Assign seriousness,2012-09-04 09:07:36.431400436+00:00,2012-09-04 09:07:36.431400436+00:00,151,Value 11
32,2,Take in charge ticket,2012-09-04 09:07:36.431400436+00:00,2012-09-04 09:07:36.431400436+00:00,152,Value 11
32,2,Wait,2012-09-04 09:07:36.431400436+00:00,2012-09-04 09:07:36.431400436+00:00,153,Value 11
32,2,Take in charge ticket,2012-09-04 09:07:36.431400436+00:00,2012-09-04 09:07:36.431400436+00:00,154,Value 11
32,2,Resolve ticket,2012-09-04 09:07:36.431400436+00:00,2012-09-04 09:07:36.431400436+00:00,155,Value 11
32,5,Closed,2012-09-04 09:07:36.431400436+00:00,2012-09-04 09:07:36.431400436+00:00,156,Value 5
33,2,Assign seriousness,2012-09-04 10:43:05.397178837+00:00,2012-09-04 10:43:05.397178837+00:00,157,Value 11
33,2,Take in charge ticket,2012-09-04 10:43:05.397178837+00:00,2012-09-04 10:43:05.397178837+00:00,158,Value 11
33,2,Wait,2012-09-04 10:43:05.397178837+00:00,2012-09-04 10:43:05.397178837+00:00,159,Value 11
33,2,Take in charge ticket,2012-09-04 10:43:05.397178837+00:00,2012-09-04 10:43:05.397178837+00:00,160,Value 11
33,2,Resolve ticket,2012-09-04 10:43:05.397178837+00:00,2012-09-04 10:43:05.397178837+00:00,161,Value 11
33,5,Closed,2012-09-04 10:43:05.397178837+00:00,2012-09-04 10:43:05.397178837+00:00,162,Value 5
34,2,Assign seriousness,2012-09-04 10:54:28.385372575+00:00,2012-09-04 10:54:28.385372575+00:00,163,Value 11
34,2,Take in charge ticket,2012-09-04 10:54:28.385372575+00:00,2012-09-04 10:54:28.385372575+00:00,164,Value 11
34,2,Resolve ticket,2012-09-04 10:54:28.385372575+00:00,2012-09-04 10:54:28.385372575+00:00,165,Value 11
34,5,Closed,2012-09-04 10:54:28.385372575+00:00,2012-09-04 10:54:28.385372575+00:00,166,Value 5
35,2,Assign seriousness,2012-09-04 11:37:22.195039743+00:00,2012-09-04 11:37:22.195039743+00:00,167,Value 11
35,2,Take in charge ticket,2012-09-04 11:37:22.195039743+00:00,2012-09-04 11:37:22.195039743+00:00,168,Value 11
35,2,Wait,2012-09-04 11:37:22.195039743+00:00,2012-09-04 11:37:22.195039743+00:00,169,Value 11
35,7,Take in charge ticket,2012-09-04 11:37:22.195039743+00:00,2012-09-04 11:37:22.195039743+00:00,170,Value 12
35,13,Resolve ticket,2012-09-04 11:37:22.195039743+00:00,2012-09-04 11:37:22.195039743+00:00,171,Value 17
35,5,Closed,2012-09-04 11:37:22.195039743+00:00,2012-09-04 11:37:22.195039743+00:00,172,Value 5
36,2,Assign seriousness,2012-09-04 13:14:56.288358852+00:00,2012-09-04 13:14:56.288358852+00:00,173,Value 11
36,2,Take in charge ticket,2012-09-04 13:14:56.288358852+00:00,2012-09-04 13:14:56.288358852+00:00,174,Value 11
36,2,Resolve ticket,2012-09-04 13:14:56.288358852+00:00,2012-09-04 13:14:56.288358852+00:00,175,Value 11
36,5,Closed,2012-09-04 13:14:56.288358852+00:00,2012-09-04 13:14:56.288358852+00:00,176,Value 5
37,2,Assign seriousness,2012-09-04 14:58:01.752995893+00:00,2012-09-04 14:58:01.752995893+00:00,177,Value 11
37,2,Take in charge ticket,2012-09-04 14:58:01.752995893+00:00,2012-09-04 14:58:01.752995893+00:00,178,Value 11
37,2,Wait,2012-09-04 14:58:01.752995893+00:00,2012-09-04 14:58:01.752995893+00:00,179,Value 11
37,2,Take in charge ticket,2012-09-04 14:58:01.752995893+00:00,2012-09-04 14:58:01.752995893+00:00,180,Value 11
37,2,Resolve ticket,2012-09-04 14:58:01.752995893+00:00,2012-09-04 14:58:01.752995893+00:00,181,Value 11
37,5,Closed,2012-09-04 14:58:01.752995893+00:00,2012-09-04 14:58:01.752995893+00:00,182,Value 5
38,2,Assign seriousness,2012-09-05 04:01:43+00:00,2012-09-05 04:01:43+00:00,183,Value 11
38,2,Take in charge ticket,2012-09-05 04:01:43+00:00,2012-09-05 04:01:43+00:00,184,Value 11
38,2,Resolve ticket,2012-09-05 04:01:43+00:00,2012-09-05 04:01:43+00:00,185,Value 11
38,5,Closed,2012-09-05 04:01:43+00:00,2012-09-05 04:01:43+00:00,186,Value 5
39,2,Assign seriousness,2012-09-05 04:15:14.781516806+00:00,2012-09-05 04:15:14.781516806+00:00,187,Value 11
39,2,Take in charge ticket,2012-09-05 04:15:14.781516806+00:00,2012-09-05 04:15:14.781516806+00:00,188,Value 11
39,2,Wait,2012-09-05 04:15:14.781516806+00:00,2012-09-05 04:15:14.781516806+00:00,189,Value 11
39,2,Take in charge ticket,2012-09-05 04:15:14.781516806+00:00,2012-09-05 04:15:14.781516806+00:00,190,Value 11
39,2,Resolve ticket,2012-09-05 04:15:14.781516806+00:00,2012-09-05 04:15:14.781516806+00:00,191,Value 11
39,5,Closed,2012-09-05 04:15:14.781516806+00:00,2012-09-05 04:15:14.781516806+00:00,192,Value 5
40,2,Assign seriousness,2012-09-05 04:23:05.526307345+00:00,2012-09-05 04:23:05.526307345+00:00,193,Value 11
40,2,Take in charge ticket,2012-09-05 04:23:05.526307345+00:00,2012-09-05 04:23:05.526307345+00:00,194,Value 11
40,2,Resolve ticket,2012-09-05 04:23:05.526307345+00:00,2012-09-05 04:23:05.526307345+00:00,195,Value 11
40,5,Closed,2012-09-05 04:23:05.526307345+00:00,2012-09-05 04:23:05.526307345+00:00,196,Value 5
41,2,Assign seriousness,2012-09-05 04:38:46.318250521+00:00,2012-09-05 04:38:46.318250521+00:00,197,Value 11
41,2,Take in charge ticket,2012-09-05 04:38:46.318250521+00:00,2012-09-05 04:38:46.318250521+00:00,198,Value 11
41,2,Resolve ticket,2012-09-05 04:38:46.318250521+00:00,2012-09-05 04:38:46.318250521+00:00,199,Value 11
41,5,Closed,2012-09-05 04:38:46.318250521+00:00,2012-09-05 04:38:46.318250521+00:00,200,Value 5
42,2,Assign seriousness,2012-09-05 05:46:04.408951034+00:00,2012-09-05 05:46:04.408951034+00:00,201,Value 11
42,2,Take in charge ticket,2012-09-05 05:46:04.408951034+00:00,2012-09-05 05:46:04.408951034+00:00,202,Value 11
42,2,Resolve ticket,2012-09-05 05:46:04.408951034+00:00,2012-09-05 05:46:04.408951034+00:00,203,Value 11
42,5,Closed,2012-09-05 05:46:04.408951034+00:00,2012-09-05 05:46:04.408951034+00:00,204,Value 5
43,2,Assign seriousness,2012-09-05 05:57:09.352393024+00:00,2012-09-05 05:57:09.352393024+00:00,205,Value 11
43,2,Take in charge ticket,2012-09-05 05:57:09.352393024+00:00,2012-09-05 05:57:09.352393024+00:00,206,Value 11
43,2,Resolve ticket,2012-09-05 05:57:09.352393024+00:00,2012-09-05 05:57:09.352393024+00:00,207,Value 11
43,5,Closed,2012-09-05 05:57:09.352393024+00:00,2012-09-05 05:57:09.352393024+00:00,208,Value 5
44,2,Insert ticket,2012-09-05 05:57:10.238471670+00:00,2012-09-05 05:57:10.238471670+00:00,209,Value 11
44,2,Assign seriousness,2012-09-05 05:57:10.238471670+00:00,2012-09-05 05:57:10.238471670+00:00,210,Value 11
44,2,Take in charge ticket,2012-09-05 05:57:10.238471670+00:00,2012-09-05 05:57:10.238471670+00:00,211,Value 11
44,2,Wait,2012-09-05 05:57:10.238471670+00:00,2012-09-05 05:57:10.238471670+00:00,212,Value 11
44,2,Take in charge ticket,2012-09-05 05:57:10.238471670+00:00,2012-09-05 05:57:10.238471670+00:00,213,Value 11
44,2,Resolve ticket,2012-09-05 05:57:10.238471670+00:00,2012-09-05 05:57:10.238471670+00:00,214,Value 11
44,5,Closed,2012-09-05 05:57:10.238471670+00:00,2012-09-05 05:57:10.238471670+00:00,215,Value 5
45,2,Assign seriousness,2012-09-05 07:17:57.460366226+00:00,2012-09-05 07:17:57.460366226+00:00,216,Value 11
45,2,Take in charge ticket,2012-09-05 07:17:57.460366226+00:00,2012-09-05 07:17:57.460366226+00:00,217,Value 11
45,2,Resolve ticket,2012-09-05 07:17:57.460366226+00:00,2012-09-05 07:17:57.460366226+00:00,218,Value 11
45,5,Closed,2012-09-05 07:17:57.460366226+00:00,2012-09-05 07:17:57.460366226+00:00,219,Value 5
46,2,Assign seriousness,2012-09-05 07:51:27.395965569+00:00,2012-09-05 07:51:27.395965569+00:00,220,Value 11
46,2,Take in charge ticket,2012-09-05 07:51:27.395965569+00:00,2012-09-05 07:51:27.395965569+00:00,221,Value 11
46,2,Resolve ticket,2012-09-05 07:51:27.395965569+00:00,2012-09-05 07:51:27.395965569+00:00,222,Value 11
46,5,Closed,2012-09-05 07:51:27.395965569+00:00,2012-09-05 07:51:27.395965569+00:00,223,Value 5
47,2,Assign seriousness,2012-09-05 10:29:20.745626847+00:00,2012-09-05 10:29:20.745626847+00:00,224,Value 11
47,2,Take in charge ticket,2012-09-05 10:29:20.745626847+00:00,2012-09-05 10:29:20.745626847+00:00,225,Value 11
47,2,Resolve ticket,2012-09-05 10:29:20.745626847+00:00,2012-09-05 10:29:20.745626847+00:00,226,Value 11
47,5,Closed,2012-09-05 10:29:20.745626847+00:00,2012-09-05 10:29:20.745626847+00:00,227,Value 5
48,2,Assign seriousness,2012-09-05 10:33:51.841048194+00:00,2012-09-05 10:33:51.841048194+00:00,228,Value 11
48,2,Take in charge ticket,2012-09-05 10:33:51.841048194+00:00,2012-09-05 10:33:51.841048194+00:00,229,Value 11
48,2,Wait,2012-09-05 10:33:51.841048194+00:00,2012-09-05 10:33:51.841048194+00:00,230,Value 11
48,0,Wait,2012-09-05 10:33:51.841048194+00:00,2012-09-05 10:33:51.841048194+00:00,231,Value 2
48,0,Resolve ticket,2012-09-05 10:33:51.841048194+00:00,2012-09-05 10:33:51.841048194+00:00,232,Value 2
48,0,Resolve ticket,2012-09-05 10:33:51.841048194+00:00,2012-09-05 10:33:51.841048194+00:00,233,Value 2
48,5,Closed,2012-09-05 10:33:51.841048194+00:00,2012-09-05 10:33:51.841048194+00:00,234,Value 5
49,2,Assign seriousness,2012-09-05 11:32:35.240240220+00:00,2012-09-05 11:32:35.240240220+00:00,235,Value 11
49,2,Take in charge ticket,2012-09-05 11:32:35.240240220+00:00,2012-09-05 11:32:35.240240220+00:00,236,Value 11
49,2,Resolve ticket,2012-09-05 11:32:35.240240220+00:00,2012-09-05 11:32:35.240240220+00:00,237,Value 11
49,5,Closed,2012-09-05 11:32:35.240240220+00:00,2012-09-05 11:32:35.240240220+00:00,238,Value 5
50,2,Assign seriousness,2012-09-05 13:08:19.627023026+00:00,2012-09-05 13:08:19.627023026+00:00,239,Value 11
50,2,Take in charge ticket,2012-09-05 13:08:19.627023026+00:00,2012-09-05 13:08:19.627023026+00:00,240,Value 11
50,2,Resolve ticket,2012-09-05 13:08:19.627023026+00:00,2012-09-05 13:08:19.627023026+00:00,241,Value 11
50,5,Closed,2012-09-05 13:08:19.627023026+00:00,2012-09-05 13:08:19.627023026+00:00,242,Value 5
51,2,Assign seriousness,2012-09-05 13:54:08.526428530+00:00,2012-09-05 13:54:08.526428530+00:00,243,Value 11
51,2,Take in charge ticket,2012-09-05 13:54:08.526428530+00:00,2012-09-05 13:54:08.526428530+00:00,244,Value 11
51,2,Resolve ticket,2012-09-05 13:54:08.526428530+00:00,2012-09-05 13:54:08.526428530+00:00,245,Value 11
51,5,Closed,2012-09-05 13:54:08.526428530+00:00,2012-09-05 13:54:08.526428530+00:00,246,Value 5
52,2,Assign seriousness,2012-09-06 04:02:16+00:00,2012-09-06 04:02:16+00:00,247,Value 11
52,2,Take in charge ticket,2012-09-06 04:02:16+00:00,2012-09-06 04:02:16+00:00,248,Value 11
52,2,Resolve ticket,2012-09-06 04:02:16+00:00,2012-09-06 04:02:16+00:00,249,Value 11
52,5,Closed,2012-09-06 04:02:16+00:00,2012-09-06 04:02:16+00:00,250,Value 5
53,2,Assign seriousness,2012-09-06 04:02:24.254128286+00:00,2012-09-06 04:02:24.254128286+00:00,251,Value 11
53,2,Assign seriousness,2012-09-06 04:02:24.254128286+00:00,2012-09-06 04:02:24.254128286+00:00,252,Value 11
53,2,Take in charge ticket,2012-09-06 04:02:24.254128286+00:00,2012-09-06 04:02:24.254128286+00:00,253,Value 11
53,2,Resolve ticket,2012-09-06 04:02:24.254128286+00:00,2012-09-06 04:02:24.254128286+00:00,254,Value 11
53,5,Closed,2012-09-06 04:02:24.254128286+00:00,2012-09-06 04:02:24.254128286+00:00,255,Value 5
54,2,Assign seriousness,2012-09-06 06:30:16.608193578+00:00,2012-09-06 06:30:16.608193578+00:00,256,Value 11
54,2,Take in charge ticket,2012-09-06 06:30:16.608193578+00:00,2012-09-06 06:30:16.608193578+00:00,257,Value 11
54,2,Resolve ticket,2012-09-06 06:30:16.608193578+00:00,2012-09-06 06:30:16.608193578+00:00,258,Value 11
54,5,Closed,2012-09-06 06:30:16.608193578+00:00,2012-09-06 06:30:16.608193578+00:00,259,Value 5
55,2,Assign seriousness,2012-09-06 06:52:57.138932567+00:00,2012-09-06 06:52:57.138932567+00:00,260,Value 11
55,2,Take in charge ticket,2012-09-06 06:52:57.138932567+00:00,2012-09-06 06:52:57.138932567+00:00,261,Value 11
55,8,Wait,2012-09-06 06:52:57.138932567+00:00,2012-09-06 06:52:57.138932567+00:00,262,Value 6
55,8,Take in charge ticket,2012-09-06 06:52:57.138932567+00:00,2012-09-06 06:52:57.138932567+00:00,263,Value 6
55,8,Resolve ticket,2012-09-06 06:52:57.138932567+00:00,2012-09-06 06:52:57.138932567+00:00,264,Value 6
55,5,Closed,2012-09-06 06:52:57.138932567+00:00,2012-09-06 06:52:57.138932567+00:00,265,Value 5
56,2,Insert ticket,2012-09-06 07:10:16.306722326+00:00,2012-09-06 07:10:16.306722326+00:00,266,Value 11
56,2,Assign seriousness,2012-09-06 07:10:16.306722326+00:00,2012-09-06 07:10:16.306722326+00:00,267,Value 11
56,2,Take in charge ticket,2012-09-06 07:10:16.306722326+00:00,2012-09-06 07:10:16.306722326+00:00,268,Value 11
56,2,Resolve ticket,2012-09-06 07:10:16.306722326+00:00,2012-09-06 07:10:16.306722326+00:00,269,Value 11
56,5,Closed,2012-09-06 07:10:16.306722326+00:00,2012-09-06 07:10:16.306722326+00:00,270,Value 5
57,2,Assign seriousness,2012-09-06 08:36:02.009832062+00:00,2012-09-06 08:36:02.009832062+00:00,271,Value 11
57,2,Take in charge ticket,2012-09-06 08:36:02.009832062+00:00,2012-09-06 08:36:02.009832062+00:00,272,Value 11
57,2,Resolve ticket,2012-09-06 08:36:02.009832062+00:00,2012-09-06 08:36:02.009832062+00:00,273,Value 11
57,5,Closed,2012-09-06 08:36:02.009832062+00:00,2012-09-06 08:36:02.009832062+00:00,274,Value 5
58,2,Assign seriousness,2012-09-06 09:28:28.490973653+00:00,2012-09-06 09:28:28.490973653+00:00,275,Value 11
58,2,Take in charge ticket,2012-09-06 09:28:28.490973653+00:00,2012-09-06 09:28:28.490973653+00:00,276,Value 11
58,2,Resolve ticket,2012-09-06 09:28:28.490973653+00:00,2012-09-06 09:28:28.490973653+00:00,277,Value 11
58,5,Closed,2012-09-06 09:28:28.490973653+00:00,2012-09-06 09:28:28.490973653+00:00,278,Value 5
59,2,Assign seriousness,2012-09-06 12:41:35.460395139+00:00,2012-09-06 12:41:35.460395139+00:00,279,Value 11
59,2,Take in charge ticket,2012-09-06 12:41:35.460395139+00:00,2012-09-06 12:41:35.460395139+00:00,280,Value 11
59,2,Resolve ticket,2012-09-06 12:41:35.460395139+00:00,2012-09-06 12:41:35.460395139+00:00,281,Value 11
59,5,Closed,2012-09-06 12:41:35.460395139+00:00,2012-09-06 12:41:35.460395139+00:00,282,Value 5
60,2,Assign seriousness,2012-09-06 14:27:35.656092379+00:00,2012-09-06 14:27:35.656092379+00:00,283,Value 11
60,2,Take in charge ticket,2012-09-06 14:27:35.656092379+00:00,2012-09-06 14:27:35.656092379+00:00,284,Value 11
60,2,Resolve ticket,2012-09-06 14:27:35.656092379+00:00,2012-09-06 14:27:35.656092379+00:00,285,Value 11
60,5,Closed,2012-09-06 14:27:35.656092379+00:00,2012-09-06 14:27:35.656092379+00:00,286,Value 5
61,2,Assign seriousness,2012-09-06 14:50:39.836506794+00:00,2012-09-06 14:50:39.836506794+00:00,287,Value 11
61,2,Take in charge ticket,2012-09-06 14:50:39.836506794+00:00,2012-09-06 14:50:39.836506794+00:00,288,Value 11
61,2,Resolve ticket,2012-09-06 14:50:39.836506794+00:00,2012-09-06 14:50:39.836506794+00:00,289,Value 11
61,5,Closed,2012-09-06 14:50:39.836506794+00:00,2012-09-06 14:50:39.836506794+00:00,290,Value 5
62,2,Assign seriousness,2012-09-07 04:00:00+00:00,2012-09-07 04:00:00+00:00,293,Value 11
63,2,Assign seriousness,2012-09-07 04:00:00+00:00,2012-09-07 04:00:00+00:00,294,Value 11
62,2,Take in charge ticket,2012-09-07 04:00:00+00:00,2012-09-07 04:00:00+00:00,295,Value 11
63,2,Take in charge ticket,2012-09-07 04:00:00+00:00,2012-09-07 04:00:00+00:00,296,Value 11
62,2,Take in charge ticket,2012-09-07 04:00:00+00:00,2012-09-07 04:00:00+00:00,297,Value 11
63,2,Resolve ticket,2012-09-07 04:00:00+00:00,2012-09-07 04:00:00+00:00,298,Value 11
62,2,Wait,2012-09-07 04:00:00+00:00,2012-09-07 04:00:00+00:00,299,Value 11
63,5,Closed,2012-09-07 04:00:00+00:00,2012-09-07 04:00:00+00:00,300,Value 5
62,2,Take in charge ticket,2012-09-07 04:00:00+00:00,2012-09-07 04:00:00+00:00,301,Value 11
62,2,Resolve ticket,2012-09-07 04:00:00+00:00,2012-09-07 04:00:00+00:00,302,Value 11
62,5,Closed,2012-09-07 04:00:00+00:00,2012-09-07 04:00:00+00:00,303,Value 5
64,2,Assign seriousness,2012-09-07 07:26:15.319211051+00:00,2012-09-07 07:26:15.319211051+00:00,304,Value 11
64,2,Take in charge ticket,2012-09-07 07:26:15.319211051+00:00,2012-09-07 07:26:15.319211051+00:00,305,Value 11
64,2,Resolve ticket,2012-09-07 07:26:15.319211051+00:00,2012-09-07 07:26:15.319211051+00:00,306,Value 11
64,5,Closed,2012-09-07 07:26:15.319211051+00:00,2012-09-07 07:26:15.319211051+00:00,307,Value 5
65,2,Assign seriousness,2012-09-07 07:39:53.516630087+00:00,2012-09-07 07:39:53.516630087+00:00,308,Value 11
65,2,Take in charge ticket,2012-09-07 07:39:53.516630087+00:00,2012-09-07 07:39:53.516630087+00:00,309,Value 11
65,2,Resolve ticket,2012-09-07 07:39:53.516630087+00:00,2012-09-07 07:39:53.516630087+00:00,310,Value 11
65,5,Closed,2012-09-07 07:39:53.516630087+00:00,2012-09-07 07:39:53.516630087+00:00,311,Value 5
66,2,Assign seriousness,2012-09-07 08:41:01.678690226+00:00,2012-09-07 08:41:01.678690226+00:00,312,Value 11
66,2,Take in charge ticket,2012-09-07 08:41:01.678690226+00:00,2012-09-07 08:41:01.678690226+00:00,313,Value 11
66,2,Resolve ticket,2012-09-07 08:41:01.678690226+00:00,2012-09-07 08:41:01.678690226+00:00,314,Value 11
66,5,Closed,2012-09-07 08:41:01.678690226+00:00,2012-09-07 08:41:01.678690226+00:00,315,Value 5
67,2,Assign seriousness,2012-09-07 10:54:15.449706849+00:00,2012-09-07 10:54:15.449706849+00:00,316,Value 11
67,2,Take in charge ticket,2012-09-07 10:54:15.449706849+00:00,2012-09-07 10:54:15.449706849+00:00,317,Value 11
67,2,Resolve ticket,2012-09-07 10:54:15.449706849+00:00,2012-09-07 10:54:15.449706849+00:00,318,Value 11
67,5,Closed,2012-09-07 10:54:15.449706849+00:00,2012-09-07 10:54:15.449706849+00:00,319,Value 5
68,2,Assign seriousness,2012-09-07 11:02:35.226594180+00:00,2012-09-07 11:02:35.226594180+00:00,320,Value 11
68,2,Take in charge ticket,2012-09-07 11:02:35.226594180+00:00,2012-09-07 11:02:35.226594180+00:00,321,Value 11
68,2,Resolve ticket,2012-09-07 11:02:35.226594180+00:00,2012-09-07 11:02:35.226594180+00:00,322,Value 11
68,5,Closed,2012-09-07 11:02:35.226594180+00:00,2012-09-07 11:02:35.226594180+00:00,323,Value 5
69,2,Assign seriousness,2012-09-07 11:35:14.836601121+00:00,2012-09-07 11:35:14.836601121+00:00,324,Value 11
69,2,Take in charge ticket,2012-09-07 11:35:14.836601121+00:00,2012-09-07 11:35:14.836601121+00:00,325,Value 11
69,2,Resolve ticket,2012-09-07 11:35:14.836601121+00:00,2012-09-07 11:35:14.836601121+00:00,326,Value 11
69,5,Closed,2012-09-07 11:35:14.836601121+00:00,2012-09-07 11:35:14.836601121+00:00,327,Value 5
70,2,Assign seriousness,2012-09-07 13:03:57.668607+00:00,2012-09-07 13:03:57.668607+00:00,328,Value 11
70,2,Take in charge ticket,2012-09-07 13:03:57.668607+00:00,2012-09-07 13:03:57.668607+00:00,329,Value 11
70,2,Resolve ticket,2012-09-07 13:03:57.668607+00:00,2012-09-07 13:03:57.668607+00:00,330,Value 11
70,5,Closed,2012-09-07 13:03:57.668607+00:00,2012-09-07 13:03:57.668607+00:00,331,Value 5
71,2,Assign seriousness,2012-09-07 15:05:08.875555249+00:00,2012-09-07 15:05:08.875555249+00:00,332,Value 11
71,2,Take in charge ticket,2012-09-07 15:05:08.875555249+00:00,2012-09-07 15:05:08.875555249+00:00,333,Value 11
71,2,Resolve ticket,2012-09-07 15:05:08.875555249+00:00,2012-09-07 15:05:08.875555249+00:00,334,Value 11
71,5,Closed,2012-09-07 15:05:08.875555249+00:00,2012-09-07 15:05:08.875555249+00:00,335,Value 5
72,5,Assign seriousness,2012-09-08 13:17:27+00:00,2012-09-08 13:17:27+00:00,336,Value 5
72,0,Take in charge ticket,2012-09-10 03:00:00+00:00,2012-09-10 03:00:00+00:00,338,Value 2
72,0,Resolve ticket,2012-09-10 03:00:00+00:00,2012-09-10 03:00:00+00:00,339,Value 2
72,5,Closed,2012-09-10 06:00:00+00:00,2012-09-10 06:00:00+00:00,340,Value 5
73,10,Assign seriousness,2012-09-10 04:00:49+00:00,2012-09-10 04:00:49+00:00,341,Value 19
73,9,Take in charge ticket,2012-09-10 04:00:49+00:00,2012-09-10 04:00:49+00:00,342,Value 14
73,9,Resolve ticket,2012-09-10 04:00:49+00:00,2012-09-10 04:00:49+00:00,343,Value 14
74,10,Assign seriousness,2012-09-10 05:02:55.331261951+00:00,2012-09-10 05:02:55.331261951+00:00,345,Value 19
73,0,Take in charge ticket,2012-09-10 06:00:00+00:00,2012-09-10 06:00:00+00:00,346,Value 2
74,8,Take in charge ticket,2012-09-10 05:02:55.331261951+00:00,2012-09-10 05:02:55.331261951+00:00,347,Value 6
75,10,Assign seriousness,2012-09-10 05:31:35.223994649+00:00,2012-09-10 05:31:35.223994649+00:00,348,Value 19
73,0,Resolve ticket,2012-09-10 06:00:00+00:00,2012-09-10 06:00:00+00:00,349,Value 2
74,8,Resolve ticket,2012-09-10 05:02:55.331261951+00:00,2012-09-10 05:02:55.331261951+00:00,350,Value 6
75,8,Take in charge ticket,2012-09-10 05:31:35.223994649+00:00,2012-09-10 05:31:35.223994649+00:00,351,Value 6
73,5,Closed,2012-09-10 06:00:00+00:00,2012-09-10 06:00:00+00:00,352,Value 5
75,8,Resolve ticket,2012-09-10 05:31:35.223994649+00:00,2012-09-10 05:31:35.223994649+00:00,354,Value 6
74,5,Closed,2012-09-10 06:00:00+00:00,2012-09-10 06:00:00+00:00,356,Value 5
75,5,Closed,2012-09-10 06:00:00+00:00,2012-09-10 06:00:00+00:00,357,Value 5
76,10,Assign seriousness,2012-09-10 06:42:02.914634863+00:00,2012-09-10 06:42:02.914634863+00:00,358,Value 19
76,0,Take in charge ticket,2012-09-10 06:42:02.914634863+00:00,2012-09-10 06:42:02.914634863+00:00,359,Value 2
76,0,Resolve ticket,2012-09-10 06:42:02.914634863+00:00,2012-09-10 06:42:02.914634863+00:00,360,Value 2
76,5,Closed,2012-09-10 06:42:02.914634863+00:00,2012-09-10 06:42:02.914634863+00:00,361,Value 5
77,10,Assign seriousness,2012-09-10 06:58:42.478211224+00:00,2012-09-10 06:58:42.478211224+00:00,362,Value 19
77,0,Take in charge ticket,2012-09-10 06:58:42.478211224+00:00,2012-09-10 06:58:42.478211224+00:00,363,Value 2
77,0,Resolve ticket,2012-09-10 06:58:42.478211224+00:00,2012-09-10 06:58:42.478211224+00:00,364,Value 2
77,5,Closed,2012-09-10 06:58:42.478211224+00:00,2012-09-10 06:58:42.478211224+00:00,365,Value 5
78,10,Assign seriousness,2012-09-10 07:47:59.022262987+00:00,2012-09-10 07:47:59.022262987+00:00,366,Value 19
78,10,Take in charge ticket,2012-09-10 07:47:59.022262987+00:00,2012-09-10 07:47:59.022262987+00:00,367,Value 19
78,10,Resolve ticket,2012-09-10 07:47:59.022262987+00:00,2012-09-10 07:47:59.022262987+00:00,368,Value 19
78,5,Closed,2012-09-10 07:47:59.022262987+00:00,2012-09-10 07:47:59.022262987+00:00,369,Value 5
79,10,Assign seriousness,2012-09-10 07:49:23.915900509+00:00,2012-09-10 07:49:23.915900509+00:00,370,Value 19
79,0,Take in charge ticket,2012-09-10 07:49:23.915900509+00:00,2012-09-10 07:49:23.915900509+00:00,371,Value 2
79,0,Take in charge ticket,2012-09-10 07:49:23.915900509+00:00,2012-09-10 07:49:23.915900509+00:00,372,Value 2
79,0,Wait,2012-09-10 07:49:23.915900509+00:00,2012-09-10 07:49:23.915900509+00:00,373,Value 2
79,0,Resolve ticket,2012-09-10 07:49:23.915900509+00:00,2012-09-10 07:49:23.915900509+00:00,374,Value 2
79,5,Closed,2012-09-10 07:49:23.915900509+00:00,2012-09-10 07:49:23.915900509+00:00,375,Value 5
80,10,Assign seriousness,2012-09-11 04:00:00+00:00,2012-09-11 04:00:00+00:00,377,Value 19
80,13,Take in charge ticket,2012-09-11 04:00:00+00:00,2012-09-11 04:00:00+00:00,378,Value 17
80,13,Resolve ticket,2012-09-11 04:00:00+00:00,2012-09-11 04:00:00+00:00,379,Value 17
80,5,Closed,2012-09-11 04:00:00+00:00,2012-09-11 04:00:00+00:00,380,Value 5
81,10,Assign seriousness,2012-09-11 05:00:14.439803956+00:00,2012-09-11 05:00:14.439803956+00:00,381,Value 19
81,0,Take in charge ticket,2012-09-11 05:00:14.439803956+00:00,2012-09-11 05:00:14.439803956+00:00,382,Value 2
81,0,Resolve ticket,2012-09-11 05:00:14.439803956+00:00,2012-09-11 05:00:14.439803956+00:00,383,Value 2
81,5,Closed,2012-09-11 05:00:14.439803956+00:00,2012-09-11 05:00:14.439803956+00:00,384,Value 5
82,10,Assign seriousness,2012-09-11 05:02:47.247086636+00:00,2012-09-11 05:02:47.247086636+00:00,385,Value 19
82,0,Assign seriousness,2012-09-11 05:02:47.247086636+00:00,2012-09-11 05:02:47.247086636+00:00,386,Value 2
82,0,Take in charge ticket,2012-09-11 05:02:47.247086636+00:00,2012-09-11 05:02:47.247086636+00:00,387,Value 2
82,0,Resolve ticket,2012-09-11 05:02:47.247086636+00:00,2012-09-11 05:02:47.247086636+00:00,388,Value 2
82,0,Take in charge ticket,2012-09-11 05:02:47.247086636+00:00,2012-09-11 05:02:47.247086636+00:00,389,Value 2
82,0,Resolve ticket,2012-09-11 05:02:47.247086636+00:00,2012-09-11 05:02:47.247086636+00:00,390,Value 2
82,5,Closed,2012-09-11 05:02:47.247086636+00:00,2012-09-11 05:02:47.247086636+00:00,391,Value 5
83,10,Assign seriousness,2012-09-11 09:00:07.628611173+00:00,2012-09-11 09:00:07.628611173+00:00,392,Value 19
83,11,Take in charge ticket,2012-09-11 09:00:07.628611173+00:00,2012-09-11 09:00:07.628611173+00:00,393,Value 9
83,11,Resolve ticket,2012-09-11 09:00:07.628611173+00:00,2012-09-11 09:00:07.628611173+00:00,394,Value 9
83,5,Closed,2012-09-11 09:00:07.628611173+00:00,2012-09-11 09:00:07.628611173+00:00,395,Value 5
84,10,Assign seriousness,2012-09-11 09:13:00.633976657+00:00,2012-09-11 09:13:00.633976657+00:00,396,Value 19
84,10,Take in charge ticket,2012-09-11 09:13:00.633976657+00:00,2012-09-11 09:13:00.633976657+00:00,397,Value 19
84,10,Resolve ticket,2012-09-11 09:13:00.633976657+00:00,2012-09-11 09:13:00.633976657+00:00,398,Value 19
84,5,Closed,2012-09-11 09:13:00.633976657+00:00,2012-09-11 09:13:00.633976657+00:00,399,Value 5
85,10,Assign seriousness,2012-09-11 09:39:23.439853564+00:00,2012-09-11 09:39:23.439853564+00:00,400,Value 19
85,0,Take in charge ticket,2012-09-11 09:39:23.439853564+00:00,2012-09-11 09:39:23.439853564+00:00,401,Value 2
85,0,Resolve ticket,2012-09-11 09:39:23.439853564+00:00,2012-09-11 09:39:23.439853564+00:00,402,Value 2
85,5,Closed,2012-09-11 09:39:23.439853564+00:00,2012-09-11 09:39:23.439853564+00:00,403,Value 5
86,10,Assign seriousness,2012-09-11 09:41:15.860072451+00:00,2012-09-11 09:41:15.860072451+00:00,404,Value 19
86,11,Take in charge ticket,2012-09-11 09:41:15.860072451+00:00,2012-09-11 09:41:15.860072451+00:00,405,Value 9
86,11,Wait,2012-09-11 09:41:15.860072451+00:00,2012-09-11 09:41:15.860072451+00:00,406,Value 9
86,11,Take in charge ticket,2012-09-11 09:41:15.860072451+00:00,2012-09-11 09:41:15.860072451+00:00,407,Value 9
86,11,Resolve ticket,2012-09-11 09:41:15.860072451+00:00,2012-09-11 09:41:15.860072451+00:00,408,Value 9
86,5,Closed,2012-09-11 09:41:15.860072451+00:00,2012-09-11 09:41:15.860072451+00:00,409,Value 5
87,10,Assign seriousness,2012-09-11 11:47:07.283925271+00:00,2012-09-11 11:47:07.283925271+00:00,410,Value 19
87,0,Take in charge ticket,2012-09-11 11:47:07.283925271+00:00,2012-09-11 11:47:07.283925271+00:00,411,Value 2
87,0,Resolve ticket,2012-09-11 11:47:07.283925271+00:00,2012-09-11 11:47:07.283925271+00:00,412,Value 2
87,5,Closed,2012-09-11 11:47:07.283925271+00:00,2012-09-11 11:47:07.283925271+00:00,413,Value 5
88,10,Assign seriousness,2012-09-11 12:56:21.547816390+00:00,2012-09-11 12:56:21.547816390+00:00,414,Value 19
88,11,Take in charge ticket,2012-09-11 12:56:21.547816390+00:00,2012-09-11 12:56:21.547816390+00:00,415,Value 9
88,11,Wait,2012-09-11 12:56:21.547816390+00:00,2012-09-11 12:56:21.547816390+00:00,416,Value 9
88,14,Take in charge ticket,2012-09-11 12:56:21.547816390+00:00,2012-09-11 12:56:21.547816390+00:00,417,Value 8
88,14,Resolve ticket,2012-09-11 12:56:21.547816390+00:00,2012-09-11 12:56:21.547816390+00:00,418,Value 8
88,5,Closed,2012-09-11 12:56:21.547816390+00:00,2012-09-11 12:56:21.547816390+00:00,419,Value 5
89,10,Assign seriousness,2012-09-11 13:48:30.422536956+00:00,2012-09-11 13:48:30.422536956+00:00,420,Value 19
89,10,Take in charge ticket,2012-09-11 13:48:30.422536956+00:00,2012-09-11 13:48:30.422536956+00:00,421,Value 19
89,10,Resolve ticket,2012-09-11 13:48:30.422536956+00:00,2012-09-11 13:48:30.422536956+00:00,422,Value 19
89,5,Closed,2012-09-11 13:48:30.422536956+00:00,2012-09-11 13:48:30.422536956+00:00,423,Value 5
90,10,Assign seriousness,2012-09-12 04:01:43+00:00,2012-09-12 04:01:43+00:00,424,Value 19
90,11,Take in charge ticket,2012-09-12 04:01:43+00:00,2012-09-12 04:01:43+00:00,425,Value 9
90,11,Resolve ticket,2012-09-12 04:01:43+00:00,2012-09-12 04:01:43+00:00,426,Value 9
90,5,Closed,2012-09-12 04:01:43+00:00,2012-09-12 04:01:43+00:00,427,Value 5
91,10,Assign seriousness,2012-09-12 06:47:52.357378002+00:00,2012-09-12 06:47:52.357378002+00:00,428,Value 19
91,10,Take in charge ticket,2012-09-12 06:47:52.357378002+00:00,2012-09-12 06:47:52.357378002+00:00,429,Value 19
91,10,Wait,2012-09-12 06:47:52.357378002+00:00,2012-09-12 06:47:52.357378002+00:00,430,Value 19
91,10,Take in charge ticket,2012-09-12 06:47:52.357378002+00:00,2012-09-12 06:47:52.357378002+00:00,431,Value 19
91,10,Resolve ticket,2012-09-12 06:47:52.357378002+00:00,2012-09-12 06:47:52.357378002+00:00,432,Value 19
91,5,Closed,2012-09-12 06:47:52.357378002+00:00,2012-09-12 06:47:52.357378002+00:00,433,Value 5
92,10,Assign seriousness,2012-09-12 07:03:00.018523820+00:00,2012-09-12 07:03:00.018523820+00:00,434,Value 19
92,0,Take in charge ticket,2012-09-12 07:03:00.018523820+00:00,2012-09-12 07:03:00.018523820+00:00,435,Value 2
92,0,Wait,2012-09-12 07:03:00.018523820+00:00,2012-09-12 07:03:00.018523820+00:00,436,Value 2
92,0,Resolve ticket,2012-09-12 07:03:00.018523820+00:00,2012-09-12 07:03:00.018523820+00:00,437,Value 2
92,5,Closed,2012-09-12 07:03:00.018523820+00:00,2012-09-12 07:03:00.018523820+00:00,438,Value 5
93,10,Assign seriousness,2012-09-12 09:23:05.642091851+00:00,2012-09-12 09:23:05.642091851+00:00,439,Value 19
93,10,Take in charge ticket,2012-09-12 09:23:05.642091851+00:00,2012-09-12 09:23:05.642091851+00:00,440,Value 19
93,10,Resolve ticket,2012-09-12 09:23:05.642091851+00:00,2012-09-12 09:23:05.642091851+00:00,441,Value 19
93,5,Closed,2012-09-12 09:23:05.642091851+00:00,2012-09-12 09:23:05.642091851+00:00,442,Value 5
94,10,Assign seriousness,2012-09-12 11:01:30.294719457+00:00,2012-09-12 11:01:30.294719457+00:00,443,Value 19
94,0,Take in charge ticket,2012-09-12 11:01:30.294719457+00:00,2012-09-12 11:01:30.294719457+00:00,444,Value 2
94,9,Wait,2012-09-12 11:01:30.294719457+00:00,2012-09-12 11:01:30.294719457+00:00,445,Value 14
94,0,Take in charge ticket,2012-09-12 11:01:30.294719457+00:00,2012-09-12 11:01:30.294719457+00:00,446,Value 2
94,0,Resolve ticket,2012-09-12 11:01:30.294719457+00:00,2012-09-12 11:01:30.294719457+00:00,447,Value 2
94,5,Closed,2012-09-12 11:01:30.294719457+00:00,2012-09-12 11:01:30.294719457+00:00,448,Value 5
95,10,Assign seriousness,2012-09-12 11:02:11.496828426+00:00,2012-09-12 11:02:11.496828426+00:00,449,Value 19
95,10,Take in charge ticket,2012-09-12 11:02:11.496828426+00:00,2012-09-12 11:02:11.496828426+00:00,450,Value 19
95,10,Resolve ticket,2012-09-12 11:02:11.496828426+00:00,2012-09-12 11:02:11.496828426+00:00,451,Value 19
95,5,Closed,2012-09-12 11:02:11.496828426+00:00,2012-09-12 11:02:11.496828426+00:00,452,Value 5
96,10,Assign seriousness,2012-09-12 11:09:47.319556027+00:00,2012-09-12 11:09:47.319556027+00:00,453,Value 19
96,10,Take in charge ticket,2012-09-12 11:09:47.319556027+00:00,2012-09-12 11:09:47.319556027+00:00,454,Value 19
96,10,Resolve ticket,2012-09-12 11:09:47.319556027+00:00,2012-09-12 11:09:47.319556027+00:00,455,Value 19
96,5,Closed,2012-09-12 11:09:47.319556027+00:00,2012-09-12 11:09:47.319556027+00:00,456,Value 5
97,10,Assign seriousness,2012-09-12 11:14:22.587051218+00:00,2012-09-12 11:14:22.587051218+00:00,457,Value 19
97,0,Assign seriousness,2012-09-12 11:14:22.587051218+00:00,2012-09-12 11:14:22.587051218+00:00,458,Value 2
97,0,Take in charge ticket,2012-09-12 11:14:22.587051218+00:00,2012-09-12 11:14:22.587051218+00:00,459,Value 2
97,0,Resolve ticket,2012-09-12 11:14:22.587051218+00:00,2012-09-12 11:14:22.587051218+00:00,460,Value 2
97,5,Closed,2012-09-12 11:14:22.587051218+00:00,2012-09-12 11:14:22.587051218+00:00,461,Value 5
98,10,Assign seriousness,2012-09-12 11:41:40.124862917+00:00,2012-09-12 11:41:40.124862917+00:00,462,Value 19
98,0,Assign seriousness,2012-09-12 11:41:40.124862917+00:00,2012-09-12 11:41:40.124862917+00:00,463,Value 2
98,0,Take in charge ticket,2012-09-12 11:41:40.124862917+00:00,2012-09-12 11:41:40.124862917+00:00,464,Value 2
98,11,Wait,2012-09-12 11:41:40.124862917+00:00,2012-09-12 11:41:40.124862917+00:00,465,Value 9
98,11,Resolve ticket,2012-09-12 11:41:40.124862917+00:00,2012-09-12 11:41:40.124862917+00:00,466,Value 9
98,5,Closed,2012-09-12 11:41:40.124862917+00:00,2012-09-12 11:41:40.124862917+00:00,467,Value 5
99,10,Assign seriousness,2012-09-12 11:53:42.096062432+00:00,2012-09-12 11:53:42.096062432+00:00,468,Value 19
99,0,Assign seriousness,2012-09-12 11:53:42.096062432+00:00,2012-09-12 11:53:42.096062432+00:00,469,Value 2
99,0,Take in charge ticket,2012-09-12 11:53:42.096062432+00:00,2012-09-12 11:53:42.096062432+00:00,470,Value 2
99,0,Wait,2012-09-12 11:53:42.096062432+00:00,2012-09-12 11:53:42.096062432+00:00,471,Value 2
99,0,Take in charge ticket,2012-09-12 11:53:42.096062432+00:00,2012-09-12 11:53:42.096062432+00:00,472,Value 2
99,0,Resolve ticket,2012-09-12 11:53:42.096062432+00:00,2012-09-12 11:53:42.096062432+00:00,473,Value 2
99,5,Closed,2012-09-12 11:53:42.096062432+00:00,2012-09-12 11:53:42.096062432+00:00,474,Value 5
100,10,Assign seriousness,2012-09-12 11:57:36.936807816+00:00,2012-09-12 11:57:36.936807816+00:00,475,Value 19
100,0,Assign seriousness,2012-09-12 11:57:36.936807816+00:00,2012-09-12 11:57:36.936807816+00:00,476,Value 2
100,0,Resolve ticket,2012-09-12 11:57:36.936807816+00:00,2012-09-12 11:57:36.936807816+00:00,477,Value 2
100,5,Closed,2012-09-12 11:57:36.936807816+00:00,2012-09-12 11:57:36.936807816+00:00,478,Value 5
101,10,Assign seriousness,2012-09-12 12:16:12.043506993+00:00,2012-09-12 12:16:12.043506993+00:00,479,Value 19
101,11,Take in charge ticket,2012-09-12 12:16:12.043506993+00:00,2012-09-12 12:16:12.043506993+00:00,480,Value 9
101,11,Resolve ticket,2012-09-12 12:16:12.043506993+00:00,2012-09-12 12:16:12.043506993+00:00,481,Value 9
101,5,Closed,2012-09-12 12:16:12.043506993+00:00,2012-09-12 12:16:12.043506993+00:00,482,Value 5
102,10,Assign seriousness,2012-09-12 13:32:24.391725194+00:00,2012-09-12 13:32:24.391725194+00:00,483,Value 19
102,0,Take in charge ticket,2012-09-12 13:32:24.391725194+00:00,2012-09-12 13:32:24.391725194+00:00,484,Value 2
102,0,Resolve ticket,2012-09-12 13:32:24.391725194+00:00,2012-09-12 13:32:24.391725194+00:00,485,Value 2
102,5,Closed,2012-09-12 13:32:24.391725194+00:00,2012-09-12 13:32:24.391725194+00:00,486,Value 5
103,10,Insert ticket,2012-09-12 13:50:27.979626470+00:00,2012-09-12 13:50:27.979626470+00:00,487,Value 19
103,10,Assign seriousness,2012-09-12 13:50:27.979626470+00:00,2012-09-12 13:50:27.979626470+00:00,488,Value 19
103,11,Take in charge ticket,2012-09-12 13:50:27.979626470+00:00,2012-09-12 13:50:27.979626470+00:00,489,Value 9
103,11,Resolve ticket,2012-09-12 13:50:27.979626470+00:00,2012-09-12 13:50:27.979626470+00:00,490,Value 9
103,5,Closed,2012-09-12 13:50:27.979626470+00:00,2012-09-12 13:50:27.979626470+00:00,491,Value 5
104,10,Assign seriousness,2012-09-12 14:15:36.602623138+00:00,2012-09-12 14:15:36.602623138+00:00,492,Value 19
104,0,Take in charge ticket,2012-09-12 14:15:36.602623138+00:00,2012-09-12 14:15:36.602623138+00:00,493,Value 2
104,0,Resolve ticket,2012-09-12 14:15:36.602623138+00:00,2012-09-12 14:15:36.602623138+00:00,494,Value 2
104,5,Closed,2012-09-12 14:15:36.602623138+00:00,2012-09-12 14:15:36.602623138+00:00,495,Value 5
105,10,Assign seriousness,2012-09-12 15:28:17.694940152+00:00,2012-09-12 15:28:17.694940152+00:00,496,Value 19
105,10,Take in charge ticket,2012-09-12 15:28:17.694940152+00:00,2012-09-12 15:28:17.694940152+00:00,497,Value 19
105,10,Resolve ticket,2012-09-12 15:28:17.694940152+00:00,2012-09-12 15:28:17.694940152+00:00,498,Value 19
105,5,Closed,2012-09-12 15:28:17.694940152+00:00,2012-09-12 15:28:17.694940152+00:00,499,Value 5
106,12,Assign seriousness,2012-09-13 04:02:16+00:00,2012-09-13 04:02:16+00:00,500,Value 7
106,0,Take in charge ticket,2012-09-13 04:02:16+00:00,2012-09-13 04:02:16+00:00,501,Value 2
106,0,Resolve ticket,2012-09-13 04:02:16+00:00,2012-09-13 04:02:16+00:00,502,Value 2
106,5,Closed,2012-09-13 04:02:16+00:00,2012-09-13 04:02:16+00:00,503,Value 5
107,12,Assign seriousness,2012-09-13 04:41:34.794248465+00:00,2012-09-13 04:41:34.794248465+00:00,504,Value 7
107,12,Take in charge ticket,2012-09-13 04:41:34.794248465+00:00,2012-09-13 04:41:34.794248465+00:00,505,Value 7
107,12,Resolve ticket,2012-09-13 04:41:34.794248465+00:00,2012-09-13 04:41:34.794248465+00:00,506,Value 7
107,5,Closed,2012-09-13 04:41:34.794248465+00:00,2012-09-13 04:41:34.794248465+00:00,507,Value 5
108,12,Assign seriousness,2012-09-13 07:36:33.681823718+00:00,2012-09-13 07:36:33.681823718+00:00,508,Value 7
108,12,Take in charge ticket,2012-09-13 07:36:33.681823718+00:00,2012-09-13 07:36:33.681823718+00:00,509,Value 7
108,12,Resolve ticket,2012-09-13 07:36:33.681823718+00:00,2012-09-13 07:36:33.681823718+00:00,510,Value 7
108,5,Closed,2012-09-13 07:36:33.681823718+00:00,2012-09-13 07:36:33.681823718+00:00,511,Value 5
109,12,Assign seriousness,2012-09-13 12:39:13.397482637+00:00,2012-09-13 12:39:13.397482637+00:00,512,Value 7
109,0,Assign seriousness,2012-09-13 12:39:13.397482637+00:00,2012-09-13 12:39:13.397482637+00:00,513,Value 2
109,0,Take in charge ticket,2012-09-13 12:39:13.397482637+00:00,2012-09-13 12:39:13.397482637+00:00,514,Value 2
109,0,Resolve ticket,2012-09-13 12:39:13.397482637+00:00,2012-09-13 12:39:13.397482637+00:00,515,Value 2
109,5,Closed,2012-09-13 12:39:13.397482637+00:00,2012-09-13 12:39:13.397482637+00:00,516,Value 5
110,12,Assign seriousness,2012-09-13 14:11:52.642246365+00:00,2012-09-13 14:11:52.642246365+00:00,517,Value 7
110,0,Take in charge ticket,2012-09-13 14:11:52.642246365+00:00,2012-09-13 14:11:52.642246365+00:00,518,Value 2
110,0,Resolve ticket,2012-09-13 14:11:52.642246365+00:00,2012-09-13 14:11:52.642246365+00:00,519,Value 2
110,5,Closed,2012-09-13 14:11:52.642246365+00:00,2012-09-13 14:11:52.642246365+00:00,520,Value 5
111,12,Assign seriousness,2012-09-13 14:13:57.373268065+00:00,2012-09-13 14:13:57.373268065+00:00,521,Value 7
111,11,Take in charge ticket,2012-09-13 14:13:57.373268065+00:00,2012-09-13 14:13:57.373268065+00:00,522,Value 9
111,7,Wait,2012-09-13 14:13:57.373268065+00:00,2012-09-13 14:13:57.373268065+00:00,523,Value 12
111,3,Take in charge ticket,2012-09-13 14:13:57.373268065+00:00,2012-09-13 14:13:57.373268065+00:00,524,Value 16
111,3,Take in charge ticket,2012-09-13 14:13:57.373268065+00:00,2012-09-13 14:13:57.373268065+00:00,525,Value 16
111,3,Resolve ticket,2012-09-13 14:13:57.373268065+00:00,2012-09-13 14:13:57.373268065+00:00,526,Value 16
111,5,Closed,2012-09-13 14:13:57.373268065+00:00,2012-09-13 14:13:57.373268065+00:00,527,Value 5
112,12,Assign seriousness,2012-09-13 14:14:54.850173805+00:00,2012-09-13 14:14:54.850173805+00:00,528,Value 7
112,0,Take in charge ticket,2012-09-13 14:14:54.850173805+00:00,2012-09-13 14:14:54.850173805+00:00,529,Value 2
112,0,Resolve ticket,2012-09-13 14:14:54.850173805+00:00,2012-09-13 14:14:54.850173805+00:00,530,Value 2
112,5,Closed,2012-09-13 14:14:54.850173805+00:00,2012-09-13 14:14:54.850173805+00:00,531,Value 5
113,12,Assign seriousness,2012-09-13 14:21:48.221378735+00:00,2012-09-13 14:21:48.221378735+00:00,532,Value 7
113,0,Take in charge ticket,2012-09-13 14:21:48.221378735+00:00,2012-09-13 14:21:48.221378735+00:00,533,Value 2
113,0,Resolve ticket,2012-09-13 14:21:48.221378735+00:00,2012-09-13 14:21:48.221378735+00:00,534,Value 2
113,5,Closed,2012-09-13 14:21:48.221378735+00:00,2012-09-13 14:21:48.221378735+00:00,535,Value 5
114,12,Assign seriousness,2012-09-14 04:00:00+00:00,2012-09-14 04:00:00+00:00,538,Value 7
115,12,Assign seriousness,2012-09-14 04:00:00+00:00,2012-09-14 04:00:00+00:00,540,Value 7
114,12,Take in charge ticket,2012-09-14 04:00:00+00:00,2012-09-14 04:00:00+00:00,541,Value 7
116,12,Assign seriousness,2012-09-14 04:00:00+00:00,2012-09-14 04:00:00+00:00,542,Value 7
115,12,Take in charge ticket,2012-09-14 04:00:00+00:00,2012-09-14 04:00:00+00:00,543,Value 7
114,12,Resolve ticket,2012-09-14 04:00:00+00:00,2012-09-14 04:00:00+00:00,544,Value 7
116,12,Take in charge ticket,2012-09-14 04:00:00+00:00,2012-09-14 04:00:00+00:00,545,Value 7
115,12,Wait,2012-09-14 04:00:00+00:00,2012-09-14 04:00:00+00:00,546,Value 7
114,5,Closed,2012-09-14 04:00:00+00:00,2012-09-14 04:00:00+00:00,547,Value 5
116,12,Resolve ticket,2012-09-14 04:00:00+00:00,2012-09-14 04:00:00+00:00,548,Value 7
115,0,Take in charge ticket,2012-09-14 04:00:00+00:00,2012-09-14 04:00:00+00:00,549,Value 2
116,5,Closed,2012-09-14 04:00:00+00:00,2012-09-14 04:00:00+00:00,550,Value 5
115,0,Resolve ticket,2012-09-14 04:00:00+00:00,2012-09-14 04:00:00+00:00,551,Value 2
115,5,Closed,2012-09-14 04:00:00+00:00,2012-09-14 04:00:00+00:00,552,Value 5
117,12,Assign seriousness,2012-09-14 04:26:18.204859964+00:00,2012-09-14 04:26:18.204859964+00:00,553,Value 7
117,0,Take in charge ticket,2012-09-14 04:26:18.204859964+00:00,2012-09-14 04:26:18.204859964+00:00,554,Value 2
117,0,Resolve ticket,2012-09-14 04:26:18.204859964+00:00,2012-09-14 04:26:18.204859964+00:00,555,Value 2
117,5,Closed,2012-09-14 04:26:18.204859964+00:00,2012-09-14 04:26:18.204859964+00:00,556,Value 5
118,12,Assign seriousness,2012-09-14 05:13:09.586667002+00:00,2012-09-14 05:13:09.586667002+00:00,557,Value 7
118,2,Take in charge ticket,2012-09-14 05:13:09.586667002+00:00,2012-09-14 05:13:09.586667002+00:00,558,Value 11
118,2,Resolve ticket,2012-09-14 05:13:09.586667002+00:00,2012-09-14 05:13:09.586667002+00:00,559,Value 11
118,5,Closed,2012-09-14 05:13:09.586667002+00:00,2012-09-14 05:13:09.586667002+00:00,560,Value 5
119,12,Insert ticket,2012-09-14 06:55:52.812807783+00:00,2012-09-14 06:55:52.812807783+00:00,561,Value 7
119,12,Assign seriousness,2012-09-14 06:55:52.812807783+00:00,2012-09-14 06:55:52.812807783+00:00,562,Value 7
119,12,Take in charge ticket,2012-09-14 06:55:52.812807783+00:00,2012-09-14 06:55:52.812807783+00:00,563,Value 7
119,12,Resolve ticket,2012-09-14 06:55:52.812807783+00:00,2012-09-14 06:55:52.812807783+00:00,564,Value 7
119,11,Take in charge ticket,2012-09-14 06:55:52.812807783+00:00,2012-09-14 06:55:52.812807783+00:00,565,Value 9
119,11,Wait,2012-09-14 06:55:52.812807783+00:00,2012-09-14 06:55:52.812807783+00:00,566,Value 9
119,11,Resolve ticket,2012-09-14 06:55:52.812807783+00:00,2012-09-14 06:55:52.812807783+00:00,567,Value 9
119,5,Closed,2012-09-14 06:55:52.812807783+00:00,2012-09-14 06:55:52.812807783+00:00,568,Value 5
120,12,Assign seriousness,2012-09-14 07:13:17.925762307+00:00,2012-09-14 07:13:17.925762307+00:00,569,Value 7
120,0,Take in charge ticket,2012-09-14 07:13:17.925762307+00:00,2012-09-14 07:13:17.925762307+00:00,570,Value 2
120,0,Resolve ticket,2012-09-14 07:13:17.925762307+00:00,2012-09-14 07:13:17.925762307+00:00,571,Value 2
120,5,Closed,2012-09-14 07:13:17.925762307+00:00,2012-09-14 07:13:17.925762307+00:00,572,Value 5
121,12,Assign seriousness,2012-09-14 08:04:24.276952124+00:00,2012-09-14 08:04:24.276952124+00:00,573,Value 7
121,0,Assign seriousness,2012-09-14 08:04:24.276952124+00:00,2012-09-14 08:04:24.276952124+00:00,574,Value 2
121,0,Take in charge ticket,2012-09-14 08:04:24.276952124+00:00,2012-09-14 08:04:24.276952124+00:00,575,Value 2
121,0,Resolve ticket,2012-09-14 08:04:24.276952124+00:00,2012-09-14 08:04:24.276952124+00:00,576,Value 2
121,5,Closed,2012-09-14 08:04:24.276952124+00:00,2012-09-14 08:04:24.276952124+00:00,577,Value 5
122,12,Assign seriousness,2012-09-14 10:24:17.094966290+00:00,2012-09-14 10:24:17.094966290+00:00,578,Value 7
122,0,Assign seriousness,2012-09-14 10:24:17.094966290+00:00,2012-09-14 10:24:17.094966290+00:00,579,Value 2
122,0,Take in charge ticket,2012-09-14 10:24:17.094966290+00:00,2012-09-14 10:24:17.094966290+00:00,580,Value 2
122,0,Resolve ticket,2012-09-14 10:24:17.094966290+00:00,2012-09-14 10:24:17.094966290+00:00,581,Value 2
122,5,Closed,2012-09-14 10:24:17.094966290+00:00,2012-09-14 10:24:17.094966290+00:00,582,Value 5
123,12,Assign seriousness,2012-09-14 10:55:01.404920223+00:00,2012-09-14 10:55:01.404920223+00:00,583,Value 7
123,12,Wait,2012-09-14 10:55:01.404920223+00:00,2012-09-14 10:55:01.404920223+00:00,584,Value 7
123,0,Take in charge ticket,2012-09-14 10:55:01.404920223+00:00,2012-09-14 10:55:01.404920223+00:00,585,Value 2
123,0,Resolve ticket,2012-09-14 10:55:01.404920223+00:00,2012-09-14 10:55:01.404920223+00:00,586,Value 2
123,5,Closed,2012-09-14 10:55:01.404920223+00:00,2012-09-14 10:55:01.404920223+00:00,587,Value 5
124,12,Assign seriousness,2012-09-14 11:26:47.893900797+00:00,2012-09-14 11:26:47.893900797+00:00,588,Value 7
124,12,Take in charge ticket,2012-09-14 11:26:47.893900797+00:00,2012-09-14 11:26:47.893900797+00:00,589,Value 7
124,12,Wait,2012-09-14 11:26:47.893900797+00:00,2012-09-14 11:26:47.893900797+00:00,590,Value 7
124,12,Take in charge ticket,2012-09-14 11:26:47.893900797+00:00,2012-09-14 11:26:47.893900797+00:00,591,Value 7
124,12,Resolve ticket,2012-09-14 11:26:47.893900797+00:00,2012-09-14 11:26:47.893900797+00:00,592,Value 7
124,5,Closed,2012-09-14 11:26:47.893900797+00:00,2012-09-14 11:26:47.893900797+00:00,593,Value 5
125,12,Assign seriousness,2012-09-14 12:41:57.208635821+00:00,2012-09-14 12:41:57.208635821+00:00,594,Value 7
125,12,Take in charge ticket,2012-09-14 12:41:57.208635821+00:00,2012-09-14 12:41:57.208635821+00:00,595,Value 7
125,12,Resolve ticket,2012-09-14 12:41:57.208635821+00:00,2012-09-14 12:41:57.208635821+00:00,596,Value 7
125,5,Closed,2012-09-14 12:41:57.208635821+00:00,2012-09-14 12:41:57.208635821+00:00,597,Value 5
126,5,Assign seriousness,2012-09-15 13:17:27+00:00,2012-09-15 13:17:27+00:00,598,Value 5
126,0,Take in charge ticket,2012-09-17 03:00:00+00:00,2012-09-17 03:00:00+00:00,600,Value 2
126,0,Resolve ticket,2012-09-17 03:00:00+00:00,2012-09-17 03:00:00+00:00,601,Value 2
126,5,Closed,2012-09-17 06:00:00+00:00,2012-09-17 06:00:00+00:00,602,Value 5
127,12,Assign seriousness,2012-09-17 04:00:49+00:00,2012-09-17 04:00:49+00:00,603,Value 7
127,12,Take in charge ticket,2012-09-17 04:00:49+00:00,2012-09-17 04:00:49+00:00,604,Value 7
127,12,Resolve ticket,2012-09-17 04:00:49+00:00,2012-09-17 04:00:49+00:00,605,Value 7
127,5,Closed,2012-09-17 06:00:00+00:00,2012-09-17 06:00:00+00:00,607,Value 5
128,12,Assign seriousness,2012-09-17 07:04:43.226456166+00:00,2012-09-17 07:04:43.226456166+00:00,608,Value 7
128,12,Take in charge ticket,2012-09-17 07:04:43.226456166+00:00,2012-09-17 07:04:43.226456166+00:00,609,Value 7
128,12,Resolve ticket,2012-09-17 07:04:43.226456166+00:00,2012-09-17 07:04:43.226456166+00:00,610,Value 7
128,5,Closed,2012-09-17 07:04:43.226456166+00:00,2012-09-17 07:04:43.226456166+00:00,611,Value 5
129,12,Assign seriousness,2012-09-17 09:50:31.382261196+00:00,2012-09-17 09:50:31.382261196+00:00,612,Value 7
129,9,Take in charge ticket,2012-09-17 09:50:31.382261196+00:00,2012-09-17 09:50:31.382261196+00:00,613,Value 14
129,9,Resolve ticket,2012-09-17 09:50:31.382261196+00:00,2012-09-17 09:50:31.382261196+00:00,614,Value 14
129,5,Closed,2012-09-17 09:50:31.382261196+00:00,2012-09-17 09:50:31.382261196+00:00,615,Value 5
130,12,Assign seriousness,2012-09-17 09:51:25.745182349+00:00,2012-09-17 09:51:25.745182349+00:00,616,Value 7
130,11,Take in charge ticket,2012-09-17 09:51:25.745182349+00:00,2012-09-17 09:51:25.745182349+00:00,617,Value 9
130,0,Resolve ticket,2012-09-17 09:51:25.745182349+00:00,2012-09-17 09:51:25.745182349+00:00,618,Value 2
130,5,Closed,2012-09-17 09:51:25.745182349+00:00,2012-09-17 09:51:25.745182349+00:00,619,Value 5
131,12,Assign seriousness,2012-09-17 09:53:15.083614726+00:00,2012-09-17 09:53:15.083614726+00:00,620,Value 7
131,11,Take in charge ticket,2012-09-17 09:53:15.083614726+00:00,2012-09-17 09:53:15.083614726+00:00,621,Value 9
131,11,Resolve ticket,2012-09-17 09:53:15.083614726+00:00,2012-09-17 09:53:15.083614726+00:00,622,Value 9
131,5,Closed,2012-09-17 09:53:15.083614726+00:00,2012-09-17 09:53:15.083614726+00:00,623,Value 5
132,12,Assign seriousness,2012-09-17 10:48:55.763939802+00:00,2012-09-17 10:48:55.763939802+00:00,624,Value 7
132,0,Take in charge ticket,2012-09-17 10:48:55.763939802+00:00,2012-09-17 10:48:55.763939802+00:00,625,Value 2
132,0,Resolve ticket,2012-09-17 10:48:55.763939802+00:00,2012-09-17 10:48:55.763939802+00:00,626,Value 2
132,5,Closed,2012-09-17 10:48:55.763939802+00:00,2012-09-17 10:48:55.763939802+00:00,627,Value 5
133,12,Assign seriousness,2012-09-17 12:00:38.642873534+00:00,2012-09-17 12:00:38.642873534+00:00,628,Value 7
133,12,Take in charge ticket,2012-09-17 12:00:38.642873534+00:00,2012-09-17 12:00:38.642873534+00:00,629,Value 7
133,9,Resolve ticket,2012-09-17 12:00:38.642873534+00:00,2012-09-17 12:00:38.642873534+00:00,630,Value 14
133,5,Closed,2012-09-17 12:00:38.642873534+00:00,2012-09-17 12:00:38.642873534+00:00,631,Value 5
134,12,Assign seriousness,2012-09-17 13:49:38.486374446+00:00,2012-09-17 13:49:38.486374446+00:00,632,Value 7
134,2,Take in charge ticket,2012-09-17 13:49:38.486374446+00:00,2012-09-17 13:49:38.486374446+00:00,633,Value 11
134,2,Resolve ticket,2012-09-17 13:49:38.486374446+00:00,2012-09-17 13:49:38.486374446+00:00,634,Value 11
134,5,Closed,2012-09-17 13:49:38.486374446+00:00,2012-09-17 13:49:38.486374446+00:00,635,Value 5
135,12,Assign seriousness,2012-09-17 13:49:38.579889440+00:00,2012-09-17 13:49:38.579889440+00:00,636,Value 7
135,2,Take in charge ticket,2012-09-17 13:49:38.579889440+00:00,2012-09-17 13:49:38.579889440+00:00,637,Value 11
135,2,Resolve ticket,2012-09-17 13:49:38.579889440+00:00,2012-09-17 13:49:38.579889440+00:00,638,Value 11
135,5,Closed,2012-09-17 13:49:38.579889440+00:00,2012-09-17 13:49:38.579889440+00:00,639,Value 5
136,12,Assign seriousness,2012-09-17 14:09:36.824106775+00:00,2012-09-17 14:09:36.824106775+00:00,640,Value 7
136,2,Take in charge ticket,2012-09-17 14:09:36.824106775+00:00,2012-09-17 14:09:36.824106775+00:00,641,Value 11
136,2,Resolve ticket,2012-09-17 14:09:36.824106775+00:00,2012-09-17 14:09:36.824106775+00:00,642,Value 11
136,5,Closed,2012-09-17 14:09:36.824106775+00:00,2012-09-17 14:09:36.824106775+00:00,643,Value 5
137,12,Assign seriousness,2012-09-17 14:51:39.276120851+00:00,2012-09-17 14:51:39.276120851+00:00,644,Value 7
137,13,Take in charge ticket,2012-09-17 14:51:39.276120851+00:00,2012-09-17 14:51:39.276120851+00:00,645,Value 17
137,13,Resolve ticket,2012-09-17 14:51:39.276120851+00:00,2012-09-17 14:51:39.276120851+00:00,646,Value 17
137,5,Closed,2012-09-17 14:51:39.276120851+00:00,2012-09-17 14:51:39.276120851+00:00,647,Value 5
138,12,Assign seriousness,2012-09-17 14:51:44.168853787+00:00,2012-09-17 14:51:44.168853787+00:00,648,Value 7
138,3,Take in charge ticket,2012-09-17 14:51:44.168853787+00:00,2012-09-17 14:51:44.168853787+00:00,649,Value 16
138,3,Resolve ticket,2012-09-17 14:51:44.168853787+00:00,2012-09-17 14:51:44.168853787+00:00,650,Value 16
138,3,Resolve ticket,2012-09-17 14:51:44.168853787+00:00,2012-09-17 14:51:44.168853787+00:00,651,Value 16
138,3,Resolve ticket,2012-09-17 14:51:44.168853787+00:00,2012-09-17 14:51:44.168853787+00:00,652,Value 16
138,5,Closed,2012-09-17 14:51:44.168853787+00:00,2012-09-17 14:51:44.168853787+00:00,653,Value 5
139,12,Assign seriousness,2012-09-18 04:00:00+00:00,2012-09-18 04:00:00+00:00,655,Value 7
139,12,Take in charge ticket,2012-09-18 04:00:00+00:00,2012-09-18 04:00:00+00:00,656,Value 7
139,12,Resolve ticket,2012-09-18 04:00:00+00:00,2012-09-18 04:00:00+00:00,657,Value 7
139,5,Closed,2012-09-18 04:00:00+00:00,2012-09-18 04:00:00+00:00,658,Value 5
140,12,Assign seriousness,2012-09-18 04:02:50.394682392+00:00,2012-09-18 04:02:50.394682392+00:00,659,Value 7
140,2,Take in charge ticket,2012-09-18 04:02:50.394682392+00:00,2012-09-18 04:02:50.394682392+00:00,660,Value 11
140,2,Resolve ticket,2012-09-18 04:02:50.394682392+00:00,2012-09-18 04:02:50.394682392+00:00,661,Value 11
140,5,Closed,2012-09-18 04:02:50.394682392+00:00,2012-09-18 04:02:50.394682392+00:00,662,Value 5
141,12,Assign seriousness,2012-09-18 04:21:45.837469926+00:00,2012-09-18 04:21:45.837469926+00:00,663,Value 7
141,12,Take in charge ticket,2012-09-18 04:21:45.837469926+00:00,2012-09-18 04:21:45.837469926+00:00,664,Value 7
141,12,Resolve ticket,2012-09-18 04:21:45.837469926+00:00,2012-09-18 04:21:45.837469926+00:00,665,Value 7
141,5,Closed,2012-09-18 04:21:45.837469926+00:00,2012-09-18 04:21:45.837469926+00:00,666,Value 5
142,12,Assign seriousness,2012-09-18 07:43:06.573819948+00:00,2012-09-18 07:43:06.573819948+00:00,667,Value 7
142,0,Take in charge ticket,2012-09-18 07:43:06.573819948+00:00,2012-09-18 07:43:06.573819948+00:00,668,Value 2
142,0,Resolve ticket,2012-09-18 07:43:06.573819948+00:00,2012-09-18 07:43:06.573819948+00:00,669,Value 2
142,5,Closed,2012-09-18 07:43:06.573819948+00:00,2012-09-18 07:43:06.573819948+00:00,670,Value 5
143,12,Assign seriousness,2012-09-18 09:13:28.628695778+00:00,2012-09-18 09:13:28.628695778+00:00,671,Value 7
143,12,Take in charge ticket,2012-09-18 09:13:28.628695778+00:00,2012-09-18 09:13:28.628695778+00:00,672,Value 7
143,12,Resolve ticket,2012-09-18 09:13:28.628695778+00:00,2012-09-18 09:13:28.628695778+00:00,673,Value 7
143,0,Resolve ticket,2012-09-18 09:13:28.628695778+00:00,2012-09-18 09:13:28.628695778+00:00,674,Value 2
143,5,Closed,2012-09-18 09:13:28.628695778+00:00,2012-09-18 09:13:28.628695778+00:00,675,Value 5
144,12,Assign seriousness,2012-09-18 09:21:58.956737414+00:00,2012-09-18 09:21:58.956737414+00:00,676,Value 7
144,12,Take in charge ticket,2012-09-18 09:21:58.956737414+00:00,2012-09-18 09:21:58.956737414+00:00,677,Value 7
144,12,Resolve ticket,2012-09-18 09:21:58.956737414+00:00,2012-09-18 09:21:58.956737414+00:00,678,Value 7
144,5,Closed,2012-09-18 09:21:58.956737414+00:00,2012-09-18 09:21:58.956737414+00:00,679,Value 5
145,12,Insert ticket,2012-09-18 09:24:53.840917552+00:00,2012-09-18 09:24:53.840917552+00:00,680,Value 7
145,12,Assign seriousness,2012-09-18 09:24:53.840917552+00:00,2012-09-18 09:24:53.840917552+00:00,681,Value 7
145,12,Assign seriousness,2012-09-18 09:24:53.840917552+00:00,2012-09-18 09:24:53.840917552+00:00,682,Value 7
145,12,Assign seriousness,2012-09-18 09:24:53.840917552+00:00,2012-09-18 09:24:53.840917552+00:00,683,Value 7
145,0,Take in charge ticket,2012-09-18 09:24:53.840917552+00:00,2012-09-18 09:24:53.840917552+00:00,684,Value 2
145,0,Resolve ticket,2012-09-18 09:24:53.840917552+00:00,2012-09-18 09:24:53.840917552+00:00,685,Value 2
145,5,Closed,2012-09-18 09:24:53.840917552+00:00,2012-09-18 09:24:53.840917552+00:00,686,Value 5
146,12,Assign seriousness,2012-09-18 09:45:57.684594406+00:00,2012-09-18 09:45:57.684594406+00:00,687,Value 7
146,12,Assign seriousness,2012-09-18 09:45:57.684594406+00:00,2012-09-18 09:45:57.684594406+00:00,688,Value 7
146,12,Take in charge ticket,2012-09-18 09:45:57.684594406+00:00,2012-09-18 09:45:57.684594406+00:00,689,Value 7
146,12,Resolve ticket,2012-09-18 09:45:57.684594406+00:00,2012-09-18 09:45:57.684594406+00:00,690,Value 7
146,5,Closed,2012-09-18 09:45:57.684594406+00:00,2012-09-18 09:45:57.684594406+00:00,691,Value 5
147,12,Assign seriousness,2012-09-18 13:24:09.572306034+00:00,2012-09-18 13:24:09.572306034+00:00,692,Value 7
147,12,Take in charge ticket,2012-09-18 13:24:09.572306034+00:00,2012-09-18 13:24:09.572306034+00:00,693,Value 7
147,12,Resolve ticket,2012-09-18 13:24:09.572306034+00:00,2012-09-18 13:24:09.572306034+00:00,694,Value 7
147,0,Take in charge ticket,2012-09-18 13:24:09.572306034+00:00,2012-09-18 13:24:09.572306034+00:00,695,Value 2
147,0,Resolve ticket,2012-09-18 13:24:09.572306034+00:00,2012-09-18 13:24:09.572306034+00:00,696,Value 2
147,5,Closed,2012-09-18 13:24:09.572306034+00:00,2012-09-18 13:24:09.572306034+00:00,697,Value 5
148,12,Assign seriousness,2012-09-19 04:01:43+00:00,2012-09-19 04:01:43+00:00,698,Value 7
148,0,Assign seriousness,2012-09-19 04:01:43+00:00,2012-09-19 04:01:43+00:00,699,Value 2
148,0,Take in charge ticket,2012-09-19 04:01:43+00:00,2012-09-19 04:01:43+00:00,700,Value 2
148,0,Resolve ticket,2012-09-19 04:01:43+00:00,2012-09-19 04:01:43+00:00,701,Value 2
148,5,Closed,2012-09-19 04:01:43+00:00,2012-09-19 04:01:43+00:00,702,Value 5
149,12,Assign seriousness,2012-09-19 04:53:51.877132894+00:00,2012-09-19 04:53:51.877132894+00:00,703,Value 7
149,12,Assign seriousness,2012-09-19 04:53:51.877132894+00:00,2012-09-19 04:53:51.877132894+00:00,704,Value 7
149,0,Take in charge ticket,2012-09-19 04:53:51.877132894+00:00,2012-09-19 04:53:51.877132894+00:00,705,Value 2
149,0,Resolve ticket,2012-09-19 04:53:51.877132894+00:00,2012-09-19 04:53:51.877132894+00:00,706,Value 2
149,5,Closed,2012-09-19 04:53:51.877132894+00:00,2012-09-19 04:53:51.877132894+00:00,707,Value 5
150,12,Assign seriousness,2012-09-19 08:17:00.808834783+00:00,2012-09-19 08:17:00.808834783+00:00,708,Value 7
150,12,Assign seriousness,2012-09-19 08:17:00.808834783+00:00,2012-09-19 08:17:00.808834783+00:00,709,Value 7
150,0,Take in charge ticket,2012-09-19 08:17:00.808834783+00:00,2012-09-19 08:17:00.808834783+00:00,710,Value 2
150,0,Resolve ticket,2012-09-19 08:17:00.808834783+00:00,2012-09-19 08:17:00.808834783+00:00,711,Value 2
150,0,Take in charge ticket,2012-09-19 08:17:00.808834783+00:00,2012-09-19 08:17:00.808834783+00:00,712,Value 2
150,0,Create SW anomaly,2012-09-19 08:17:00.808834783+00:00,2012-09-19 08:17:00.808834783+00:00,713,Value 2
150,0,Resolve ticket,2012-09-19 08:17:00.808834783+00:00,2012-09-19 08:17:00.808834783+00:00,714,Value 2
150,0,Take in charge ticket,2012-09-19 08:17:00.808834783+00:00,2012-09-19 08:17:00.808834783+00:00,715,Value 2
150,0,Create SW anomaly,2012-09-19 08:17:00.808834783+00:00,2012-09-19 08:17:00.808834783+00:00,716,Value 2
150,0,Resolve ticket,2012-09-19 08:17:00.808834783+00:00,2012-09-19 08:17:00.808834783+00:00,717,Value 2
150,5,Closed,2012-09-19 08:17:00.808834783+00:00,2012-09-19 08:17:00.808834783+00:00,718,Value 5
151,12,Assign seriousness,2012-09-19 08:48:16.012253059+00:00,2012-09-19 08:48:16.012253059+00:00,719,Value 7
151,12,Take in charge ticket,2012-09-19 08:48:16.012253059+00:00,2012-09-19 08:48:16.012253059+00:00,720,Value 7
151,12,Resolve ticket,2012-09-19 08:48:16.012253059+00:00,2012-09-19 08:48:16.012253059+00:00,721,Value 7
151,5,Closed,2012-09-19 08:48:16.012253059+00:00,2012-09-19 08:48:16.012253059+00:00,722,Value 5
152,12,Assign seriousness,2012-09-19 09:55:03.833076859+00:00,2012-09-19 09:55:03.833076859+00:00,723,Value 7
152,0,Take in charge ticket,2012-09-19 09:55:03.833076859+00:00,2012-09-19 09:55:03.833076859+00:00,724,Value 2
152,0,Resolve ticket,2012-09-19 09:55:03.833076859+00:00,2012-09-19 09:55:03.833076859+00:00,725,Value 2
152,5,Closed,2012-09-19 09:55:03.833076859+00:00,2012-09-19 09:55:03.833076859+00:00,726,Value 5
153,12,Assign seriousness,2012-09-19 10:44:21.243186875+00:00,2012-09-19 10:44:21.243186875+00:00,727,Value 7
153,0,Take in charge ticket,2012-09-19 10:44:21.243186875+00:00,2012-09-19 10:44:21.243186875+00:00,728,Value 2
153,0,Resolve ticket,2012-09-19 10:44:21.243186875+00:00,2012-09-19 10:44:21.243186875+00:00,729,Value 2
153,5,Closed,2012-09-19 10:44:21.243186875+00:00,2012-09-19 10:44:21.243186875+00:00,730,Value 5
154,13,Take in charge ticket,2012-09-19 12:35:09.671008260+00:00,2012-09-19 12:35:09.671008260+00:00,731,Value 17
154,13,Resolve ticket,2012-09-19 12:35:09.671008260+00:00,2012-09-19 12:35:09.671008260+00:00,732,Value 17
154,5,Closed,2012-09-19 12:35:09.671008260+00:00,2012-09-19 12:35:09.671008260+00:00,733,Value 5
155,12,Assign seriousness,2012-09-19 12:59:55.011863125+00:00,2012-09-19 12:59:55.011863125+00:00,734,Value 7
155,0,Take in charge ticket,2012-09-19 12:59:55.011863125+00:00,2012-09-19 12:59:55.011863125+00:00,735,Value 2
155,6,Resolve ticket,2012-09-19 12:59:55.011863125+00:00,2012-09-19 12:59:55.011863125+00:00,736,Value 10
155,6,Take in charge ticket,2012-09-19 12:59:55.011863125+00:00,2012-09-19 12:59:55.011863125+00:00,737,Value 10
155,6,Resolve ticket,2012-09-19 12:59:55.011863125+00:00,2012-09-19 12:59:55.011863125+00:00,738,Value 10
155,5,Closed,2012-09-19 12:59:55.011863125+00:00,2012-09-19 12:59:55.011863125+00:00,739,Value 5
156,12,Assign seriousness,2012-09-19 14:04:47.871561963+00:00,2012-09-19 14:04:47.871561963+00:00,740,Value 7
156,12,Take in charge ticket,2012-09-19 14:04:47.871561963+00:00,2012-09-19 14:04:47.871561963+00:00,741,Value 7
156,12,Resolve ticket,2012-09-19 14:04:47.871561963+00:00,2012-09-19 14:04:47.871561963+00:00,742,Value 7
156,5,Closed,2012-09-19 14:04:47.871561963+00:00,2012-09-19 14:04:47.871561963+00:00,743,Value 5
157,12,Assign seriousness,2012-09-19 15:05:46.362195348+00:00,2012-09-19 15:05:46.362195348+00:00,744,Value 7
157,0,Take in charge ticket,2012-09-19 15:05:46.362195348+00:00,2012-09-19 15:05:46.362195348+00:00,745,Value 2
157,0,Resolve ticket,2012-09-19 15:05:46.362195348+00:00,2012-09-19 15:05:46.362195348+00:00,746,Value 2
157,5,Closed,2012-09-19 15:05:46.362195348+00:00,2012-09-19 15:05:46.362195348+00:00,747,Value 5
158,18,Insert ticket,2012-09-20 04:02:16+00:00,2012-09-20 04:02:16+00:00,748,Value 4
158,18,Take in charge ticket,2012-09-20 04:02:16+00:00,2012-09-20 04:02:16+00:00,749,Value 4
158,18,Resolve ticket,2012-09-20 04:02:16+00:00,2012-09-20 04:02:16+00:00,750,Value 4
158,5,Closed,2012-09-20 04:02:16+00:00,2012-09-20 04:02:16+00:00,751,Value 5
159,18,Assign seriousness,2012-09-20 05:39:32.753485599+00:00,2012-09-20 05:39:32.753485599+00:00,752,Value 4
159,8,Take in charge ticket,2012-09-20 05:39:32.753485599+00:00,2012-09-20 05:39:32.753485599+00:00,753,Value 6
159,3,Resolve ticket,2012-09-20 05:39:32.753485599+00:00,2012-09-20 05:39:32.753485599+00:00,754,Value 16
159,5,Closed,2012-09-20 05:39:32.753485599+00:00,2012-09-20 05:39:32.753485599+00:00,755,Value 5
160,18,Assign seriousness,2012-09-20 07:09:24.906513649+00:00,2012-09-20 07:09:24.906513649+00:00,756,Value 4
160,18,Take in charge ticket,2012-09-20 07:09:24.906513649+00:00,2012-09-20 07:09:24.906513649+00:00,757,Value 4
160,0,Resolve ticket,2012-09-20 07:09:24.906513649+00:00,2012-09-20 07:09:24.906513649+00:00,758,Value 2
160,5,Closed,2012-09-20 07:09:24.906513649+00:00,2012-09-20 07:09:24.906513649+00:00,759,Value 5
161,18,Assign seriousness,2012-09-20 07:09:56.978789545+00:00,2012-09-20 07:09:56.978789545+00:00,760,Value 4
161,18,Take in charge ticket,2012-09-20 07:09:56.978789545+00:00,2012-09-20 07:09:56.978789545+00:00,761,Value 4
161,18,Resolve ticket,2012-09-20 07:09:56.978789545+00:00,2012-09-20 07:09:56.978789545+00:00,762,Value 4
161,5,Closed,2012-09-20 07:09:56.978789545+00:00,2012-09-20 07:09:56.978789545+00:00,763,Value 5
162,18,Assign seriousness,2012-09-20 07:29:16.869855560+00:00,2012-09-20 07:29:16.869855560+00:00,764,Value 4
162,11,Take in charge ticket,2012-09-20 07:29:16.869855560+00:00,2012-09-20 07:29:16.869855560+00:00,765,Value 9
162,11,Resolve ticket,2012-09-20 07:29:16.869855560+00:00,2012-09-20 07:29:16.869855560+00:00,766,Value 9
162,5,Closed,2012-09-20 07:29:16.869855560+00:00,2012-09-20 07:29:16.869855560+00:00,767,Value 5
163,18,Assign seriousness,2012-09-20 08:23:07.191482947+00:00,2012-09-20 08:23:07.191482947+00:00,768,Value 4
163,18,Take in charge ticket,2012-09-20 08:23:07.191482947+00:00,2012-09-20 08:23:07.191482947+00:00,769,Value 4
163,18,Resolve ticket,2012-09-20 08:23:07.191482947+00:00,2012-09-20 08:23:07.191482947+00:00,770,Value 4
163,5,Closed,2012-09-20 08:23:07.191482947+00:00,2012-09-20 08:23:07.191482947+00:00,771,Value 5
164,18,Assign seriousness,2012-09-20 08:28:33.996205680+00:00,2012-09-20 08:28:33.996205680+00:00,772,Value 4
164,15,Take in charge ticket,2012-09-20 08:28:33.996205680+00:00,2012-09-20 08:28:33.996205680+00:00,773,Value 13
164,15,Resolve ticket,2012-09-20 08:28:33.996205680+00:00,2012-09-20 08:28:33.996205680+00:00,774,Value 13
164,5,Closed,2012-09-20 08:28:33.996205680+00:00,2012-09-20 08:28:33.996205680+00:00,775,Value 5
165,18,Assign seriousness,2012-09-20 08:45:10.388182829+00:00,2012-09-20 08:45:10.388182829+00:00,776,Value 4
165,15,Take in charge ticket,2012-09-20 08:45:10.388182829+00:00,2012-09-20 08:45:10.388182829+00:00,777,Value 13
165,15,Wait,2012-09-20 08:45:10.388182829+00:00,2012-09-20 08:45:10.388182829+00:00,778,Value 13
165,15,Take in charge ticket,2012-09-20 08:45:10.388182829+00:00,2012-09-20 08:45:10.388182829+00:00,779,Value 13
165,15,Resolve ticket,2012-09-20 08:45:10.388182829+00:00,2012-09-20 08:45:10.388182829+00:00,780,Value 13
165,5,Closed,2012-09-20 08:45:10.388182829+00:00,2012-09-20 08:45:10.388182829+00:00,781,Value 5
166,18,Assign seriousness,2012-09-20 10:18:59.809114813+00:00,2012-09-20 10:18:59.809114813+00:00,782,Value 4
166,18,Take in charge ticket,2012-09-20 10:18:59.809114813+00:00,2012-09-20 10:18:59.809114813+00:00,783,Value 4
166,18,Resolve ticket,2012-09-20 10:18:59.809114813+00:00,2012-09-20 10:18:59.809114813+00:00,784,Value 4
166,5,Closed,2012-09-20 10:18:59.809114813+00:00,2012-09-20 10:18:59.809114813+00:00,785,Value 5
167,18,Assign seriousness,2012-09-20 11:24:24.372634032+00:00,2012-09-20 11:24:24.372634032+00:00,786,Value 4
167,18,Take in charge ticket,2012-09-20 11:24:24.372634032+00:00,2012-09-20 11:24:24.372634032+00:00,787,Value 4
167,18,Resolve ticket,2012-09-20 11:24:24.372634032+00:00,2012-09-20 11:24:24.372634032+00:00,788,Value 4
167,5,Closed,2012-09-20 11:24:24.372634032+00:00,2012-09-20 11:24:24.372634032+00:00,789,Value 5
168,18,Assign seriousness,2012-09-20 13:33:12.336536202+00:00,2012-09-20 13:33:12.336536202+00:00,790,Value 4
168,18,Take in charge ticket,2012-09-20 13:33:12.336536202+00:00,2012-09-20 13:33:12.336536202+00:00,791,Value 4
168,11,Resolve ticket,2012-09-20 13:33:12.336536202+00:00,2012-09-20 13:33:12.336536202+00:00,792,Value 9
168,5,Closed,2012-09-20 13:33:12.336536202+00:00,2012-09-20 13:33:12.336536202+00:00,793,Value 5
169,18,Assign seriousness,2012-09-20 14:52:35.746398656+00:00,2012-09-20 14:52:35.746398656+00:00,794,Value 4
169,8,Take in charge ticket,2012-09-20 14:52:35.746398656+00:00,2012-09-20 14:52:35.746398656+00:00,795,Value 6
169,8,Resolve ticket,2012-09-20 14:52:35.746398656+00:00,2012-09-20 14:52:35.746398656+00:00,796,Value 6
169,8,Resolve ticket,2012-09-20 14:52:35.746398656+00:00,2012-09-20 14:52:35.746398656+00:00,797,Value 6
169,5,Closed,2012-09-20 14:52:35.746398656+00:00,2012-09-20 14:52:35.746398656+00:00,798,Value 5
170,18,Assign seriousness,2012-09-20 15:21:34.138660235+00:00,2012-09-20 15:21:34.138660235+00:00,799,Value 4
170,18,Assign seriousness,2012-09-20 15:21:34.138660235+00:00,2012-09-20 15:21:34.138660235+00:00,800,Value 4
170,8,Take in charge ticket,2012-09-20 15:21:34.138660235+00:00,2012-09-20 15:21:34.138660235+00:00,801,Value 6
170,7,Resolve ticket,2012-09-20 15:21:34.138660235+00:00,2012-09-20 15:21:34.138660235+00:00,802,Value 12
170,5,Closed,2012-09-20 15:21:34.138660235+00:00,2012-09-20 15:21:34.138660235+00:00,803,Value 5
171,1,Assign seriousness,2012-09-21 04:00:00+00:00,2012-09-21 04:00:00+00:00,805,Value 15
171,0,Take in charge ticket,2012-09-21 04:00:00+00:00,2012-09-21 04:00:00+00:00,806,Value 2
171,0,Resolve ticket,2012-09-21 04:00:00+00:00,2012-09-21 04:00:00+00:00,807,Value 2
171,0,Resolve ticket,2012-09-21 04:00:00+00:00,2012-09-21 04:00:00+00:00,808,Value 2
171,5,Closed,2012-09-21 04:00:00+00:00,2012-09-21 04:00:00+00:00,809,Value 5
172,1,Assign seriousness,2012-09-21 04:04:26.027529229+00:00,2012-09-21 04:04:26.027529229+00:00,810,Value 15
172,0,Take in charge ticket,2012-09-21 04:04:26.027529229+00:00,2012-09-21 04:04:26.027529229+00:00,811,Value 2
172,0,Wait,2012-09-21 04:04:26.027529229+00:00,2012-09-21 04:04:26.027529229+00:00,812,Value 2
172,0,Resolve ticket,2012-09-21 04:04:26.027529229+00:00,2012-09-21 04:04:26.027529229+00:00,813,Value 2
172,0,Resolve ticket,2012-09-21 04:04:26.027529229+00:00,2012-09-21 04:04:26.027529229+00:00,814,Value 2
172,5,Closed,2012-09-21 04:04:26.027529229+00:00,2012-09-21 04:04:26.027529229+00:00,815,Value 5
173,1,Assign seriousness,2012-09-21 04:37:01.910485013+00:00,2012-09-21 04:37:01.910485013+00:00,816,Value 15
173,0,Assign seriousness,2012-09-21 04:37:01.910485013+00:00,2012-09-21 04:37:01.910485013+00:00,817,Value 2
173,0,Take in charge ticket,2012-09-21 04:37:01.910485013+00:00,2012-09-21 04:37:01.910485013+00:00,818,Value 2
173,0,Resolve ticket,2012-09-21 04:37:01.910485013+00:00,2012-09-21 04:37:01.910485013+00:00,819,Value 2
173,5,Closed,2012-09-21 04:37:01.910485013+00:00,2012-09-21 04:37:01.910485013+00:00,820,Value 5
174,1,Assign seriousness,2012-09-21 04:55:41.381096780+00:00,2012-09-21 04:55:41.381096780+00:00,821,Value 15
174,1,Take in charge ticket,2012-09-21 04:55:41.381096780+00:00,2012-09-21 04:55:41.381096780+00:00,822,Value 15
174,1,Resolve ticket,2012-09-21 04:55:41.381096780+00:00,2012-09-21 04:55:41.381096780+00:00,823,Value 15
174,5,Closed,2012-09-21 04:55:41.381096780+00:00,2012-09-21 04:55:41.381096780+00:00,824,Value 5
175,1,Assign seriousness,2012-09-21 05:52:57.932941237+00:00,2012-09-21 05:52:57.932941237+00:00,825,Value 15
175,1,Take in charge ticket,2012-09-21 05:52:57.932941237+00:00,2012-09-21 05:52:57.932941237+00:00,826,Value 15
175,1,Resolve ticket,2012-09-21 05:52:57.932941237+00:00,2012-09-21 05:52:57.932941237+00:00,827,Value 15
175,5,Closed,2012-09-21 05:52:57.932941237+00:00,2012-09-21 05:52:57.932941237+00:00,828,Value 5
176,1,Assign seriousness,2012-09-21 07:50:39.922567375+00:00,2012-09-21 07:50:39.922567375+00:00,829,Value 15
176,3,Take in charge ticket,2012-09-21 07:50:39.922567375+00:00,2012-09-21 07:50:39.922567375+00:00,830,Value 16
176,8,Resolve ticket,2012-09-21 07:50:39.922567375+00:00,2012-09-21 07:50:39.922567375+00:00,831,Value 6
176,5,Closed,2012-09-21 07:50:39.922567375+00:00,2012-09-21 07:50:39.922567375+00:00,832,Value 5
177,1,Assign seriousness,2012-09-21 10:01:28.798669928+00:00,2012-09-21 10:01:28.798669928+00:00,833,Value 15
177,1,Take in charge ticket,2012-09-21 10:01:28.798669928+00:00,2012-09-21 10:01:28.798669928+00:00,834,Value 15
177,1,Resolve ticket,2012-09-21 10:01:28.798669928+00:00,2012-09-21 10:01:28.798669928+00:00,835,Value 15
177,5,Closed,2012-09-21 10:01:28.798669928+00:00,2012-09-21 10:01:28.798669928+00:00,836,Value 5
178,1,Assign seriousness,2012-09-21 10:07:09.486381965+00:00,2012-09-21 10:07:09.486381965+00:00,837,Value 15
178,1,Take in charge ticket,2012-09-21 10:07:09.486381965+00:00,2012-09-21 10:07:09.486381965+00:00,838,Value 15
178,1,Resolve ticket,2012-09-21 10:07:09.486381965+00:00,2012-09-21 10:07:09.486381965+00:00,839,Value 15
178,5,Closed,2012-09-21 10:07:09.486381965+00:00,2012-09-21 10:07:09.486381965+00:00,840,Value 5
179,1,Assign seriousness,2012-09-21 10:26:44.875385184+00:00,2012-09-21 10:26:44.875385184+00:00,841,Value 15
179,0,Take in charge ticket,2012-09-21 10:26:44.875385184+00:00,2012-09-21 10:26:44.875385184+00:00,842,Value 2
179,0,Resolve ticket,2012-09-21 10:26:44.875385184+00:00,2012-09-21 10:26:44.875385184+00:00,843,Value 2
179,5,Closed,2012-09-21 10:26:44.875385184+00:00,2012-09-21 10:26:44.875385184+00:00,844,Value 5
180,1,Assign seriousness,2012-09-21 13:40:56.659212891+00:00,2012-09-21 13:40:56.659212891+00:00,845,Value 15
180,11,Take in charge ticket,2012-09-21 13:40:56.659212891+00:00,2012-09-21 13:40:56.659212891+00:00,846,Value 9
180,11,Resolve ticket,2012-09-21 13:40:56.659212891+00:00,2012-09-21 13:40:56.659212891+00:00,847,Value 9
180,5,Closed,2012-09-21 13:40:56.659212891+00:00,2012-09-21 13:40:56.659212891+00:00,848,Value 5
181,1,Assign seriousness,2012-09-21 14:18:21.272263701+00:00,2012-09-21 14:18:21.272263701+00:00,849,Value 15
181,3,Take in charge ticket,2012-09-21 14:18:21.272263701+00:00,2012-09-21 14:18:21.272263701+00:00,850,Value 16
181,3,Resolve ticket,2012-09-21 14:18:21.272263701+00:00,2012-09-21 14:18:21.272263701+00:00,851,Value 16
181,3,Resolve ticket,2012-09-21 14:18:21.272263701+00:00,2012-09-21 14:18:21.272263701+00:00,852,Value 16
181,3,Resolve ticket,2012-09-21 14:18:21.272263701+00:00,2012-09-21 14:18:21.272263701+00:00,853,Value 16
181,5,Closed,2012-09-21 14:18:21.272263701+00:00,2012-09-21 14:18:21.272263701+00:00,854,Value 5
182,5,Assign seriousness,2012-09-22 13:17:27+00:00,2012-09-22 13:17:27+00:00,855,Value 5
182,0,Take in charge ticket,2012-09-24 03:00:00+00:00,2012-09-24 03:00:00+00:00,857,Value 2
182,0,Wait,2012-09-24 03:00:00+00:00,2012-09-24 03:00:00+00:00,858,Value 2
182,0,Take in charge ticket,2012-09-24 03:00:00+00:00,2012-09-24 03:00:00+00:00,859,Value 2
182,0,Resolve ticket,2012-09-24 03:00:00+00:00,2012-09-24 03:00:00+00:00,860,Value 2
182,5,Closed,2012-09-24 06:00:00+00:00,2012-09-24 06:00:00+00:00,861,Value 5
183,1,Assign seriousness,2012-09-24 04:00:49+00:00,2012-09-24 04:00:49+00:00,862,Value 15
183,1,Take in charge ticket,2012-09-24 04:00:49+00:00,2012-09-24 04:00:49+00:00,863,Value 15
183,1,Resolve ticket,2012-09-24 04:00:49+00:00,2012-09-24 04:00:49+00:00,864,Value 15
184,1,Assign seriousness,2012-09-24 04:03:09.488478620+00:00,2012-09-24 04:03:09.488478620+00:00,866,Value 15
183,5,Closed,2012-09-24 06:00:00+00:00,2012-09-24 06:00:00+00:00,867,Value 5
184,11,Take in charge ticket,2012-09-24 04:03:09.488478620+00:00,2012-09-24 04:03:09.488478620+00:00,868,Value 9
185,1,Assign seriousness,2012-09-24 05:18:07.093551340+00:00,2012-09-24 05:18:07.093551340+00:00,869,Value 15
184,11,Resolve ticket,2012-09-24 04:03:09.488478620+00:00,2012-09-24 04:03:09.488478620+00:00,870,Value 9
185,7,Take in charge ticket,2012-09-24 05:18:07.093551340+00:00,2012-09-24 05:18:07.093551340+00:00,871,Value 12
184,5,Closed,2012-09-24 06:00:00+00:00,2012-09-24 06:00:00+00:00,872,Value 5
185,7,Resolve ticket,2012-09-24 05:18:07.093551340+00:00,2012-09-24 05:18:07.093551340+00:00,873,Value 12
184,5,Closed,2012-09-24 06:00:00+00:00,2012-09-24 06:00:00+00:00,875,Value 5
186,1,Assign seriousness,2012-09-24 05:21:52.811659062+00:00,2012-09-24 05:21:52.811659062+00:00,876,Value 15
185,5,Closed,2012-09-24 06:00:00+00:00,2012-09-24 06:00:00+00:00,877,Value 5
186,1,Take in charge ticket,2012-09-24 05:21:52.811659062+00:00,2012-09-24 05:21:52.811659062+00:00,878,Value 15
187,1,Assign seriousness,2012-09-24 05:45:08.771920212+00:00,2012-09-24 05:45:08.771920212+00:00,879,Value 15
186,1,Resolve ticket,2012-09-24 05:21:52.811659062+00:00,2012-09-24 05:21:52.811659062+00:00,880,Value 15
187,1,Take in charge ticket,2012-09-24 05:45:08.771920212+00:00,2012-09-24 05:45:08.771920212+00:00,881,Value 15
187,1,Resolve ticket,2012-09-24 05:45:08.771920212+00:00,2012-09-24 05:45:08.771920212+00:00,883,Value 15
186,5,Closed,2012-09-24 06:00:00+00:00,2012-09-24 06:00:00+00:00,885,Value 5
187,5,Closed,2012-09-24 06:00:00+00:00,2012-09-24 06:00:00+00:00,886,Value 5
188,1,Assign seriousness,2012-09-24 08:29:48.623177980+00:00,2012-09-24 08:29:48.623177980+00:00,887,Value 15
188,0,Assign seriousness,2012-09-24 08:29:48.623177980+00:00,2012-09-24 08:29:48.623177980+00:00,888,Value 2
188,0,Take in charge ticket,2012-09-24 08:29:48.623177980+00:00,2012-09-24 08:29:48.623177980+00:00,889,Value 2
188,7,Wait,2012-09-24 08:29:48.623177980+00:00,2012-09-24 08:29:48.623177980+00:00,890,Value 12
188,7,Take in charge ticket,2012-09-24 08:29:48.623177980+00:00,2012-09-24 08:29:48.623177980+00:00,891,Value 12
188,7,Resolve ticket,2012-09-24 08:29:48.623177980+00:00,2012-09-24 08:29:48.623177980+00:00,892,Value 12
188,5,Closed,2012-09-24 08:29:48.623177980+00:00,2012-09-24 08:29:48.623177980+00:00,893,Value 5
189,1,Assign seriousness,2012-09-24 14:13:18.187934142+00:00,2012-09-24 14:13:18.187934142+00:00,894,Value 15
189,0,Take in charge ticket,2012-09-24 14:13:18.187934142+00:00,2012-09-24 14:13:18.187934142+00:00,895,Value 2
189,0,Resolve ticket,2012-09-24 14:13:18.187934142+00:00,2012-09-24 14:13:18.187934142+00:00,896,Value 2
189,5,Closed,2012-09-24 14:13:18.187934142+00:00,2012-09-24 14:13:18.187934142+00:00,897,Value 5
190,1,Assign seriousness,2012-09-24 14:44:42.067818024+00:00,2012-09-24 14:44:42.067818024+00:00,898,Value 15
190,0,Take in charge ticket,2012-09-24 14:44:42.067818024+00:00,2012-09-24 14:44:42.067818024+00:00,899,Value 2
190,0,Resolve ticket,2012-09-24 14:44:42.067818024+00:00,2012-09-24 14:44:42.067818024+00:00,900,Value 2
190,5,Closed,2012-09-24 14:44:42.067818024+00:00,2012-09-24 14:44:42.067818024+00:00,901,Value 5
191,1,Assign seriousness,2012-09-24 14:45:00.067680836+00:00,2012-09-24 14:45:00.067680836+00:00,902,Value 15
191,0,Take in charge ticket,2012-09-24 14:45:00.067680836+00:00,2012-09-24 14:45:00.067680836+00:00,903,Value 2
191,0,Resolve ticket,2012-09-24 14:45:00.067680836+00:00,2012-09-24 14:45:00.067680836+00:00,904,Value 2
191,5,Closed,2012-09-24 14:45:00.067680836+00:00,2012-09-24 14:45:00.067680836+00:00,905,Value 5
192,1,Assign seriousness,2012-09-24 14:50:54.510564566+00:00,2012-09-24 14:50:54.510564566+00:00,906,Value 15
192,0,Assign seriousness,2012-09-24 14:50:54.510564566+00:00,2012-09-24 14:50:54.510564566+00:00,907,Value 2
192,0,Take in charge ticket,2012-09-24 14:50:54.510564566+00:00,2012-09-24 14:50:54.510564566+00:00,908,Value 2
192,11,Resolve ticket,2012-09-24 14:50:54.510564566+00:00,2012-09-24 14:50:54.510564566+00:00,909,Value 9
192,5,Closed,2012-09-24 14:50:54.510564566+00:00,2012-09-24 14:50:54.510564566+00:00,910,Value 5
193,1,Assign seriousness,2012-09-25 04:00:00+00:00,2012-09-25 04:00:00+00:00,912,Value 15
193,1,Take in charge ticket,2012-09-25 04:00:00+00:00,2012-09-25 04:00:00+00:00,913,Value 15
193,1,Resolve ticket,2012-09-25 04:00:00+00:00,2012-09-25 04:00:00+00:00,914,Value 15
193,5,Closed,2012-09-25 04:00:00+00:00,2012-09-25 04:00:00+00:00,915,Value 5
194,1,Assign seriousness,2012-09-25 04:32:44.622410663+00:00,2012-09-25 04:32:44.622410663+00:00,916,Value 15
194,0,Take in charge ticket,2012-09-25 04:32:44.622410663+00:00,2012-09-25 04:32:44.622410663+00:00,917,Value 2
194,1,Resolve ticket,2012-09-25 04:32:44.622410663+00:00,2012-09-25 04:32:44.622410663+00:00,918,Value 15
194,5,Closed,2012-09-25 04:32:44.622410663+00:00,2012-09-25 04:32:44.622410663+00:00,919,Value 5
195,1,Assign seriousness,2012-09-25 05:05:34.840955266+00:00,2012-09-25 05:05:34.840955266+00:00,920,Value 15
195,0,Take in charge ticket,2012-09-25 05:05:34.840955266+00:00,2012-09-25 05:05:34.840955266+00:00,921,Value 2
195,0,Resolve ticket,2012-09-25 05:05:34.840955266+00:00,2012-09-25 05:05:34.840955266+00:00,922,Value 2
195,5,Closed,2012-09-25 05:05:34.840955266+00:00,2012-09-25 05:05:34.840955266+00:00,923,Value 5
196,1,Assign seriousness,2012-09-25 05:27:13.588293681+00:00,2012-09-25 05:27:13.588293681+00:00,924,Value 15
196,3,Take in charge ticket,2012-09-25 05:27:13.588293681+00:00,2012-09-25 05:27:13.588293681+00:00,925,Value 16
196,3,Resolve ticket,2012-09-25 05:27:13.588293681+00:00,2012-09-25 05:27:13.588293681+00:00,926,Value 16
196,3,Take in charge ticket,2012-09-25 05:27:13.588293681+00:00,2012-09-25 05:27:13.588293681+00:00,927,Value 16
196,3,Wait,2012-09-25 05:27:13.588293681+00:00,2012-09-25 05:27:13.588293681+00:00,928,Value 16
196,3,Take in charge ticket,2012-09-25 05:27:13.588293681+00:00,2012-09-25 05:27:13.588293681+00:00,929,Value 16
196,3,Resolve ticket,2012-09-25 05:27:13.588293681+00:00,2012-09-25 05:27:13.588293681+00:00,930,Value 16
196,5,Closed,2012-09-25 05:27:13.588293681+00:00,2012-09-25 05:27:13.588293681+00:00,931,Value 5
197,1,Assign seriousness,2012-09-25 06:50:56.690489579+00:00,2012-09-25 06:50:56.690489579+00:00,932,Value 15
197,0,Take in charge ticket,2012-09-25 06:50:56.690489579+00:00,2012-09-25 06:50:56.690489579+00:00,933,Value 2
197,8,Resolve ticket,2012-09-25 06:50:56.690489579+00:00,2012-09-25 06:50:56.690489579+00:00,934,Value 6
197,5,Closed,2012-09-25 06:50:56.690489579+00:00,2012-09-25 06:50:56.690489579+00:00,935,Value 5
198,1,Assign seriousness,2012-09-25 07:27:34.693542528+00:00,2012-09-25 07:27:34.693542528+00:00,936,Value 15
198,0,Take in charge ticket,2012-09-25 07:27:34.693542528+00:00,2012-09-25 07:27:34.693542528+00:00,937,Value 2
198,0,Resolve ticket,2012-09-25 07:27:34.693542528+00:00,2012-09-25 07:27:34.693542528+00:00,938,Value 2
198,5,Closed,2012-09-25 07:27:34.693542528+00:00,2012-09-25 07:27:34.693542528+00:00,939,Value 5
198,5,Closed,2012-09-25 07:27:34.693542528+00:00,2012-09-25 07:27:34.693542528+00:00,940,Value 5
199,1,Assign seriousness,2012-09-25 07:32:30.386905086+00:00,2012-09-25 07:32:30.386905086+00:00,941,Value 15
199,1,Take in charge ticket,2012-09-25 07:32:30.386905086+00:00,2012-09-25 07:32:30.386905086+00:00,942,Value 15
199,1,Wait,2012-09-25 07:32:30.386905086+00:00,2012-09-25 07:32:30.386905086+00:00,943,Value 15
199,1,Take in charge ticket,2012-09-25 07:32:30.386905086+00:00,2012-09-25 07:32:30.386905086+00:00,944,Value 15
199,0,Resolve ticket,2012-09-25 07:32:30.386905086+00:00,2012-09-25 07:32:30.386905086+00:00,945,Value 2
199,5,Closed,2012-09-25 07:32:30.386905086+00:00,2012-09-25 07:32:30.386905086+00:00,946,Value 5
200,1,Assign seriousness,2012-09-25 08:42:04.542186586+00:00,2012-09-25 08:42:04.542186586+00:00,947,Value 15
200,0,Assign seriousness,2012-09-25 08:42:04.542186586+00:00,2012-09-25 08:42:04.542186586+00:00,948,Value 2
200,0,Take in charge ticket,2012-09-25 08:42:04.542186586+00:00,2012-09-25 08:42:04.542186586+00:00,949,Value 2
200,12,Wait,2012-09-25 08:42:04.542186586+00:00,2012-09-25 08:42:04.542186586+00:00,950,Value 7
200,12,Take in charge ticket,2012-09-25 08:42:04.542186586+00:00,2012-09-25 08:42:04.542186586+00:00,951,Value 7
200,12,Resolve ticket,2012-09-25 08:42:04.542186586+00:00,2012-09-25 08:42:04.542186586+00:00,952,Value 7
200,5,Closed,2012-09-25 08:42:04.542186586+00:00,2012-09-25 08:42:04.542186586+00:00,953,Value 5
201,1,Assign seriousness,2012-09-25 08:47:54.197010344+00:00,2012-09-25 08:47:54.197010344+00:00,954,Value 15
201,1,Take in charge ticket,2012-09-25 08:47:54.197010344+00:00,2012-09-25 08:47:54.197010344+00:00,955,Value 15
201,1,Resolve ticket,2012-09-25 08:47:54.197010344+00:00,2012-09-25 08:47:54.197010344+00:00,956,Value 15
201,5,Closed,2012-09-25 08:47:54.197010344+00:00,2012-09-25 08:47:54.197010344+00:00,957,Value 5
202,1,Assign seriousness,2012-09-25 10:47:36.758410426+00:00,2012-09-25 10:47:36.758410426+00:00,958,Value 15
202,0,Take in charge ticket,2012-09-25 10:47:36.758410426+00:00,2012-09-25 10:47:36.758410426+00:00,959,Value 2
202,11,Wait,2012-09-25 10:47:36.758410426+00:00,2012-09-25 10:47:36.758410426+00:00,960,Value 9
202,0,Wait,2012-09-25 10:47:36.758410426+00:00,2012-09-25 10:47:36.758410426+00:00,961,Value 2
202,0,Take in charge ticket,2012-09-25 10:47:36.758410426+00:00,2012-09-25 10:47:36.758410426+00:00,962,Value 2
202,0,Wait,2012-09-25 10:47:36.758410426+00:00,2012-09-25 10:47:36.758410426+00:00,963,Value 2
202,0,Take in charge ticket,2012-09-25 10:47:36.758410426+00:00,2012-09-25 10:47:36.758410426+00:00,964,Value 2
202,0,Resolve ticket,2012-09-25 10:47:36.758410426+00:00,2012-09-25 10:47:36.758410426+00:00,965,Value 2
202,5,Closed,2012-09-25 10:47:36.758410426+00:00,2012-09-25 10:47:36.758410426+00:00,966,Value 5
203,1,Assign seriousness,2012-09-25 11:59:58.671574089+00:00,2012-09-25 11:59:58.671574089+00:00,967,Value 15
203,1,Take in charge ticket,2012-09-25 11:59:58.671574089+00:00,2012-09-25 11:59:58.671574089+00:00,968,Value 15
203,1,Resolve ticket,2012-09-25 11:59:58.671574089+00:00,2012-09-25 11:59:58.671574089+00:00,969,Value 15
203,5,Closed,2012-09-25 11:59:58.671574089+00:00,2012-09-25 11:59:58.671574089+00:00,970,Value 5
204,1,Assign seriousness,2012-09-25 12:30:38.417532945+00:00,2012-09-25 12:30:38.417532945+00:00,971,Value 15
204,0,Take in charge ticket,2012-09-25 12:30:38.417532945+00:00,2012-09-25 12:30:38.417532945+00:00,972,Value 2
204,0,Resolve ticket,2012-09-25 12:30:38.417532945+00:00,2012-09-25 12:30:38.417532945+00:00,973,Value 2
204,5,Closed,2012-09-25 12:30:38.417532945+00:00,2012-09-25 12:30:38.417532945+00:00,974,Value 5
205,1,Assign seriousness,2012-09-25 12:37:28.858382083+00:00,2012-09-25 12:37:28.858382083+00:00,975,Value 15
205,0,Take in charge ticket,2012-09-25 12:37:28.858382083+00:00,2012-09-25 12:37:28.858382083+00:00,976,Value 2
205,0,Wait,2012-09-25 12:37:28.858382083+00:00,2012-09-25 12:37:28.858382083+00:00,977,Value 2
205,0,Take in charge ticket,2012-09-25 12:37:28.858382083+00:00,2012-09-25 12:37:28.858382083+00:00,978,Value 2
205,0,Resolve ticket,2012-09-25 12:37:28.858382083+00:00,2012-09-25 12:37:28.858382083+00:00,979,Value 2
205,5,Closed,2012-09-25 12:37:28.858382083+00:00,2012-09-25 12:37:28.858382083+00:00,980,Value 5
206,1,Assign seriousness,2012-09-25 15:14:49.040758502+00:00,2012-09-25 15:14:49.040758502+00:00,981,Value 15
206,1,Take in charge ticket,2012-09-25 15:14:49.040758502+00:00,2012-09-25 15:14:49.040758502+00:00,982,Value 15
206,1,Resolve ticket,2012-09-25 15:14:49.040758502+00:00,2012-09-25 15:14:49.040758502+00:00,983,Value 15
206,5,Closed,2012-09-25 15:14:49.040758502+00:00,2012-09-25 15:14:49.040758502+00:00,984,Value 5
207,3,Assign seriousness,2012-09-26 04:01:43+00:00,2012-09-26 04:01:43+00:00,985,Value 16
207,7,Take in charge ticket,2012-09-26 04:01:43+00:00,2012-09-26 04:01:43+00:00,986,Value 12
207,7,Resolve ticket,2012-09-26 04:01:43+00:00,2012-09-26 04:01:43+00:00,987,Value 12
207,5,Closed,2012-09-26 04:01:43+00:00,2012-09-26 04:01:43+00:00,988,Value 5
208,3,Assign seriousness,2012-09-26 07:29:01.817754801+00:00,2012-09-26 07:29:01.817754801+00:00,989,Value 16
208,3,Take in charge ticket,2012-09-26 07:29:01.817754801+00:00,2012-09-26 07:29:01.817754801+00:00,990,Value 16
208,3,Resolve ticket,2012-09-26 07:29:01.817754801+00:00,2012-09-26 07:29:01.817754801+00:00,991,Value 16
208,5,Closed,2012-09-26 07:29:01.817754801+00:00,2012-09-26 07:29:01.817754801+00:00,992,Value 5
209,3,Assign seriousness,2012-09-26 12:16:37.433763532+00:00,2012-09-26 12:16:37.433763532+00:00,993,Value 16
209,3,Take in charge ticket,2012-09-26 12:16:37.433763532+00:00,2012-09-26 12:16:37.433763532+00:00,994,Value 16
209,3,Resolve ticket,2012-09-26 12:16:37.433763532+00:00,2012-09-26 12:16:37.433763532+00:00,995,Value 16
209,5,Closed,2012-09-26 12:16:37.433763532+00:00,2012-09-26 12:16:37.433763532+00:00,996,Value 5
210,3,Assign seriousness,2012-09-26 12:17:14.692324272+00:00,2012-09-26 12:17:14.692324272+00:00,997,Value 16
210,3,Assign seriousness,2012-09-26 12:17:14.692324272+00:00,2012-09-26 12:17:14.692324272+00:00,998,Value 16
210,3,Take in charge ticket,2012-09-26 12:17:14.692324272+00:00,2012-09-26 12:17:14.692324272+00:00,999,Value 16
210,3,Resolve ticket,2012-09-26 12:17:14.692324272+00:00,2012-09-26 12:17:14.692324272+00:00,1000,Value 16
210,5,Closed,2012-09-26 12:17:14.692324272+00:00,2012-09-26 12:17:14.692324272+00:00,1001,Value 5
211,3,Assign seriousness,2012-09-26 12:59:57.485008640+00:00,2012-09-26 12:59:57.485008640+00:00,1002,Value 16
211,3,Take in charge ticket,2012-09-26 12:59:57.485008640+00:00,2012-09-26 12:59:57.485008640+00:00,1003,Value 16
211,3,Resolve ticket,2012-09-26 12:59:57.485008640+00:00,2012-09-26 12:59:57.485008640+00:00,1004,Value 16
211,5,Closed,2012-09-26 12:59:57.485008640+00:00,2012-09-26 12:59:57.485008640+00:00,1005,Value 5
212,3,Assign seriousness,2012-09-26 13:19:53.015948503+00:00,2012-09-26 13:19:53.015948503+00:00,1006,Value 16
212,3,Take in charge ticket,2012-09-26 13:19:53.015948503+00:00,2012-09-26 13:19:53.015948503+00:00,1007,Value 16
212,3,Resolve ticket,2012-09-26 13:19:53.015948503+00:00,2012-09-26 13:19:53.015948503+00:00,1008,Value 16
212,5,Closed,2012-09-26 13:19:53.015948503+00:00,2012-09-26 13:19:53.015948503+00:00,1009,Value 5
213,3,Assign seriousness,2012-09-26 13:38:29.735335799+00:00,2012-09-26 13:38:29.735335799+00:00,1010,Value 16
213,3,Assign seriousness,2012-09-26 13:38:29.735335799+00:00,2012-09-26 13:38:29.735335799+00:00,1011,Value 16
213,3,Take in charge ticket,2012-09-26 13:38:29.735335799+00:00,2012-09-26 13:38:29.735335799+00:00,1012,Value 16
213,3,Resolve ticket,2012-09-26 13:38:29.735335799+00:00,2012-09-26 13:38:29.735335799+00:00,1013,Value 16
213,5,Closed,2012-09-26 13:38:29.735335799+00:00,2012-09-26 13:38:29.735335799+00:00,1014,Value 5
214,3,Assign seriousness,2012-09-26 15:03:40.656208578+00:00,2012-09-26 15:03:40.656208578+00:00,1015,Value 16
214,3,Assign seriousness,2012-09-26 15:03:40.656208578+00:00,2012-09-26 15:03:40.656208578+00:00,1016,Value 16
214,18,Take in charge ticket,2012-09-26 15:03:40.656208578+00:00,2012-09-26 15:03:40.656208578+00:00,1017,Value 4
214,18,Wait,2012-09-26 15:03:40.656208578+00:00,2012-09-26 15:03:40.656208578+00:00,1018,Value 4
214,18,Resolve ticket,2012-09-26 15:03:40.656208578+00:00,2012-09-26 15:03:40.656208578+00:00,1019,Value 4
214,5,Closed,2012-09-26 15:03:40.656208578+00:00,2012-09-26 15:03:40.656208578+00:00,1020,Value 5
215,4,Assign seriousness,2012-09-27 04:02:16+00:00,2012-09-27 04:02:16+00:00,1021,Value 21
215,4,Take in charge ticket,2012-09-27 04:02:16+00:00,2012-09-27 04:02:16+00:00,1022,Value 21
215,7,Resolve ticket,2012-09-27 04:02:16+00:00,2012-09-27 04:02:16+00:00,1023,Value 12
215,5,Closed,2012-09-27 04:02:16+00:00,2012-09-27 04:02:16+00:00,1024,Value 5
216,9,Insert ticket,2012-09-27 09:39:34.173685739+00:00,2012-09-27 09:39:34.173685739+00:00,1025,Value 14
216,9,Assign seriousness,2012-09-27 09:39:34.173685739+00:00,2012-09-27 09:39:34.173685739+00:00,1026,Value 14
216,8,Take in charge ticket,2012-09-27 09:39:34.173685739+00:00,2012-09-27 09:39:34.173685739+00:00,1027,Value 6
216,7,Wait,2012-09-27 09:39:34.173685739+00:00,2012-09-27 09:39:34.173685739+00:00,1028,Value 12
216,7,Take in charge ticket,2012-09-27 09:39:34.173685739+00:00,2012-09-27 09:39:34.173685739+00:00,1029,Value 12
216,7,Resolve ticket,2012-09-27 09:39:34.173685739+00:00,2012-09-27 09:39:34.173685739+00:00,1030,Value 12
216,5,Closed,2012-09-27 09:39:34.173685739+00:00,2012-09-27 09:39:34.173685739+00:00,1031,Value 5
217,9,Insert ticket,2012-09-27 12:15:44.021881484+00:00,2012-09-27 12:15:44.021881484+00:00,1032,Value 14
217,9,Assign seriousness,2012-09-27 12:15:44.021881484+00:00,2012-09-27 12:15:44.021881484+00:00,1033,Value 14
217,11,Take in charge ticket,2012-09-27 12:15:44.021881484+00:00,2012-09-27 12:15:44.021881484+00:00,1034,Value 9
217,0,Resolve ticket,2012-09-27 12:15:44.021881484+00:00,2012-09-27 12:15:44.021881484+00:00,1035,Value 2
217,5,Closed,2012-09-27 12:15:44.021881484+00:00,2012-09-27 12:15:44.021881484+00:00,1036,Value 5
218,4,Assign seriousness,2012-09-27 12:49:35.688672879+00:00,2012-09-27 12:49:35.688672879+00:00,1037,Value 21
218,4,Take in charge ticket,2012-09-27 12:49:35.688672879+00:00,2012-09-27 12:49:35.688672879+00:00,1038,Value 21
218,4,Resolve ticket,2012-09-27 12:49:35.688672879+00:00,2012-09-27 12:49:35.688672879+00:00,1039,Value 21
218,4,Closed,2012-09-27 12:49:35.688672879+00:00,2012-09-27 12:49:35.688672879+00:00,1040,Value 21
219,4,Assign seriousness,2012-09-27 14:06:56.049176050+00:00,2012-09-27 14:06:56.049176050+00:00,1041,Value 21
219,4,Take in charge ticket,2012-09-27 14:06:56.049176050+00:00,2012-09-27 14:06:56.049176050+00:00,1042,Value 21
219,4,Resolve ticket,2012-09-27 14:06:56.049176050+00:00,2012-09-27 14:06:56.049176050+00:00,1043,Value 21
219,5,Closed,2012-09-27 14:06:56.049176050+00:00,2012-09-27 14:06:56.049176050+00:00,1044,Value 5
220,4,Assign seriousness,2012-09-27 14:21:16.349629644+00:00,2012-09-27 14:21:16.349629644+00:00,1045,Value 21
220,4,Take in charge ticket,2012-09-27 14:21:16.349629644+00:00,2012-09-27 14:21:16.349629644+00:00,1046,Value 21
220,4,Resolve ticket,2012-09-27 14:21:16.349629644+00:00,2012-09-27 14:21:16.349629644+00:00,1047,Value 21
220,5,Closed,2012-09-27 14:21:16.349629644+00:00,2012-09-27 14:21:16.349629644+00:00,1048,Value 5
221,4,Assign seriousness,2012-09-28 04:00:00+00:00,2012-09-28 04:00:00+00:00,1050,Value 21
221,4,Take in charge ticket,2012-09-28 04:00:00+00:00,2012-09-28 04:00:00+00:00,1051,Value 21
221,4,Resolve ticket,2012-09-28 04:00:00+00:00,2012-09-28 04:00:00+00:00,1052,Value 21
221,5,Closed,2012-09-28 04:00:00+00:00,2012-09-28 04:00:00+00:00,1053,Value 5
222,4,Assign seriousness,2012-09-28 04:25:03.738208659+00:00,2012-09-28 04:25:03.738208659+00:00,1054,Value 21
222,4,Take in charge ticket,2012-09-28 04:25:03.738208659+00:00,2012-09-28 04:25:03.738208659+00:00,1055,Value 21
222,4,Resolve ticket,2012-09-28 04:25:03.738208659+00:00,2012-09-28 04:25:03.738208659+00:00,1056,Value 21
222,4,Closed,2012-09-28 04:25:03.738208659+00:00,2012-09-28 04:25:03.738208659+00:00,1057,Value 21
223,4,Assign seriousness,2012-09-28 05:29:04.174343541+00:00,2012-09-28 05:29:04.174343541+00:00,1058,Value 21
223,4,Take in charge ticket,2012-09-28 05:29:04.174343541+00:00,2012-09-28 05:29:04.174343541+00:00,1059,Value 21
223,4,Resolve ticket,2012-09-28 05:29:04.174343541+00:00,2012-09-28 05:29:04.174343541+00:00,1060,Value 21
223,5,Closed,2012-09-28 05:29:04.174343541+00:00,2012-09-28 05:29:04.174343541+00:00,1061,Value 5
224,4,Assign seriousness,2012-09-28 06:37:57.918939789+00:00,2012-09-28 06:37:57.918939789+00:00,1062,Value 21
224,4,Take in charge ticket,2012-09-28 06:37:57.918939789+00:00,2012-09-28 06:37:57.918939789+00:00,1063,Value 21
224,4,Resolve ticket,2012-09-28 06:37:57.918939789+00:00,2012-09-28 06:37:57.918939789+00:00,1064,Value 21
224,4,Closed,2012-09-28 06:37:57.918939789+00:00,2012-09-28 06:37:57.918939789+00:00,1065,Value 21
225,4,Assign seriousness,2012-09-28 06:44:53.761715905+00:00,2012-09-28 06:44:53.761715905+00:00,1066,Value 21
225,4,Take in charge ticket,2012-09-28 06:44:53.761715905+00:00,2012-09-28 06:44:53.761715905+00:00,1067,Value 21
225,4,Resolve ticket,2012-09-28 06:44:53.761715905+00:00,2012-09-28 06:44:53.761715905+00:00,1068,Value 21
225,5,Closed,2012-09-28 06:44:53.761715905+00:00,2012-09-28 06:44:53.761715905+00:00,1069,Value 5
226,4,Assign seriousness,2012-09-28 08:51:03.860678670+00:00,2012-09-28 08:51:03.860678670+00:00,1070,Value 21
226,4,Take in charge ticket,2012-09-28 08:51:03.860678670+00:00,2012-09-28 08:51:03.860678670+00:00,1071,Value 21
226,4,Resolve ticket,2012-09-28 08:51:03.860678670+00:00,2012-09-28 08:51:03.860678670+00:00,1072,Value 21
226,5,Closed,2012-09-28 08:51:03.860678670+00:00,2012-09-28 08:51:03.860678670+00:00,1073,Value 5
227,4,Assign seriousness,2012-09-28 10:15:43.065087256+00:00,2012-09-28 10:15:43.065087256+00:00,1074,Value 21
227,4,Take in charge ticket,2012-09-28 10:15:43.065087256+00:00,2012-09-28 10:15:43.065087256+00:00,1075,Value 21
227,4,Resolve ticket,2012-09-28 10:15:43.065087256+00:00,2012-09-28 10:15:43.065087256+00:00,1076,Value 21
227,5,Closed,2012-09-28 10:15:43.065087256+00:00,2012-09-28 10:15:43.065087256+00:00,1077,Value 5
228,4,Assign seriousness,2012-09-28 11:35:12.942123111+00:00,2012-09-28 11:35:12.942123111+00:00,1078,Value 21
228,4,Take in charge ticket,2012-09-28 11:35:12.942123111+00:00,2012-09-28 11:35:12.942123111+00:00,1079,Value 21
228,4,Resolve ticket,2012-09-28 11:35:12.942123111+00:00,2012-09-28 11:35:12.942123111+00:00,1080,Value 21
228,5,Closed,2012-09-28 11:35:12.942123111+00:00,2012-09-28 11:35:12.942123111+00:00,1081,Value 5
229,4,Assign seriousness,2012-09-28 13:15:18.735411626+00:00,2012-09-28 13:15:18.735411626+00:00,1082,Value 21
229,4,Take in charge ticket,2012-09-28 13:15:18.735411626+00:00,2012-09-28 13:15:18.735411626+00:00,1083,Value 21
229,4,Resolve ticket,2012-09-28 13:15:18.735411626+00:00,2012-09-28 13:15:18.735411626+00:00,1084,Value 21
229,5,Closed,2012-09-28 13:15:18.735411626+00:00,2012-09-28 13:15:18.735411626+00:00,1085,Value 5
230,4,Assign seriousness,2012-09-28 13:27:08.933614558+00:00,2012-09-28 13:27:08.933614558+00:00,1086,Value 21
230,4,Take in charge ticket,2012-09-28 13:27:08.933614558+00:00,2012-09-28 13:27:08.933614558+00:00,1087,Value 21
230,4,Resolve ticket,2012-09-28 13:27:08.933614558+00:00,2012-09-28 13:27:08.933614558+00:00,1088,Value 21
230,4,Closed,2012-09-28 13:27:08.933614558+00:00,2012-09-28 13:27:08.933614558+00:00,1089,Value 21
231,4,Assign seriousness,2012-09-28 13:46:55.253806322+00:00,2012-09-28 13:46:55.253806322+00:00,1090,Value 21
231,4,Take in charge ticket,2012-09-28 13:46:55.253806322+00:00,2012-09-28 13:46:55.253806322+00:00,1091,Value 21
231,4,Resolve ticket,2012-09-28 13:46:55.253806322+00:00,2012-09-28 13:46:55.253806322+00:00,1092,Value 21
231,5,Closed,2012-09-28 13:46:55.253806322+00:00,2012-09-28 13:46:55.253806322+00:00,1093,Value 5
232,4,Assign seriousness,2012-09-28 13:59:36.390567964+00:00,2012-09-28 13:59:36.390567964+00:00,1094,Value 21
232,4,Take in charge ticket,2012-09-28 13:59:36.390567964+00:00,2012-09-28 13:59:36.390567964+00:00,1095,Value 21
232,4,Resolve ticket,2012-09-28 13:59:36.390567964+00:00,2012-09-28 13:59:36.390567964+00:00,1096,Value 21
232,4,Closed,2012-09-28 13:59:36.390567964+00:00,2012-09-28 13:59:36.390567964+00:00,1097,Value 21
233,5,Assign seriousness,2012-09-29 13:17:27+00:00,2012-09-29 13:17:27+00:00,1098,Value 5
233,0,Take in charge ticket,2012-10-01 03:00:00+00:00,2012-10-01 03:00:00+00:00,1100,Value 2
233,0,Wait,2012-10-01 03:00:00+00:00,2012-10-01 03:00:00+00:00,1101,Value 2
233,0,Take in charge ticket,2012-10-01 03:00:00+00:00,2012-10-01 03:00:00+00:00,1102,Value 2
233,0,Resolve ticket,2012-10-01 03:00:00+00:00,2012-10-01 03:00:00+00:00,1103,Value 2
233,5,Closed,2012-10-01 06:00:00+00:00,2012-10-01 06:00:00+00:00,1104,Value 5
234,4,Assign seriousness,2012-10-01 04:00:49+00:00,2012-10-01 04:00:49+00:00,1105,Value 21
234,4,Take in charge ticket,2012-10-01 04:00:49+00:00,2012-10-01 04:00:49+00:00,1106,Value 21
234,4,Resolve ticket,2012-10-01 04:00:49+00:00,2012-10-01 04:00:49+00:00,1107,Value 21
234,5,Closed,2012-10-01 06:00:00+00:00,2012-10-01 06:00:00+00:00,1108,Value 5
235,4,Assign seriousness,2012-10-01 06:02:56.762196816+00:00,2012-10-01 06:02:56.762196816+00:00,1109,Value 21
235,4,Take in charge ticket,2012-10-01 06:02:56.762196816+00:00,2012-10-01 06:02:56.762196816+00:00,1110,Value 21
235,4,Resolve ticket,2012-10-01 06:02:56.762196816+00:00,2012-10-01 06:02:56.762196816+00:00,1111,Value 21
235,5,Closed,2012-10-01 06:02:56.762196816+00:00,2012-10-01 06:02:56.762196816+00:00,1112,Value 5
236,4,Assign seriousness,2012-10-01 07:00:45.091209244+00:00,2012-10-01 07:00:45.091209244+00:00,1113,Value 21
236,4,Take in charge ticket,2012-10-01 07:00:45.091209244+00:00,2012-10-01 07:00:45.091209244+00:00,1114,Value 21
236,4,Resolve ticket,2012-10-01 07:00:45.091209244+00:00,2012-10-01 07:00:45.091209244+00:00,1115,Value 21
236,5,Closed,2012-10-01 07:00:45.091209244+00:00,2012-10-01 07:00:45.091209244+00:00,1116,Value 5
237,4,Assign seriousness,2012-10-01 07:10:22.639823761+00:00,2012-10-01 07:10:22.639823761+00:00,1117,Value 21
237,4,Take in charge ticket,2012-10-01 07:10:22.639823761+00:00,2012-10-01 07:10:22.639823761+00:00,1118,Value 21
237,4,Resolve ticket,2012-10-01 07:10:22.639823761+00:00,2012-10-01 07:10:22.639823761+00:00,1119,Value 21
237,5,Closed,2012-10-01 07:10:22.639823761+00:00,2012-10-01 07:10:22.639823761+00:00,1120,Value 5
238,4,Assign seriousness,2012-10-01 07:23:33.828785773+00:00,2012-10-01 07:23:33.828785773+00:00,1121,Value 21
238,4,Take in charge ticket,2012-10-01 07:23:33.828785773+00:00,2012-10-01 07:23:33.828785773+00:00,1122,Value 21
238,4,Resolve ticket,2012-10-01 07:23:33.828785773+00:00,2012-10-01 07:23:33.828785773+00:00,1123,Value 21
238,5,Closed,2012-10-01 07:23:33.828785773+00:00,2012-10-01 07:23:33.828785773+00:00,1124,Value 5
239,4,Assign seriousness,2012-10-01 08:30:06.955638815+00:00,2012-10-01 08:30:06.955638815+00:00,1125,Value 21
239,4,Take in charge ticket,2012-10-01 08:30:06.955638815+00:00,2012-10-01 08:30:06.955638815+00:00,1126,Value 21
239,4,Resolve ticket,2012-10-01 08:30:06.955638815+00:00,2012-10-01 08:30:06.955638815+00:00,1127,Value 21
239,4,Closed,2012-10-01 08:30:06.955638815+00:00,2012-10-01 08:30:06.955638815+00:00,1128,Value 21
240,4,Assign seriousness,2012-10-01 08:46:33.184614467+00:00,2012-10-01 08:46:33.184614467+00:00,1129,Value 21
240,4,Take in charge ticket,2012-10-01 08:46:33.184614467+00:00,2012-10-01 08:46:33.184614467+00:00,1130,Value 21
240,4,Resolve ticket,2012-10-01 08:46:33.184614467+00:00,2012-10-01 08:46:33.184614467+00:00,1131,Value 21
240,4,Closed,2012-10-01 08:46:33.184614467+00:00,2012-10-01 08:46:33.184614467+00:00,1132,Value 21
241,4,Assign seriousness,2012-10-01 10:12:05.545565871+00:00,2012-10-01 10:12:05.545565871+00:00,1133,Value 21
241,4,Take in charge ticket,2012-10-01 10:12:05.545565871+00:00,2012-10-01 10:12:05.545565871+00:00,1134,Value 21
241,4,Resolve ticket,2012-10-01 10:12:05.545565871+00:00,2012-10-01 10:12:05.545565871+00:00,1135,Value 21
241,5,Closed,2012-10-01 10:12:05.545565871+00:00,2012-10-01 10:12:05.545565871+00:00,1136,Value 5
242,4,Assign seriousness,2012-10-01 11:59:48.098923247+00:00,2012-10-01 11:59:48.098923247+00:00,1137,Value 21
242,4,Take in charge ticket,2012-10-01 11:59:48.098923247+00:00,2012-10-01 11:59:48.098923247+00:00,1138,Value 21
242,4,Resolve ticket,2012-10-01 11:59:48.098923247+00:00,2012-10-01 11:59:48.098923247+00:00,1139,Value 21
242,5,Closed,2012-10-01 11:59:48.098923247+00:00,2012-10-01 11:59:48.098923247+00:00,1140,Value 5
243,4,Assign seriousness,2012-10-01 12:58:12.382083922+00:00,2012-10-01 12:58:12.382083922+00:00,1141,Value 21
243,4,Take in charge ticket,2012-10-01 12:58:12.382083922+00:00,2012-10-01 12:58:12.382083922+00:00,1142,Value 21
243,4,Resolve ticket,2012-10-01 12:58:12.382083922+00:00,2012-10-01 12:58:12.382083922+00:00,1143,Value 21
243,5,Closed,2012-10-01 12:58:12.382083922+00:00,2012-10-01 12:58:12.382083922+00:00,1144,Value 5
244,4,Assign seriousness,2012-10-01 12:58:38.706482211+00:00,2012-10-01 12:58:38.706482211+00:00,1145,Value 21
244,4,Take in charge ticket,2012-10-01 12:58:38.706482211+00:00,2012-10-01 12:58:38.706482211+00:00,1146,Value 21
244,4,Resolve ticket,2012-10-01 12:58:38.706482211+00:00,2012-10-01 12:58:38.706482211+00:00,1147,Value 21
244,4,Closed,2012-10-01 12:58:38.706482211+00:00,2012-10-01 12:58:38.706482211+00:00,1148,Value 21
245,4,Assign seriousness,2012-10-01 13:17:19.031334121+00:00,2012-10-01 13:17:19.031334121+00:00,1149,Value 21
245,4,Take in charge ticket,2012-10-01 13:17:19.031334121+00:00,2012-10-01 13:17:19.031334121+00:00,1150,Value 21
245,4,Resolve ticket,2012-10-01 13:17:19.031334121+00:00,2012-10-01 13:17:19.031334121+00:00,1151,Value 21
245,4,Closed,2012-10-01 13:17:19.031334121+00:00,2012-10-01 13:17:19.031334121+00:00,1152,Value 21
246,4,Assign seriousness,2012-10-01 14:02:16.141401126+00:00,2012-10-01 14:02:16.141401126+00:00,1153,Value 21
246,4,Take in charge ticket,2012-10-01 14:02:16.141401126+00:00,2012-10-01 14:02:16.141401126+00:00,1154,Value 21
246,4,Resolve ticket,2012-10-01 14:02:16.141401126+00:00,2012-10-01 14:02:16.141401126+00:00,1155,Value 21
246,5,Closed,2012-10-01 14:02:16.141401126+00:00,2012-10-01 14:02:16.141401126+00:00,1156,Value 5
247,4,Assign seriousness,2012-10-01 14:14:26.136966706+00:00,2012-10-01 14:14:26.136966706+00:00,1157,Value 21
247,4,Take in charge ticket,2012-10-01 14:14:26.136966706+00:00,2012-10-01 14:14:26.136966706+00:00,1158,Value 21
247,4,Resolve ticket,2012-10-01 14:14:26.136966706+00:00,2012-10-01 14:14:26.136966706+00:00,1159,Value 21
247,5,Closed,2012-10-01 14:14:26.136966706+00:00,2012-10-01 14:14:26.136966706+00:00,1160,Value 5
248,4,Assign seriousness,2012-10-01 14:14:47.290382420+00:00,2012-10-01 14:14:47.290382420+00:00,1161,Value 21
248,4,Take in charge ticket,2012-10-01 14:14:47.290382420+00:00,2012-10-01 14:14:47.290382420+00:00,1162,Value 21
248,4,Resolve ticket,2012-10-01 14:14:47.290382420+00:00,2012-10-01 14:14:47.290382420+00:00,1163,Value 21
248,5,Closed,2012-10-01 14:14:47.290382420+00:00,2012-10-01 14:14:47.290382420+00:00,1164,Value 5
249,4,Assign seriousness,2012-10-01 14:23:28.155559141+00:00,2012-10-01 14:23:28.155559141+00:00,1165,Value 21
249,4,Take in charge ticket,2012-10-01 14:23:28.155559141+00:00,2012-10-01 14:23:28.155559141+00:00,1166,Value 21
249,4,Resolve ticket,2012-10-01 14:23:28.155559141+00:00,2012-10-01 14:23:28.155559141+00:00,1167,Value 21
249,5,Closed,2012-10-01 14:23:28.155559141+00:00,2012-10-01 14:23:28.155559141+00:00,1168,Value 5
250,4,Assign seriousness,2012-10-01 14:58:02.716352065+00:00,2012-10-01 14:58:02.716352065+00:00,1169,Value 21
250,4,Take in charge ticket,2012-10-01 14:58:02.716352065+00:00,2012-10-01 14:58:02.716352065+00:00,1170,Value 21
250,4,Resolve ticket,2012-10-01 14:58:02.716352065+00:00,2012-10-01 14:58:02.716352065+00:00,1171,Value 21
250,5,Closed,2012-10-01 14:58:02.716352065+00:00,2012-10-01 14:58:02.716352065+00:00,1172,Value 5
251,4,Assign seriousness,2012-10-01 14:58:15.244251085+00:00,2012-10-01 14:58:15.244251085+00:00,1173,Value 21
251,4,Take in charge ticket,2012-10-01 14:58:15.244251085+00:00,2012-10-01 14:58:15.244251085+00:00,1174,Value 21
251,4,Resolve ticket,2012-10-01 14:58:15.244251085+00:00,2012-10-01 14:58:15.244251085+00:00,1175,Value 21
251,5,Closed,2012-10-01 14:58:15.244251085+00:00,2012-10-01 14:58:15.244251085+00:00,1176,Value 5
252,4,Assign seriousness,2012-10-02 04:00:00+00:00,2012-10-02 04:00:00+00:00,1178,Value 21
252,4,Take in charge ticket,2012-10-02 04:00:00+00:00,2012-10-02 04:00:00+00:00,1179,Value 21
252,4,Resolve ticket,2012-10-02 04:00:00+00:00,2012-10-02 04:00:00+00:00,1180,Value 21
252,4,Closed,2012-10-02 04:00:00+00:00,2012-10-02 04:00:00+00:00,1181,Value 21
253,4,Assign seriousness,2012-10-02 04:09:11.039859638+00:00,2012-10-02 04:09:11.039859638+00:00,1182,Value 21
253,4,Take in charge ticket,2012-10-02 04:09:11.039859638+00:00,2012-10-02 04:09:11.039859638+00:00,1183,Value 21
253,4,Resolve ticket,2012-10-02 04:09:11.039859638+00:00,2012-10-02 04:09:11.039859638+00:00,1184,Value 21
253,4,Closed,2012-10-02 04:09:11.039859638+00:00,2012-10-02 04:09:11.039859638+00:00,1185,Value 21
254,4,Assign seriousness,2012-10-02 04:20:23.109160892+00:00,2012-10-02 04:20:23.109160892+00:00,1186,Value 21
254,4,Take in charge ticket,2012-10-02 04:20:23.109160892+00:00,2012-10-02 04:20:23.109160892+00:00,1187,Value 21
254,4,Resolve ticket,2012-10-02 04:20:23.109160892+00:00,2012-10-02 04:20:23.109160892+00:00,1188,Value 21
254,5,Closed,2012-10-02 04:20:23.109160892+00:00,2012-10-02 04:20:23.109160892+00:00,1189,Value 5
255,4,Assign seriousness,2012-10-02 05:06:36.235168525+00:00,2012-10-02 05:06:36.235168525+00:00,1190,Value 21
255,4,Take in charge ticket,2012-10-02 05:06:36.235168525+00:00,2012-10-02 05:06:36.235168525+00:00,1191,Value 21
255,7,Resolve ticket,2012-10-02 05:06:36.235168525+00:00,2012-10-02 05:06:36.235168525+00:00,1192,Value 12
255,5,Closed,2012-10-02 05:06:36.235168525+00:00,2012-10-02 05:06:36.235168525+00:00,1193,Value 5
256,4,Assign seriousness,2012-10-02 06:41:15.234778806+00:00,2012-10-02 06:41:15.234778806+00:00,1194,Value 21
256,4,Take in charge ticket,2012-10-02 06:41:15.234778806+00:00,2012-10-02 06:41:15.234778806+00:00,1195,Value 21
256,4,Resolve ticket,2012-10-02 06:41:15.234778806+00:00,2012-10-02 06:41:15.234778806+00:00,1196,Value 21
256,4,Closed,2012-10-02 06:41:15.234778806+00:00,2012-10-02 06:41:15.234778806+00:00,1197,Value 21
257,4,Assign seriousness,2012-10-02 08:12:00.492280588+00:00,2012-10-02 08:12:00.492280588+00:00,1198,Value 21
257,4,Take in charge ticket,2012-10-02 08:12:00.492280588+00:00,2012-10-02 08:12:00.492280588+00:00,1199,Value 21
257,7,Resolve ticket,2012-10-02 08:12:00.492280588+00:00,2012-10-02 08:12:00.492280588+00:00,1200,Value 12
257,5,Closed,2012-10-02 08:12:00.492280588+00:00,2012-10-02 08:12:00.492280588+00:00,1201,Value 5
258,9,Insert ticket,2012-10-02 09:18:50.260979760+00:00,2012-10-02 09:18:50.260979760+00:00,1202,Value 14
258,9,Assign seriousness,2012-10-02 09:18:50.260979760+00:00,2012-10-02 09:18:50.260979760+00:00,1203,Value 14
258,9,Take in charge ticket,2012-10-02 09:18:50.260979760+00:00,2012-10-02 09:18:50.260979760+00:00,1204,Value 14
258,3,Resolve ticket,2012-10-02 09:18:50.260979760+00:00,2012-10-02 09:18:50.260979760+00:00,1205,Value 16
258,5,Closed,2012-10-02 09:18:50.260979760+00:00,2012-10-02 09:18:50.260979760+00:00,1206,Value 5
259,4,Assign seriousness,2012-10-02 09:19:14.009065040+00:00,2012-10-02 09:19:14.009065040+00:00,1207,Value 21
259,4,Take in charge ticket,2012-10-02 09:19:14.009065040+00:00,2012-10-02 09:19:14.009065040+00:00,1208,Value 21
259,4,Resolve ticket,2012-10-02 09:19:14.009065040+00:00,2012-10-02 09:19:14.009065040+00:00,1209,Value 21
259,5,Closed,2012-10-02 09:19:14.009065040+00:00,2012-10-02 09:19:14.009065040+00:00,1210,Value 5
260,4,Assign seriousness,2012-10-02 09:48:29.228572333+00:00,2012-10-02 09:48:29.228572333+00:00,1211,Value 21
260,4,Take in charge ticket,2012-10-02 09:48:29.228572333+00:00,2012-10-02 09:48:29.228572333+00:00,1212,Value 21
260,4,Resolve ticket,2012-10-02 09:48:29.228572333+00:00,2012-10-02 09:48:29.228572333+00:00,1213,Value 21
260,4,Closed,2012-10-02 09:48:29.228572333+00:00,2012-10-02 09:48:29.228572333+00:00,1214,Value 21
261,4,Assign seriousness,2012-10-02 10:20:52.915859651+00:00,2012-10-02 10:20:52.915859651+00:00,1215,Value 21
261,4,Take in charge ticket,2012-10-02 10:20:52.915859651+00:00,2012-10-02 10:20:52.915859651+00:00,1216,Value 21
261,4,Resolve ticket,2012-10-02 10:20:52.915859651+00:00,2012-10-02 10:20:52.915859651+00:00,1217,Value 21
261,5,Closed,2012-10-02 10:20:52.915859651+00:00,2012-10-02 10:20:52.915859651+00:00,1218,Value 5
262,9,Insert ticket,2012-10-02 12:16:44.356199026+00:00,2012-10-02 12:16:44.356199026+00:00,1219,Value 14
262,9,Assign seriousness,2012-10-02 12:16:44.356199026+00:00,2012-10-02 12:16:44.356199026+00:00,1220,Value 14
262,9,Assign seriousness,2012-10-02 12:16:44.356199026+00:00,2012-10-02 12:16:44.356199026+00:00,1221,Value 14
262,9,Take in charge ticket,2012-10-02 12:16:44.356199026+00:00,2012-10-02 12:16:44.356199026+00:00,1222,Value 14
262,9,Resolve ticket,2012-10-02 12:16:44.356199026+00:00,2012-10-02 12:16:44.356199026+00:00,1223,Value 14
262,5,Closed,2012-10-02 12:16:44.356199026+00:00,2012-10-02 12:16:44.356199026+00:00,1224,Value 5
263,4,Assign seriousness,2012-10-02 13:01:50.388822918+00:00,2012-10-02 13:01:50.388822918+00:00,1225,Value 21
263,4,Take in charge ticket,2012-10-02 13:01:50.388822918+00:00,2012-10-02 13:01:50.388822918+00:00,1226,Value 21
263,4,Resolve ticket,2012-10-02 13:01:50.388822918+00:00,2012-10-02 13:01:50.388822918+00:00,1227,Value 21
263,4,Closed,2012-10-02 13:01:50.388822918+00:00,2012-10-02 13:01:50.388822918+00:00,1228,Value 21
264,4,Assign seriousness,2012-10-02 14:04:47.067616686+00:00,2012-10-02 14:04:47.067616686+00:00,1229,Value 21
264,4,Take in charge ticket,2012-10-02 14:04:47.067616686+00:00,2012-10-02 14:04:47.067616686+00:00,1230,Value 21
264,4,Resolve ticket,2012-10-02 14:04:47.067616686+00:00,2012-10-02 14:04:47.067616686+00:00,1231,Value 21
264,4,Closed,2012-10-02 14:04:47.067616686+00:00,2012-10-02 14:04:47.067616686+00:00,1232,Value 21
265,4,Assign seriousness,2012-10-03 04:01:43+00:00,2012-10-03 04:01:43+00:00,1233,Value 21
265,4,Take in charge ticket,2012-10-03 04:01:43+00:00,2012-10-03 04:01:43+00:00,1234,Value 21
265,4,Resolve ticket,2012-10-03 04:01:43+00:00,2012-10-03 04:01:43+00:00,1235,Value 21
265,4,Closed,2012-10-03 04:01:43+00:00,2012-10-03 04:01:43+00:00,1236,Value 21
266,4,Assign seriousness,2012-10-03 08:34:37.287618862+00:00,2012-10-03 08:34:37.287618862+00:00,1237,Value 21
266,4,Take in charge ticket,2012-10-03 08:34:37.287618862+00:00,2012-10-03 08:34:37.287618862+00:00,1238,Value 21
266,4,Resolve ticket,2012-10-03 08:34:37.287618862+00:00,2012-10-03 08:34:37.287618862+00:00,1239,Value 21
266,4,Closed,2012-10-03 08:34:37.287618862+00:00,2012-10-03 08:34:37.287618862+00:00,1240,Value 21
267,4,Assign seriousness,2012-10-03 08:40:59.127904759+00:00,2012-10-03 08:40:59.127904759+00:00,1241,Value 21
267,4,Take in charge ticket,2012-10-03 08:40:59.127904759+00:00,2012-10-03 08:40:59.127904759+00:00,1242,Value 21
267,4,Resolve ticket,2012-10-03 08:40:59.127904759+00:00,2012-10-03 08:40:59.127904759+00:00,1243,Value 21
267,5,Closed,2012-10-03 08:40:59.127904759+00:00,2012-10-03 08:40:59.127904759+00:00,1244,Value 5
268,4,Assign seriousness,2012-10-03 13:39:31.446848587+00:00,2012-10-03 13:39:31.446848587+00:00,1245,Value 21
268,4,Take in charge ticket,2012-10-03 13:39:31.446848587+00:00,2012-10-03 13:39:31.446848587+00:00,1246,Value 21
268,4,Resolve ticket,2012-10-03 13:39:31.446848587+00:00,2012-10-03 13:39:31.446848587+00:00,1247,Value 21
268,4,Closed,2012-10-03 13:39:31.446848587+00:00,2012-10-03 13:39:31.446848587+00:00,1248,Value 21
269,4,Assign seriousness,2012-10-03 14:37:28.086671990+00:00,2012-10-03 14:37:28.086671990+00:00,1249,Value 21
269,4,Take in charge ticket,2012-10-03 14:37:28.086671990+00:00,2012-10-03 14:37:28.086671990+00:00,1250,Value 21
269,7,Resolve ticket,2012-10-03 14:37:28.086671990+00:00,2012-10-03 14:37:28.086671990+00:00,1251,Value 12
269,5,Closed,2012-10-03 14:37:28.086671990+00:00,2012-10-03 14:37:28.086671990+00:00,1252,Value 5
270,4,Assign seriousness,2012-10-03 15:06:45.539348463+00:00,2012-10-03 15:06:45.539348463+00:00,1253,Value 21
270,4,Take in charge ticket,2012-10-03 15:06:45.539348463+00:00,2012-10-03 15:06:45.539348463+00:00,1254,Value 21
270,4,Resolve ticket,2012-10-03 15:06:45.539348463+00:00,2012-10-03 15:06:45.539348463+00:00,1255,Value 21
270,5,Closed,2012-10-03 15:06:45.539348463+00:00,2012-10-03 15:06:45.539348463+00:00,1256,Value 5
271,6,Assign seriousness,2012-10-04 04:02:16+00:00,2012-10-04 04:02:16+00:00,1257,Value 10
271,9,Take in charge ticket,2012-10-04 04:02:16+00:00,2012-10-04 04:02:16+00:00,1258,Value 14
271,9,Resolve ticket,2012-10-04 04:02:16+00:00,2012-10-04 04:02:16+00:00,1259,Value 14
271,5,Closed,2012-10-04 04:02:16+00:00,2012-10-04 04:02:16+00:00,1260,Value 5
272,6,Assign seriousness,2012-10-04 04:15:58.952838971+00:00,2012-10-04 04:15:58.952838971+00:00,1261,Value 10
272,12,Take in charge ticket,2012-10-04 04:15:58.952838971+00:00,2012-10-04 04:15:58.952838971+00:00,1262,Value 7
272,12,Wait,2012-10-04 04:15:58.952838971+00:00,2012-10-04 04:15:58.952838971+00:00,1263,Value 7
272,0,Wait,2012-10-04 04:15:58.952838971+00:00,2012-10-04 04:15:58.952838971+00:00,1264,Value 2
272,0,Wait,2012-10-04 04:15:58.952838971+00:00,2012-10-04 04:15:58.952838971+00:00,1265,Value 2
272,0,Take in charge ticket,2012-10-04 04:15:58.952838971+00:00,2012-10-04 04:15:58.952838971+00:00,1266,Value 2
272,0,Resolve ticket,2012-10-04 04:15:58.952838971+00:00,2012-10-04 04:15:58.952838971+00:00,1267,Value 2
272,5,Closed,2012-10-04 04:15:58.952838971+00:00,2012-10-04 04:15:58.952838971+00:00,1268,Value 5
273,6,Assign seriousness,2012-10-04 04:40:16.125498212+00:00,2012-10-04 04:40:16.125498212+00:00,1269,Value 10
273,11,Take in charge ticket,2012-10-04 04:40:16.125498212+00:00,2012-10-04 04:40:16.125498212+00:00,1270,Value 9
273,11,Wait,2012-10-04 04:40:16.125498212+00:00,2012-10-04 04:40:16.125498212+00:00,1271,Value 9
273,11,Resolve ticket,2012-10-04 04:40:16.125498212+00:00,2012-10-04 04:40:16.125498212+00:00,1272,Value 9
273,5,Closed,2012-10-04 04:40:16.125498212+00:00,2012-10-04 04:40:16.125498212+00:00,1273,Value 5
274,6,Assign seriousness,2012-10-04 05:26:10.794500108+00:00,2012-10-04 05:26:10.794500108+00:00,1274,Value 10
274,12,Take in charge ticket,2012-10-04 05:26:10.794500108+00:00,2012-10-04 05:26:10.794500108+00:00,1275,Value 7
274,12,Resolve ticket,2012-10-04 05:26:10.794500108+00:00,2012-10-04 05:26:10.794500108+00:00,1276,Value 7
274,0,Resolve ticket,2012-10-04 05:26:10.794500108+00:00,2012-10-04 05:26:10.794500108+00:00,1277,Value 2
274,5,Closed,2012-10-04 05:26:10.794500108+00:00,2012-10-04 05:26:10.794500108+00:00,1278,Value 5
275,6,Assign seriousness,2012-10-04 08:13:33.786122063+00:00,2012-10-04 08:13:33.786122063+00:00,1279,Value 10
275,9,Take in charge ticket,2012-10-04 08:13:33.786122063+00:00,2012-10-04 08:13:33.786122063+00:00,1280,Value 14
275,9,Wait,2012-10-04 08:13:33.786122063+00:00,2012-10-04 08:13:33.786122063+00:00,1281,Value 14
275,9,Take in charge ticket,2012-10-04 08:13:33.786122063+00:00,2012-10-04 08:13:33.786122063+00:00,1282,Value 14
275,9,Resolve ticket,2012-10-04 08:13:33.786122063+00:00,2012-10-04 08:13:33.786122063+00:00,1283,Value 14
275,5,Closed,2012-10-04 08:13:33.786122063+00:00,2012-10-04 08:13:33.786122063+00:00,1284,Value 5
276,6,Assign seriousness,2012-10-04 08:13:45.420463260+00:00,2012-10-04 08:13:45.420463260+00:00,1285,Value 10
276,11,Take in charge ticket,2012-10-04 08:13:45.420463260+00:00,2012-10-04 08:13:45.420463260+00:00,1286,Value 9
276,11,Wait,2012-10-04 08:13:45.420463260+00:00,2012-10-04 08:13:45.420463260+00:00,1287,Value 9
276,11,Take in charge ticket,2012-10-04 08:13:45.420463260+00:00,2012-10-04 08:13:45.420463260+00:00,1288,Value 9
276,11,Resolve ticket,2012-10-04 08:13:45.420463260+00:00,2012-10-04 08:13:45.420463260+00:00,1289,Value 9
276,5,Closed,2012-10-04 08:13:45.420463260+00:00,2012-10-04 08:13:45.420463260+00:00,1290,Value 5
277,6,Assign seriousness,2012-10-04 10:08:32.081523789+00:00,2012-10-04 10:08:32.081523789+00:00,1291,Value 10
277,6,Assign seriousness,2012-10-04 10:08:32.081523789+00:00,2012-10-04 10:08:32.081523789+00:00,1292,Value 10
277,1,Take in charge ticket,2012-10-04 10:08:32.081523789+00:00,2012-10-04 10:08:32.081523789+00:00,1293,Value 15
277,1,Resolve ticket,2012-10-04 10:08:32.081523789+00:00,2012-10-04 10:08:32.081523789+00:00,1294,Value 15
277,4,Resolve ticket,2012-10-04 10:08:32.081523789+00:00,2012-10-04 10:08:32.081523789+00:00,1295,Value 21
277,5,Closed,2012-10-04 10:08:32.081523789+00:00,2012-10-04 10:08:32.081523789+00:00,1296,Value 5
278,6,Assign seriousness,2012-10-04 11:04:53.614835431+00:00,2012-10-04 11:04:53.614835431+00:00,1297,Value 10
278,6,Take in charge ticket,2012-10-04 11:04:53.614835431+00:00,2012-10-04 11:04:53.614835431+00:00,1298,Value 10
278,0,Wait,2012-10-04 11:04:53.614835431+00:00,2012-10-04 11:04:53.614835431+00:00,1299,Value 2
278,0,Take in charge ticket,2012-10-04 11:04:53.614835431+00:00,2012-10-04 11:04:53.614835431+00:00,1300,Value 2
278,0,Resolve ticket,2012-10-04 11:04:53.614835431+00:00,2012-10-04 11:04:53.614835431+00:00,1301,Value 2
278,5,Closed,2012-10-04 11:04:53.614835431+00:00,2012-10-04 11:04:53.614835431+00:00,1302,Value 5
279,6,Assign seriousness,2012-10-04 13:51:43.469769312+00:00,2012-10-04 13:51:43.469769312+00:00,1303,Value 10
279,6,Assign seriousness,2012-10-04 13:51:43.469769312+00:00,2012-10-04 13:51:43.469769312+00:00,1304,Value 10
279,6,Take in charge ticket,2012-10-04 13:51:43.469769312+00:00,2012-10-04 13:51:43.469769312+00:00,1305,Value 10
279,18,Resolve ticket,2012-10-04 13:51:43.469769312+00:00,2012-10-04 13:51:43.469769312+00:00,1306,Value 4
279,5,Closed,2012-10-04 13:51:43.469769312+00:00,2012-10-04 13:51:43.469769312+00:00,1307,Value 5
280,6,Assign seriousness,2012-10-04 13:59:07.496100510+00:00,2012-10-04 13:59:07.496100510+00:00,1308,Value 10
280,0,Assign seriousness,2012-10-04 13:59:07.496100510+00:00,2012-10-04 13:59:07.496100510+00:00,1309,Value 2
280,0,Take in charge ticket,2012-10-04 13:59:07.496100510+00:00,2012-10-04 13:59:07.496100510+00:00,1310,Value 2
280,0,Wait,2012-10-04 13:59:07.496100510+00:00,2012-10-04 13:59:07.496100510+00:00,1311,Value 2
280,0,Take in charge ticket,2012-10-04 13:59:07.496100510+00:00,2012-10-04 13:59:07.496100510+00:00,1312,Value 2
280,0,Resolve ticket,2012-10-04 13:59:07.496100510+00:00,2012-10-04 13:59:07.496100510+00:00,1313,Value 2
280,5,Closed,2012-10-04 13:59:07.496100510+00:00,2012-10-04 13:59:07.496100510+00:00,1314,Value 5
281,6,Assign seriousness,2012-10-05 04:00:00+00:00,2012-10-05 04:00:00+00:00,1316,Value 10
281,12,Take in charge ticket,2012-10-05 04:00:00+00:00,2012-10-05 04:00:00+00:00,1317,Value 7
281,12,Resolve ticket,2012-10-05 04:00:00+00:00,2012-10-05 04:00:00+00:00,1318,Value 7
281,5,Closed,2012-10-05 04:00:00+00:00,2012-10-05 04:00:00+00:00,1319,Value 5
282,6,Assign seriousness,2012-10-05 04:22:32.190910994+00:00,2012-10-05 04:22:32.190910994+00:00,1320,Value 10
282,11,Take in charge ticket,2012-10-05 04:22:32.190910994+00:00,2012-10-05 04:22:32.190910994+00:00,1321,Value 9
282,11,Resolve ticket,2012-10-05 04:22:32.190910994+00:00,2012-10-05 04:22:32.190910994+00:00,1322,Value 9
282,5,Closed,2012-10-05 04:22:32.190910994+00:00,2012-10-05 04:22:32.190910994+00:00,1323,Value 5
283,6,Assign seriousness,2012-10-05 04:35:31.113030419+00:00,2012-10-05 04:35:31.113030419+00:00,1324,Value 10
283,12,Take in charge ticket,2012-10-05 04:35:31.113030419+00:00,2012-10-05 04:35:31.113030419+00:00,1325,Value 7
283,12,Resolve ticket,2012-10-05 04:35:31.113030419+00:00,2012-10-05 04:35:31.113030419+00:00,1326,Value 7
283,11,Take in charge ticket,2012-10-05 04:35:31.113030419+00:00,2012-10-05 04:35:31.113030419+00:00,1327,Value 9
283,11,Resolve ticket,2012-10-05 04:35:31.113030419+00:00,2012-10-05 04:35:31.113030419+00:00,1328,Value 9
283,5,Closed,2012-10-05 04:35:31.113030419+00:00,2012-10-05 04:35:31.113030419+00:00,1329,Value 5
284,6,Assign seriousness,2012-10-05 05:19:59.625152419+00:00,2012-10-05 05:19:59.625152419+00:00,1330,Value 10
284,6,Take in charge ticket,2012-10-05 05:19:59.625152419+00:00,2012-10-05 05:19:59.625152419+00:00,1331,Value 10
284,6,Resolve ticket,2012-10-05 05:19:59.625152419+00:00,2012-10-05 05:19:59.625152419+00:00,1332,Value 10
284,5,Closed,2012-10-05 05:19:59.625152419+00:00,2012-10-05 05:19:59.625152419+00:00,1333,Value 5
285,6,Assign seriousness,2012-10-05 08:14:45.927023018+00:00,2012-10-05 08:14:45.927023018+00:00,1334,Value 10
285,1,Take in charge ticket,2012-10-05 08:14:45.927023018+00:00,2012-10-05 08:14:45.927023018+00:00,1335,Value 15
285,1,Resolve ticket,2012-10-05 08:14:45.927023018+00:00,2012-10-05 08:14:45.927023018+00:00,1336,Value 15
285,5,Closed,2012-10-05 08:14:45.927023018+00:00,2012-10-05 08:14:45.927023018+00:00,1337,Value 5
286,6,Assign seriousness,2012-10-05 10:22:12.234008692+00:00,2012-10-05 10:22:12.234008692+00:00,1338,Value 10
286,6,Take in charge ticket,2012-10-05 10:22:12.234008692+00:00,2012-10-05 10:22:12.234008692+00:00,1339,Value 10
286,6,Resolve ticket,2012-10-05 10:22:12.234008692+00:00,2012-10-05 10:22:12.234008692+00:00,1340,Value 10
286,5,Closed,2012-10-05 10:22:12.234008692+00:00,2012-10-05 10:22:12.234008692+00:00,1341,Value 5
287,6,Assign seriousness,2012-10-05 10:31:59.360514904+00:00,2012-10-05 10:31:59.360514904+00:00,1342,Value 10
287,6,Assign seriousness,2012-10-05 10:31:59.360514904+00:00,2012-10-05 10:31:59.360514904+00:00,1343,Value 10
287,6,Take in charge ticket,2012-10-05 10:31:59.360514904+00:00,2012-10-05 10:31:59.360514904+00:00,1344,Value 10
287,6,Resolve ticket,2012-10-05 10:31:59.360514904+00:00,2012-10-05 10:31:59.360514904+00:00,1345,Value 10
287,5,Closed,2012-10-05 10:31:59.360514904+00:00,2012-10-05 10:31:59.360514904+00:00,1346,Value 5
288,6,Assign seriousness,2012-10-05 14:37:30.890922526+00:00,2012-10-05 14:37:30.890922526+00:00,1347,Value 10
288,12,Take in charge ticket,2012-10-05 14:37:30.890922526+00:00,2012-10-05 14:37:30.890922526+00:00,1348,Value 7
288,12,Resolve ticket,2012-10-05 14:37:30.890922526+00:00,2012-10-05 14:37:30.890922526+00:00,1349,Value 7
288,5,Closed,2012-10-05 14:37:30.890922526+00:00,2012-10-05 14:37:30.890922526+00:00,1350,Value 5
289,6,Assign seriousness,2012-10-05 15:08:09.287979668+00:00,2012-10-05 15:08:09.287979668+00:00,1351,Value 10
289,11,Take in charge ticket,2012-10-05 15:08:09.287979668+00:00,2012-10-05 15:08:09.287979668+00:00,1352,Value 9
289,11,Resolve ticket,2012-10-05 15:08:09.287979668+00:00,2012-10-05 15:08:09.287979668+00:00,1353,Value 9
289,5,Closed,2012-10-05 15:08:09.287979668+00:00,2012-10-05 15:08:09.287979668+00:00,1354,Value 5
289,5,Closed,2012-10-05 15:08:09.287979668+00:00,2012-10-05 15:08:09.287979668+00:00,1355,Value 5
290,5,Assign seriousness,2012-10-06 13:17:27+00:00,2012-10-06 13:17:27+00:00,1356,Value 5
290,0,Take in charge ticket,2012-10-08 03:00:00+00:00,2012-10-08 03:00:00+00:00,1358,Value 2
290,0,Wait,2012-10-08 03:00:00+00:00,2012-10-08 03:00:00+00:00,1359,Value 2
290,15,Resolve ticket,2012-10-08 03:00:00+00:00,2012-10-08 03:00:00+00:00,1360,Value 13
290,5,Closed,2012-10-08 06:00:00+00:00,2012-10-08 06:00:00+00:00,1361,Value 5
291,9,Assign seriousness,2012-10-08 04:00:49+00:00,2012-10-08 04:00:49+00:00,1362,Value 14
291,9,Take in charge ticket,2012-10-08 04:00:49+00:00,2012-10-08 04:00:49+00:00,1363,Value 14
291,9,Resolve ticket,2012-10-08 04:00:49+00:00,2012-10-08 04:00:49+00:00,1364,Value 14
292,9,Assign seriousness,2012-10-08 04:10:01.889319190+00:00,2012-10-08 04:10:01.889319190+00:00,1366,Value 14
291,5,Closed,2012-10-08 06:00:00+00:00,2012-10-08 06:00:00+00:00,1367,Value 5
292,0,Assign seriousness,2012-10-08 04:10:01.889319190+00:00,2012-10-08 04:10:01.889319190+00:00,1368,Value 2
293,9,Assign seriousness,2012-10-08 05:21:38.702859800+00:00,2012-10-08 05:21:38.702859800+00:00,1369,Value 14
292,0,Take in charge ticket,2012-10-08 04:10:01.889319190+00:00,2012-10-08 04:10:01.889319190+00:00,1370,Value 2
293,9,Take in charge ticket,2012-10-08 05:21:38.702859800+00:00,2012-10-08 05:21:38.702859800+00:00,1371,Value 14
292,0,Resolve ticket,2012-10-08 04:10:01.889319190+00:00,2012-10-08 04:10:01.889319190+00:00,1372,Value 2
293,9,Resolve ticket,2012-10-08 05:21:38.702859800+00:00,2012-10-08 05:21:38.702859800+00:00,1373,Value 14
292,5,Closed,2012-10-08 06:00:00+00:00,2012-10-08 06:00:00+00:00,1374,Value 5
294,9,Assign seriousness,2012-10-08 05:38:06.204885104+00:00,2012-10-08 05:38:06.204885104+00:00,1376,Value 14
294,0,Take in charge ticket,2012-10-08 05:38:06.204885104+00:00,2012-10-08 05:38:06.204885104+00:00,1377,Value 2
295,9,Assign seriousness,2012-10-08 05:56:41.502471836+00:00,2012-10-08 05:56:41.502471836+00:00,1378,Value 14
293,5,Closed,2012-10-08 06:00:00+00:00,2012-10-08 06:00:00+00:00,1379,Value 5
294,0,Resolve ticket,2012-10-08 05:38:06.204885104+00:00,2012-10-08 05:38:06.204885104+00:00,1380,Value 2
295,3,Take in charge ticket,2012-10-08 05:56:41.502471836+00:00,2012-10-08 05:56:41.502471836+00:00,1381,Value 16
294,5,Closed,2012-10-08 06:00:00+00:00,2012-10-08 06:00:00+00:00,1382,Value 5
295,3,Resolve ticket,2012-10-08 05:56:41.502471836+00:00,2012-10-08 05:56:41.502471836+00:00,1383,Value 16
295,2,Take in charge ticket,2012-10-08 05:56:41.502471836+00:00,2012-10-08 05:56:41.502471836+00:00,1384,Value 11
295,2,Resolve ticket,2012-10-08 05:56:41.502471836+00:00,2012-10-08 05:56:41.502471836+00:00,1385,Value 11
295,5,Closed,2012-10-08 06:00:00+00:00,2012-10-08 06:00:00+00:00,1387,Value 5
296,9,Assign seriousness,2012-10-08 06:13:57.726371494+00:00,2012-10-08 06:13:57.726371494+00:00,1388,Value 14
296,10,Take in charge ticket,2012-10-08 06:13:57.726371494+00:00,2012-10-08 06:13:57.726371494+00:00,1389,Value 19
296,10,Resolve ticket,2012-10-08 06:13:57.726371494+00:00,2012-10-08 06:13:57.726371494+00:00,1390,Value 19
296,5,Closed,2012-10-08 06:13:57.726371494+00:00,2012-10-08 06:13:57.726371494+00:00,1391,Value 5
297,9,Assign seriousness,2012-10-08 06:16:08.877894549+00:00,2012-10-08 06:16:08.877894549+00:00,1392,Value 14
297,9,Take in charge ticket,2012-10-08 06:16:08.877894549+00:00,2012-10-08 06:16:08.877894549+00:00,1393,Value 14
297,9,Resolve ticket,2012-10-08 06:16:08.877894549+00:00,2012-10-08 06:16:08.877894549+00:00,1394,Value 14
297,9,Take in charge ticket,2012-10-08 06:16:08.877894549+00:00,2012-10-08 06:16:08.877894549+00:00,1395,Value 14
297,9,Resolve ticket,2012-10-08 06:16:08.877894549+00:00,2012-10-08 06:16:08.877894549+00:00,1396,Value 14
297,5,Closed,2012-10-08 06:16:08.877894549+00:00,2012-10-08 06:16:08.877894549+00:00,1397,Value 5
298,9,Assign seriousness,2012-10-08 07:48:59.478341311+00:00,2012-10-08 07:48:59.478341311+00:00,1398,Value 14
298,11,Take in charge ticket,2012-10-08 07:48:59.478341311+00:00,2012-10-08 07:48:59.478341311+00:00,1399,Value 9
298,11,Resolve ticket,2012-10-08 07:48:59.478341311+00:00,2012-10-08 07:48:59.478341311+00:00,1400,Value 9
298,5,Closed,2012-10-08 07:48:59.478341311+00:00,2012-10-08 07:48:59.478341311+00:00,1401,Value 5
299,9,Assign seriousness,2012-10-08 07:57:13.175203792+00:00,2012-10-08 07:57:13.175203792+00:00,1402,Value 14
299,9,Take in charge ticket,2012-10-08 07:57:13.175203792+00:00,2012-10-08 07:57:13.175203792+00:00,1403,Value 14
299,9,Create SW anomaly,2012-10-08 07:57:13.175203792+00:00,2012-10-08 07:57:13.175203792+00:00,1404,Value 14
299,9,Resolve ticket,2012-10-08 07:57:13.175203792+00:00,2012-10-08 07:57:13.175203792+00:00,1405,Value 14
299,5,Closed,2012-10-08 07:57:13.175203792+00:00,2012-10-08 07:57:13.175203792+00:00,1406,Value 5
300,9,Assign seriousness,2012-10-08 09:57:30.087901707+00:00,2012-10-08 09:57:30.087901707+00:00,1407,Value 14
300,0,Take in charge ticket,2012-10-08 09:57:30.087901707+00:00,2012-10-08 09:57:30.087901707+00:00,1408,Value 2
300,0,Resolve ticket,2012-10-08 09:57:30.087901707+00:00,2012-10-08 09:57:30.087901707+00:00,1409,Value 2
300,5,Closed,2012-10-08 09:57:30.087901707+00:00,2012-10-08 09:57:30.087901707+00:00,1410,Value 5
301,9,Assign seriousness,2012-10-08 10:09:43.926526999+00:00,2012-10-08 10:09:43.926526999+00:00,1411,Value 14
301,0,Take in charge ticket,2012-10-08 10:09:43.926526999+00:00,2012-10-08 10:09:43.926526999+00:00,1412,Value 2
301,0,Resolve ticket,2012-10-08 10:09:43.926526999+00:00,2012-10-08 10:09:43.926526999+00:00,1413,Value 2
301,5,Closed,2012-10-08 10:09:43.926526999+00:00,2012-10-08 10:09:43.926526999+00:00,1414,Value 5
302,9,Assign seriousness,2012-10-08 11:08:20.292961598+00:00,2012-10-08 11:08:20.292961598+00:00,1415,Value 14
302,9,Take in charge ticket,2012-10-08 11:08:20.292961598+00:00,2012-10-08 11:08:20.292961598+00:00,1416,Value 14
302,9,Create SW anomaly,2012-10-08 11:08:20.292961598+00:00,2012-10-08 11:08:20.292961598+00:00,1417,Value 14
302,9,Resolve ticket,2012-10-08 11:08:20.292961598+00:00,2012-10-08 11:08:20.292961598+00:00,1418,Value 14
302,5,Closed,2012-10-08 11:08:20.292961598+00:00,2012-10-08 11:08:20.292961598+00:00,1419,Value 5
303,9,Assign seriousness,2012-10-08 11:46:21.005942931+00:00,2012-10-08 11:46:21.005942931+00:00,1420,Value 14
303,0,Assign seriousness,2012-10-08 11:46:21.005942931+00:00,2012-10-08 11:46:21.005942931+00:00,1421,Value 2
303,0,Take in charge ticket,2012-10-08 11:46:21.005942931+00:00,2012-10-08 11:46:21.005942931+00:00,1422,Value 2
303,9,Wait,2012-10-08 11:46:21.005942931+00:00,2012-10-08 11:46:21.005942931+00:00,1423,Value 14
303,9,Resolve ticket,2012-10-08 11:46:21.005942931+00:00,2012-10-08 11:46:21.005942931+00:00,1424,Value 14
303,9,Take in charge ticket,2012-10-08 11:46:21.005942931+00:00,2012-10-08 11:46:21.005942931+00:00,1425,Value 14
303,9,Resolve ticket,2012-10-08 11:46:21.005942931+00:00,2012-10-08 11:46:21.005942931+00:00,1426,Value 14
303,5,Closed,2012-10-08 11:46:21.005942931+00:00,2012-10-08 11:46:21.005942931+00:00,1427,Value 5
304,9,Assign seriousness,2012-10-08 12:06:06.192978576+00:00,2012-10-08 12:06:06.192978576+00:00,1428,Value 14
304,0,Take in charge ticket,2012-10-08 12:06:06.192978576+00:00,2012-10-08 12:06:06.192978576+00:00,1429,Value 2
304,0,Wait,2012-10-08 12:06:06.192978576+00:00,2012-10-08 12:06:06.192978576+00:00,1430,Value 2
304,18,Resolve ticket,2012-10-08 12:06:06.192978576+00:00,2012-10-08 12:06:06.192978576+00:00,1431,Value 4
304,5,Closed,2012-10-08 12:06:06.192978576+00:00,2012-10-08 12:06:06.192978576+00:00,1432,Value 5
305,9,Assign seriousness,2012-10-08 14:17:55.309506125+00:00,2012-10-08 14:17:55.309506125+00:00,1433,Value 14
305,9,Take in charge ticket,2012-10-08 14:17:55.309506125+00:00,2012-10-08 14:17:55.309506125+00:00,1434,Value 14
305,9,Resolve ticket,2012-10-08 14:17:55.309506125+00:00,2012-10-08 14:17:55.309506125+00:00,1435,Value 14
305,5,Closed,2012-10-08 14:17:55.309506125+00:00,2012-10-08 14:17:55.309506125+00:00,1436,Value 5
306,9,Assign seriousness,2012-10-08 14:18:34.202860623+00:00,2012-10-08 14:18:34.202860623+00:00,1437,Value 14
306,9,Take in charge ticket,2012-10-08 14:18:34.202860623+00:00,2012-10-08 14:18:34.202860623+00:00,1438,Value 14
306,9,Resolve ticket,2012-10-08 14:18:34.202860623+00:00,2012-10-08 14:18:34.202860623+00:00,1439,Value 14
306,9,Resolve ticket,2012-10-08 14:18:34.202860623+00:00,2012-10-08 14:18:34.202860623+00:00,1440,Value 14
306,0,Take in charge ticket,2012-10-08 14:18:34.202860623+00:00,2012-10-08 14:18:34.202860623+00:00,1441,Value 2
306,0,Wait,2012-10-08 14:18:34.202860623+00:00,2012-10-08 14:18:34.202860623+00:00,1442,Value 2
306,0,Take in charge ticket,2012-10-08 14:18:34.202860623+00:00,2012-10-08 14:18:34.202860623+00:00,1443,Value 2
306,0,Resolve ticket,2012-10-08 14:18:34.202860623+00:00,2012-10-08 14:18:34.202860623+00:00,1444,Value 2
306,5,Closed,2012-10-08 14:18:34.202860623+00:00,2012-10-08 14:18:34.202860623+00:00,1445,Value 5
307,9,Assign seriousness,2012-10-09 04:00:00+00:00,2012-10-09 04:00:00+00:00,1447,Value 14
307,0,Take in charge ticket,2012-10-09 04:00:00+00:00,2012-10-09 04:00:00+00:00,1448,Value 2
307,0,Resolve ticket,2012-10-09 04:00:00+00:00,2012-10-09 04:00:00+00:00,1449,Value 2
307,5,Closed,2012-10-09 04:00:00+00:00,2012-10-09 04:00:00+00:00,1450,Value 5
308,9,Assign seriousness,2012-10-09 04:21:49.210102269+00:00,2012-10-09 04:21:49.210102269+00:00,1451,Value 14
308,9,Take in charge ticket,2012-10-09 04:21:49.210102269+00:00,2012-10-09 04:21:49.210102269+00:00,1452,Value 14
308,9,Resolve ticket,2012-10-09 04:21:49.210102269+00:00,2012-10-09 04:21:49.210102269+00:00,1453,Value 14
308,5,Closed,2012-10-09 04:21:49.210102269+00:00,2012-10-09 04:21:49.210102269+00:00,1454,Value 5
309,9,Assign seriousness,2012-10-09 05:04:30.520377873+00:00,2012-10-09 05:04:30.520377873+00:00,1455,Value 14
309,0,Assign seriousness,2012-10-09 05:04:30.520377873+00:00,2012-10-09 05:04:30.520377873+00:00,1456,Value 2
309,0,Take in charge ticket,2012-10-09 05:04:30.520377873+00:00,2012-10-09 05:04:30.520377873+00:00,1457,Value 2
309,0,Resolve ticket,2012-10-09 05:04:30.520377873+00:00,2012-10-09 05:04:30.520377873+00:00,1458,Value 2
309,5,Closed,2012-10-09 05:04:30.520377873+00:00,2012-10-09 05:04:30.520377873+00:00,1459,Value 5
310,9,Assign seriousness,2012-10-09 06:32:56.830415654+00:00,2012-10-09 06:32:56.830415654+00:00,1460,Value 14
310,8,Take in charge ticket,2012-10-09 06:32:56.830415654+00:00,2012-10-09 06:32:56.830415654+00:00,1461,Value 6
310,8,Resolve ticket,2012-10-09 06:32:56.830415654+00:00,2012-10-09 06:32:56.830415654+00:00,1462,Value 6
310,5,Closed,2012-10-09 06:32:56.830415654+00:00,2012-10-09 06:32:56.830415654+00:00,1463,Value 5
311,9,Assign seriousness,2012-10-09 14:39:22.793474118+00:00,2012-10-09 14:39:22.793474118+00:00,1464,Value 14
311,0,Assign seriousness,2012-10-09 14:39:22.793474118+00:00,2012-10-09 14:39:22.793474118+00:00,1465,Value 2
311,0,Take in charge ticket,2012-10-09 14:39:22.793474118+00:00,2012-10-09 14:39:22.793474118+00:00,1466,Value 2
311,17,Wait,2012-10-09 14:39:22.793474118+00:00,2012-10-09 14:39:22.793474118+00:00,1467,Value 1
311,17,Resolve ticket,2012-10-09 14:39:22.793474118+00:00,2012-10-09 14:39:22.793474118+00:00,1468,Value 1
311,5,Closed,2012-10-09 14:39:22.793474118+00:00,2012-10-09 14:39:22.793474118+00:00,1469,Value 5
312,9,Assign seriousness,2012-10-10 04:01:43+00:00,2012-10-10 04:01:43+00:00,1470,Value 14
312,9,Take in charge ticket,2012-10-10 04:01:43+00:00,2012-10-10 04:01:43+00:00,1471,Value 14
312,9,Resolve ticket,2012-10-10 04:01:43+00:00,2012-10-10 04:01:43+00:00,1472,Value 14
312,5,Closed,2012-10-10 04:01:43+00:00,2012-10-10 04:01:43+00:00,1473,Value 5
313,9,Assign seriousness,2012-10-10 05:13:02.586275356+00:00,2012-10-10 05:13:02.586275356+00:00,1474,Value 14
313,0,Assign seriousness,2012-10-10 05:13:02.586275356+00:00,2012-10-10 05:13:02.586275356+00:00,1475,Value 2
313,0,Take in charge ticket,2012-10-10 05:13:02.586275356+00:00,2012-10-10 05:13:02.586275356+00:00,1476,Value 2
313,0,Take in charge ticket,2012-10-10 05:13:02.586275356+00:00,2012-10-10 05:13:02.586275356+00:00,1477,Value 2
313,0,Resolve ticket,2012-10-10 05:13:02.586275356+00:00,2012-10-10 05:13:02.586275356+00:00,1478,Value 2
313,5,Closed,2012-10-10 05:13:02.586275356+00:00,2012-10-10 05:13:02.586275356+00:00,1479,Value 5
314,9,Assign seriousness,2012-10-10 07:31:42.759622628+00:00,2012-10-10 07:31:42.759622628+00:00,1480,Value 14
314,9,Take in charge ticket,2012-10-10 07:31:42.759622628+00:00,2012-10-10 07:31:42.759622628+00:00,1481,Value 14
314,0,Resolve ticket,2012-10-10 07:31:42.759622628+00:00,2012-10-10 07:31:42.759622628+00:00,1482,Value 2
314,5,Closed,2012-10-10 07:31:42.759622628+00:00,2012-10-10 07:31:42.759622628+00:00,1483,Value 5
315,9,Assign seriousness,2012-10-10 08:19:57.718659308+00:00,2012-10-10 08:19:57.718659308+00:00,1484,Value 14
315,9,Take in charge ticket,2012-10-10 08:19:57.718659308+00:00,2012-10-10 08:19:57.718659308+00:00,1485,Value 14
315,9,Resolve ticket,2012-10-10 08:19:57.718659308+00:00,2012-10-10 08:19:57.718659308+00:00,1486,Value 14
315,5,Closed,2012-10-10 08:19:57.718659308+00:00,2012-10-10 08:19:57.718659308+00:00,1487,Value 5
316,9,Assign seriousness,2012-10-10 08:25:20.132601242+00:00,2012-10-10 08:25:20.132601242+00:00,1488,Value 14
316,9,Take in charge ticket,2012-10-10 08:25:20.132601242+00:00,2012-10-10 08:25:20.132601242+00:00,1489,Value 14
316,9,Wait,2012-10-10 08:25:20.132601242+00:00,2012-10-10 08:25:20.132601242+00:00,1490,Value 14
316,11,Take in charge ticket,2012-10-10 08:25:20.132601242+00:00,2012-10-10 08:25:20.132601242+00:00,1491,Value 9
316,11,Wait,2012-10-10 08:25:20.132601242+00:00,2012-10-10 08:25:20.132601242+00:00,1492,Value 9
316,11,Resolve ticket,2012-10-10 08:25:20.132601242+00:00,2012-10-10 08:25:20.132601242+00:00,1493,Value 9
316,5,Closed,2012-10-10 08:25:20.132601242+00:00,2012-10-10 08:25:20.132601242+00:00,1494,Value 5
317,9,Assign seriousness,2012-10-10 09:42:31.249463124+00:00,2012-10-10 09:42:31.249463124+00:00,1495,Value 14
317,0,Take in charge ticket,2012-10-10 09:42:31.249463124+00:00,2012-10-10 09:42:31.249463124+00:00,1496,Value 2
317,0,Resolve ticket,2012-10-10 09:42:31.249463124+00:00,2012-10-10 09:42:31.249463124+00:00,1497,Value 2
317,5,Closed,2012-10-10 09:42:31.249463124+00:00,2012-10-10 09:42:31.249463124+00:00,1498,Value 5
318,9,Assign seriousness,2012-10-10 09:53:46.216421080+00:00,2012-10-10 09:53:46.216421080+00:00,1499,Value 14
318,0,Take in charge ticket,2012-10-10 09:53:46.216421080+00:00,2012-10-10 09:53:46.216421080+00:00,1500,Value 2
318,0,Resolve ticket,2012-10-10 09:53:46.216421080+00:00,2012-10-10 09:53:46.216421080+00:00,1501,Value 2
318,5,Closed,2012-10-10 09:53:46.216421080+00:00,2012-10-10 09:53:46.216421080+00:00,1502,Value 5
319,9,Assign seriousness,2012-10-10 11:01:29.410452157+00:00,2012-10-10 11:01:29.410452157+00:00,1503,Value 14
319,0,Take in charge ticket,2012-10-10 11:01:29.410452157+00:00,2012-10-10 11:01:29.410452157+00:00,1504,Value 2
319,0,Resolve ticket,2012-10-10 11:01:29.410452157+00:00,2012-10-10 11:01:29.410452157+00:00,1505,Value 2
319,5,Closed,2012-10-10 11:01:29.410452157+00:00,2012-10-10 11:01:29.410452157+00:00,1506,Value 5
320,9,Assign seriousness,2012-10-10 11:08:38.093642220+00:00,2012-10-10 11:08:38.093642220+00:00,1507,Value 14
320,9,Take in charge ticket,2012-10-10 11:08:38.093642220+00:00,2012-10-10 11:08:38.093642220+00:00,1508,Value 14
320,9,Resolve ticket,2012-10-10 11:08:38.093642220+00:00,2012-10-10 11:08:38.093642220+00:00,1509,Value 14
320,5,Closed,2012-10-10 11:08:38.093642220+00:00,2012-10-10 11:08:38.093642220+00:00,1510,Value 5
321,9,Assign seriousness,2012-10-10 11:57:06.850041990+00:00,2012-10-10 11:57:06.850041990+00:00,1511,Value 14
321,9,Take in charge ticket,2012-10-10 11:57:06.850041990+00:00,2012-10-10 11:57:06.850041990+00:00,1512,Value 14
321,9,Wait,2012-10-10 11:57:06.850041990+00:00,2012-10-10 11:57:06.850041990+00:00,1513,Value 14
321,9,Take in charge ticket,2012-10-10 11:57:06.850041990+00:00,2012-10-10 11:57:06.850041990+00:00,1514,Value 14
321,9,Resolve ticket,2012-10-10 11:57:06.850041990+00:00,2012-10-10 11:57:06.850041990+00:00,1515,Value 14
321,5,Closed,2012-10-10 11:57:06.850041990+00:00,2012-10-10 11:57:06.850041990+00:00,1516,Value 5
322,9,Assign seriousness,2012-10-11 04:02:16+00:00,2012-10-11 04:02:16+00:00,1517,Value 14
322,0,Take in charge ticket,2012-10-11 04:02:16+00:00,2012-10-11 04:02:16+00:00,1518,Value 2
322,0,Resolve ticket,2012-10-11 04:02:16+00:00,2012-10-11 04:02:16+00:00,1519,Value 2
322,5,Closed,2012-10-11 04:02:16+00:00,2012-10-11 04:02:16+00:00,1520,Value 5
323,9,Assign seriousness,2012-10-11 05:40:17.133191511+00:00,2012-10-11 05:40:17.133191511+00:00,1521,Value 14
323,9,Take in charge ticket,2012-10-11 05:40:17.133191511+00:00,2012-10-11 05:40:17.133191511+00:00,1522,Value 14
323,9,Resolve ticket,2012-10-11 05:40:17.133191511+00:00,2012-10-11 05:40:17.133191511+00:00,1523,Value 14
323,5,Closed,2012-10-11 05:40:17.133191511+00:00,2012-10-11 05:40:17.133191511+00:00,1524,Value 5
324,9,Assign seriousness,2012-10-11 07:53:20.250036857+00:00,2012-10-11 07:53:20.250036857+00:00,1525,Value 14
324,9,Take in charge ticket,2012-10-11 07:53:20.250036857+00:00,2012-10-11 07:53:20.250036857+00:00,1526,Value 14
324,9,Resolve ticket,2012-10-11 07:53:20.250036857+00:00,2012-10-11 07:53:20.250036857+00:00,1527,Value 14
324,9,Take in charge ticket,2012-10-11 07:53:20.250036857+00:00,2012-10-11 07:53:20.250036857+00:00,1528,Value 14
324,9,Resolve ticket,2012-10-11 07:53:20.250036857+00:00,2012-10-11 07:53:20.250036857+00:00,1529,Value 14
324,5,Closed,2012-10-11 07:53:20.250036857+00:00,2012-10-11 07:53:20.250036857+00:00,1530,Value 5
325,9,Assign seriousness,2012-10-11 08:23:01.818470047+00:00,2012-10-11 08:23:01.818470047+00:00,1531,Value 14
325,0,Assign seriousness,2012-10-11 08:23:01.818470047+00:00,2012-10-11 08:23:01.818470047+00:00,1532,Value 2
325,0,Take in charge ticket,2012-10-11 08:23:01.818470047+00:00,2012-10-11 08:23:01.818470047+00:00,1533,Value 2
325,0,Wait,2012-10-11 08:23:01.818470047+00:00,2012-10-11 08:23:01.818470047+00:00,1534,Value 2
325,0,Resolve ticket,2012-10-11 08:23:01.818470047+00:00,2012-10-11 08:23:01.818470047+00:00,1535,Value 2
325,5,Closed,2012-10-11 08:23:01.818470047+00:00,2012-10-11 08:23:01.818470047+00:00,1536,Value 5
326,9,Assign seriousness,2012-10-11 15:15:26.565381484+00:00,2012-10-11 15:15:26.565381484+00:00,1537,Value 14
326,9,Take in charge ticket,2012-10-11 15:15:26.565381484+00:00,2012-10-11 15:15:26.565381484+00:00,1538,Value 14
326,9,Wait,2012-10-11 15:15:26.565381484+00:00,2012-10-11 15:15:26.565381484+00:00,1539,Value 14
326,0,Take in charge ticket,2012-10-11 15:15:26.565381484+00:00,2012-10-11 15:15:26.565381484+00:00,1540,Value 2
326,0,Resolve ticket,2012-10-11 15:15:26.565381484+00:00,2012-10-11 15:15:26.565381484+00:00,1541,Value 2
326,5,Closed,2012-10-11 15:15:26.565381484+00:00,2012-10-11 15:15:26.565381484+00:00,1542,Value 5
327,14,Assign seriousness,2012-10-12 04:00:00+00:00,2012-10-12 04:00:00+00:00,1545,Value 8
328,14,Assign seriousness,2012-10-12 04:00:00+00:00,2012-10-12 04:00:00+00:00,1547,Value 8
327,11,Take in charge ticket,2012-10-12 04:00:00+00:00,2012-10-12 04:00:00+00:00,1548,Value 9
329,14,Assign seriousness,2012-10-12 04:00:00+00:00,2012-10-12 04:00:00+00:00,1550,Value 8
328,14,Assign seriousness,2012-10-12 04:00:00+00:00,2012-10-12 04:00:00+00:00,1551,Value 8
327,11,Resolve ticket,2012-10-12 04:00:00+00:00,2012-10-12 04:00:00+00:00,1552,Value 9
330,14,Assign seriousness,2012-10-12 04:00:00+00:00,2012-10-12 04:00:00+00:00,1553,Value 8
329,14,Assign seriousness,2012-10-12 04:00:00+00:00,2012-10-12 04:00:00+00:00,1554,Value 8
328,14,Take in charge ticket,2012-10-12 04:00:00+00:00,2012-10-12 04:00:00+00:00,1555,Value 8
327,11,Resolve ticket,2012-10-12 04:00:00+00:00,2012-10-12 04:00:00+00:00,1556,Value 9
330,14,Take in charge ticket,2012-10-12 04:00:00+00:00,2012-10-12 04:00:00+00:00,1557,Value 8
329,14,Take in charge ticket,2012-10-12 04:00:00+00:00,2012-10-12 04:00:00+00:00,1558,Value 8
328,11,Resolve ticket,2012-10-12 04:00:00+00:00,2012-10-12 04:00:00+00:00,1559,Value 9
327,5,Closed,2012-10-12 04:00:00+00:00,2012-10-12 04:00:00+00:00,1560,Value 5
330,11,Resolve ticket,2012-10-12 04:00:00+00:00,2012-10-12 04:00:00+00:00,1561,Value 9
329,14,Resolve ticket,2012-10-12 04:00:00+00:00,2012-10-12 04:00:00+00:00,1562,Value 8
328,5,Closed,2012-10-12 04:00:00+00:00,2012-10-12 04:00:00+00:00,1563,Value 5
330,5,Closed,2012-10-12 04:00:00+00:00,2012-10-12 04:00:00+00:00,1564,Value 5
329,5,Closed,2012-10-12 04:00:00+00:00,2012-10-12 04:00:00+00:00,1565,Value 5
329,5,Closed,2012-10-12 04:00:00+00:00,2012-10-12 04:00:00+00:00,1566,Value 5
331,14,Assign seriousness,2012-10-12 04:12:51.515893218+00:00,2012-10-12 04:12:51.515893218+00:00,1567,Value 8
331,14,Take in charge ticket,2012-10-12 04:12:51.515893218+00:00,2012-10-12 04:12:51.515893218+00:00,1568,Value 8
331,14,Resolve ticket,2012-10-12 04:12:51.515893218+00:00,2012-10-12 04:12:51.515893218+00:00,1569,Value 8
331,5,Closed,2012-10-12 04:12:51.515893218+00:00,2012-10-12 04:12:51.515893218+00:00,1570,Value 5
332,14,Assign seriousness,2012-10-12 04:32:41.231400603+00:00,2012-10-12 04:32:41.231400603+00:00,1571,Value 8
332,8,Take in charge ticket,2012-10-12 04:32:41.231400603+00:00,2012-10-12 04:32:41.231400603+00:00,1572,Value 6
332,2,Resolve ticket,2012-10-12 04:32:41.231400603+00:00,2012-10-12 04:32:41.231400603+00:00,1573,Value 11
332,5,Closed,2012-10-12 04:32:41.231400603+00:00,2012-10-12 04:32:41.231400603+00:00,1574,Value 5
333,14,Assign seriousness,2012-10-12 05:54:41.077918518+00:00,2012-10-12 05:54:41.077918518+00:00,1575,Value 8
333,14,Take in charge ticket,2012-10-12 05:54:41.077918518+00:00,2012-10-12 05:54:41.077918518+00:00,1576,Value 8
333,14,Resolve ticket,2012-10-12 05:54:41.077918518+00:00,2012-10-12 05:54:41.077918518+00:00,1577,Value 8
333,5,Closed,2012-10-12 05:54:41.077918518+00:00,2012-10-12 05:54:41.077918518+00:00,1578,Value 5
334,14,Assign seriousness,2012-10-12 06:25:41.896392582+00:00,2012-10-12 06:25:41.896392582+00:00,1579,Value 8
334,0,Take in charge ticket,2012-10-12 06:25:41.896392582+00:00,2012-10-12 06:25:41.896392582+00:00,1580,Value 2
334,0,Resolve ticket,2012-10-12 06:25:41.896392582+00:00,2012-10-12 06:25:41.896392582+00:00,1581,Value 2
334,5,Closed,2012-10-12 06:25:41.896392582+00:00,2012-10-12 06:25:41.896392582+00:00,1582,Value 5
335,14,Assign seriousness,2012-10-12 08:34:58.044527237+00:00,2012-10-12 08:34:58.044527237+00:00,1583,Value 8
335,14,Take in charge ticket,2012-10-12 08:34:58.044527237+00:00,2012-10-12 08:34:58.044527237+00:00,1584,Value 8
335,11,Resolve ticket,2012-10-12 08:34:58.044527237+00:00,2012-10-12 08:34:58.044527237+00:00,1585,Value 9
335,5,Closed,2012-10-12 08:34:58.044527237+00:00,2012-10-12 08:34:58.044527237+00:00,1586,Value 5
336,14,Assign seriousness,2012-10-12 11:56:11.631352600+00:00,2012-10-12 11:56:11.631352600+00:00,1587,Value 8
336,14,Take in charge ticket,2012-10-12 11:56:11.631352600+00:00,2012-10-12 11:56:11.631352600+00:00,1588,Value 8
336,15,Resolve ticket,2012-10-12 11:56:11.631352600+00:00,2012-10-12 11:56:11.631352600+00:00,1589,Value 13
336,5,Closed,2012-10-12 11:56:11.631352600+00:00,2012-10-12 11:56:11.631352600+00:00,1590,Value 5
337,5,Assign seriousness,2012-10-13 13:17:27+00:00,2012-10-13 13:17:27+00:00,1591,Value 5
337,0,Take in charge ticket,2012-10-15 03:00:00+00:00,2012-10-15 03:00:00+00:00,1593,Value 2
337,0,Resolve ticket,2012-10-15 03:00:00+00:00,2012-10-15 03:00:00+00:00,1594,Value 2
337,0,Take in charge ticket,2012-10-15 03:00:00+00:00,2012-10-15 03:00:00+00:00,1595,Value 2
337,0,Resolve ticket,2012-10-15 03:00:00+00:00,2012-10-15 03:00:00+00:00,1596,Value 2
337,5,Closed,2012-10-15 06:00:00+00:00,2012-10-15 06:00:00+00:00,1597,Value 5
338,14,Assign seriousness,2012-10-15 04:00:49+00:00,2012-10-15 04:00:49+00:00,1598,Value 8
338,14,Take in charge ticket,2012-10-15 04:00:49+00:00,2012-10-15 04:00:49+00:00,1599,Value 8
338,14,Resolve ticket,2012-10-15 04:00:49+00:00,2012-10-15 04:00:49+00:00,1600,Value 8
339,14,Assign seriousness,2012-10-15 04:13:05.576487014+00:00,2012-10-15 04:13:05.576487014+00:00,1602,Value 8
338,5,Closed,2012-10-15 06:00:00+00:00,2012-10-15 06:00:00+00:00,1603,Value 5
339,14,Take in charge ticket,2012-10-15 04:13:05.576487014+00:00,2012-10-15 04:13:05.576487014+00:00,1604,Value 8
340,14,Assign seriousness,2012-10-15 04:31:09.069302412+00:00,2012-10-15 04:31:09.069302412+00:00,1605,Value 8
339,15,Resolve ticket,2012-10-15 04:13:05.576487014+00:00,2012-10-15 04:13:05.576487014+00:00,1606,Value 13
340,14,Take in charge ticket,2012-10-15 04:31:09.069302412+00:00,2012-10-15 04:31:09.069302412+00:00,1607,Value 8
339,5,Closed,2012-10-15 06:00:00+00:00,2012-10-15 06:00:00+00:00,1608,Value 5
340,14,Resolve ticket,2012-10-15 04:31:09.069302412+00:00,2012-10-15 04:31:09.069302412+00:00,1609,Value 8
341,14,Assign seriousness,2012-10-15 05:33:47.817477314+00:00,2012-10-15 05:33:47.817477314+00:00,1611,Value 8
340,5,Closed,2012-10-15 06:00:00+00:00,2012-10-15 06:00:00+00:00,1612,Value 5
341,14,Take in charge ticket,2012-10-15 05:33:47.817477314+00:00,2012-10-15 05:33:47.817477314+00:00,1613,Value 8
342,14,Assign seriousness,2012-10-15 05:35:52.258917328+00:00,2012-10-15 05:35:52.258917328+00:00,1614,Value 8
341,0,Resolve ticket,2012-10-15 05:33:47.817477314+00:00,2012-10-15 05:33:47.817477314+00:00,1615,Value 2
342,14,Assign seriousness,2012-10-15 05:35:52.258917328+00:00,2012-10-15 05:35:52.258917328+00:00,1616,Value 8
341,5,Closed,2012-10-15 06:00:00+00:00,2012-10-15 06:00:00+00:00,1617,Value 5
342,11,Take in charge ticket,2012-10-15 05:35:52.258917328+00:00,2012-10-15 05:35:52.258917328+00:00,1618,Value 9
342,11,Wait,2012-10-15 05:35:52.258917328+00:00,2012-10-15 05:35:52.258917328+00:00,1619,Value 9
342,11,Take in charge ticket,2012-10-15 05:35:52.258917328+00:00,2012-10-15 05:35:52.258917328+00:00,1620,Value 9
342,11,Resolve ticket,2012-10-15 05:35:52.258917328+00:00,2012-10-15 05:35:52.258917328+00:00,1621,Value 9
342,5,Closed,2012-10-15 06:00:00+00:00,2012-10-15 06:00:00+00:00,1622,Value 5
343,14,Assign seriousness,2012-10-15 06:11:58.051849474+00:00,2012-10-15 06:11:58.051849474+00:00,1623,Value 8
343,0,Assign seriousness,2012-10-15 06:11:58.051849474+00:00,2012-10-15 06:11:58.051849474+00:00,1624,Value 2
343,0,Assign seriousness,2012-10-15 06:11:58.051849474+00:00,2012-10-15 06:11:58.051849474+00:00,1625,Value 2
343,0,Take in charge ticket,2012-10-15 06:11:58.051849474+00:00,2012-10-15 06:11:58.051849474+00:00,1626,Value 2
343,0,Resolve ticket,2012-10-15 06:11:58.051849474+00:00,2012-10-15 06:11:58.051849474+00:00,1627,Value 2
343,5,Closed,2012-10-15 06:11:58.051849474+00:00,2012-10-15 06:11:58.051849474+00:00,1628,Value 5
344,14,Assign seriousness,2012-10-15 06:12:30.928890369+00:00,2012-10-15 06:12:30.928890369+00:00,1629,Value 8
344,0,Take in charge ticket,2012-10-15 06:12:30.928890369+00:00,2012-10-15 06:12:30.928890369+00:00,1630,Value 2
344,0,Resolve ticket,2012-10-15 06:12:30.928890369+00:00,2012-10-15 06:12:30.928890369+00:00,1631,Value 2
344,5,Closed,2012-10-15 06:12:30.928890369+00:00,2012-10-15 06:12:30.928890369+00:00,1632,Value 5
345,14,Assign seriousness,2012-10-15 13:42:47.089405449+00:00,2012-10-15 13:42:47.089405449+00:00,1633,Value 8
345,14,Take in charge ticket,2012-10-15 13:42:47.089405449+00:00,2012-10-15 13:42:47.089405449+00:00,1634,Value 8
345,14,Resolve ticket,2012-10-15 13:42:47.089405449+00:00,2012-10-15 13:42:47.089405449+00:00,1635,Value 8
345,5,Closed,2012-10-15 13:42:47.089405449+00:00,2012-10-15 13:42:47.089405449+00:00,1636,Value 5
346,14,Assign seriousness,2012-10-16 04:00:00+00:00,2012-10-16 04:00:00+00:00,1638,Value 8
346,8,Take in charge ticket,2012-10-16 04:00:00+00:00,2012-10-16 04:00:00+00:00,1639,Value 6
346,8,Resolve ticket,2012-10-16 04:00:00+00:00,2012-10-16 04:00:00+00:00,1640,Value 6
346,5,Closed,2012-10-16 04:00:00+00:00,2012-10-16 04:00:00+00:00,1641,Value 5
347,14,Assign seriousness,2012-10-16 04:48:48.091029886+00:00,2012-10-16 04:48:48.091029886+00:00,1642,Value 8
347,14,Take in charge ticket,2012-10-16 04:48:48.091029886+00:00,2012-10-16 04:48:48.091029886+00:00,1643,Value 8
347,1,Resolve ticket,2012-10-16 04:48:48.091029886+00:00,2012-10-16 04:48:48.091029886+00:00,1644,Value 15
347,5,Closed,2012-10-16 04:48:48.091029886+00:00,2012-10-16 04:48:48.091029886+00:00,1645,Value 5
348,14,Assign seriousness,2012-10-16 05:21:14.021248356+00:00,2012-10-16 05:21:14.021248356+00:00,1646,Value 8
348,7,Take in charge ticket,2012-10-16 05:21:14.021248356+00:00,2012-10-16 05:21:14.021248356+00:00,1647,Value 12
348,7,Resolve ticket,2012-10-16 05:21:14.021248356+00:00,2012-10-16 05:21:14.021248356+00:00,1648,Value 12
348,5,Closed,2012-10-16 05:21:14.021248356+00:00,2012-10-16 05:21:14.021248356+00:00,1649,Value 5
349,14,Assign seriousness,2012-10-16 06:27:50.985246725+00:00,2012-10-16 06:27:50.985246725+00:00,1650,Value 8
349,14,Take in charge ticket,2012-10-16 06:27:50.985246725+00:00,2012-10-16 06:27:50.985246725+00:00,1651,Value 8
349,0,Resolve ticket,2012-10-16 06:27:50.985246725+00:00,2012-10-16 06:27:50.985246725+00:00,1652,Value 2
349,5,Closed,2012-10-16 06:27:50.985246725+00:00,2012-10-16 06:27:50.985246725+00:00,1653,Value 5
350,14,Assign seriousness,2012-10-16 06:41:14.346696937+00:00,2012-10-16 06:41:14.346696937+00:00,1654,Value 8
350,14,Assign seriousness,2012-10-16 06:41:14.346696937+00:00,2012-10-16 06:41:14.346696937+00:00,1655,Value 8
350,14,Take in charge ticket,2012-10-16 06:41:14.346696937+00:00,2012-10-16 06:41:14.346696937+00:00,1656,Value 8
350,15,Resolve ticket,2012-10-16 06:41:14.346696937+00:00,2012-10-16 06:41:14.346696937+00:00,1657,Value 13
350,5,Closed,2012-10-16 06:41:14.346696937+00:00,2012-10-16 06:41:14.346696937+00:00,1658,Value 5
351,14,Assign seriousness,2012-10-16 06:58:48.183963016+00:00,2012-10-16 06:58:48.183963016+00:00,1659,Value 8
351,0,Assign seriousness,2012-10-16 06:58:48.183963016+00:00,2012-10-16 06:58:48.183963016+00:00,1660,Value 2
351,11,Take in charge ticket,2012-10-16 06:58:48.183963016+00:00,2012-10-16 06:58:48.183963016+00:00,1661,Value 9
351,11,Wait,2012-10-16 06:58:48.183963016+00:00,2012-10-16 06:58:48.183963016+00:00,1662,Value 9
351,11,Take in charge ticket,2012-10-16 06:58:48.183963016+00:00,2012-10-16 06:58:48.183963016+00:00,1663,Value 9
351,0,Resolve ticket,2012-10-16 06:58:48.183963016+00:00,2012-10-16 06:58:48.183963016+00:00,1664,Value 2
351,5,Closed,2012-10-16 06:58:48.183963016+00:00,2012-10-16 06:58:48.183963016+00:00,1665,Value 5
352,14,Assign seriousness,2012-10-17 04:01:43+00:00,2012-10-17 04:01:43+00:00,1666,Value 8
352,0,Take in charge ticket,2012-10-17 04:01:43+00:00,2012-10-17 04:01:43+00:00,1667,Value 2
352,0,Resolve ticket,2012-10-17 04:01:43+00:00,2012-10-17 04:01:43+00:00,1668,Value 2
352,5,Closed,2012-10-17 04:01:43+00:00,2012-10-17 04:01:43+00:00,1669,Value 5
353,14,Assign seriousness,2012-10-17 07:10:25.139405278+00:00,2012-10-17 07:10:25.139405278+00:00,1670,Value 8
353,9,Take in charge ticket,2012-10-17 07:10:25.139405278+00:00,2012-10-17 07:10:25.139405278+00:00,1671,Value 14
353,9,Resolve ticket,2012-10-17 07:10:25.139405278+00:00,2012-10-17 07:10:25.139405278+00:00,1672,Value 14
353,5,Closed,2012-10-17 07:10:25.139405278+00:00,2012-10-17 07:10:25.139405278+00:00,1673,Value 5
354,14,Assign seriousness,2012-10-17 10:14:36.920366701+00:00,2012-10-17 10:14:36.920366701+00:00,1674,Value 8
354,14,Take in charge ticket,2012-10-17 10:14:36.920366701+00:00,2012-10-17 10:14:36.920366701+00:00,1675,Value 8
354,9,Resolve ticket,2012-10-17 10:14:36.920366701+00:00,2012-10-17 10:14:36.920366701+00:00,1676,Value 14
354,5,Closed,2012-10-17 10:14:36.920366701+00:00,2012-10-17 10:14:36.920366701+00:00,1677,Value 5
355,14,Assign seriousness,2012-10-18 04:02:16+00:00,2012-10-18 04:02:16+00:00,1678,Value 8
355,13,Take in charge ticket,2012-10-18 04:02:16+00:00,2012-10-18 04:02:16+00:00,1679,Value 17
355,13,Resolve ticket,2012-10-18 04:02:16+00:00,2012-10-18 04:02:16+00:00,1680,Value 17
355,5,Closed,2012-10-18 04:02:16+00:00,2012-10-18 04:02:16+00:00,1681,Value 5
356,14,Assign seriousness,2012-10-18 04:03:02.887015578+00:00,2012-10-18 04:03:02.887015578+00:00,1682,Value 8
356,14,Take in charge ticket,2012-10-18 04:03:02.887015578+00:00,2012-10-18 04:03:02.887015578+00:00,1683,Value 8
356,14,Schedule intervention,2012-10-18 04:03:02.887015578+00:00,2012-10-18 04:03:02.887015578+00:00,1684,Value 8
356,0,Resolve ticket,2012-10-18 04:03:02.887015578+00:00,2012-10-18 04:03:02.887015578+00:00,1685,Value 2
356,5,Closed,2012-10-18 04:03:02.887015578+00:00,2012-10-18 04:03:02.887015578+00:00,1686,Value 5
357,14,Assign seriousness,2012-10-18 04:17:11.326544887+00:00,2012-10-18 04:17:11.326544887+00:00,1687,Value 8
357,14,Take in charge ticket,2012-10-18 04:17:11.326544887+00:00,2012-10-18 04:17:11.326544887+00:00,1688,Value 8
357,14,Resolve ticket,2012-10-18 04:17:11.326544887+00:00,2012-10-18 04:17:11.326544887+00:00,1689,Value 8
357,5,Closed,2012-10-18 04:17:11.326544887+00:00,2012-10-18 04:17:11.326544887+00:00,1690,Value 5
358,14,Assign seriousness,2012-10-18 04:59:30.926610068+00:00,2012-10-18 04:59:30.926610068+00:00,1691,Value 8
358,14,Take in charge ticket,2012-10-18 04:59:30.926610068+00:00,2012-10-18 04:59:30.926610068+00:00,1692,Value 8
358,9,Resolve ticket,2012-10-18 04:59:30.926610068+00:00,2012-10-18 04:59:30.926610068+00:00,1693,Value 14
358,5,Closed,2012-10-18 04:59:30.926610068+00:00,2012-10-18 04:59:30.926610068+00:00,1694,Value 5
359,13,Take in charge ticket,2012-10-18 05:13:29.294006116+00:00,2012-10-18 05:13:29.294006116+00:00,1695,Value 17
359,13,Resolve ticket,2012-10-18 05:13:29.294006116+00:00,2012-10-18 05:13:29.294006116+00:00,1696,Value 17
359,5,Closed,2012-10-18 05:13:29.294006116+00:00,2012-10-18 05:13:29.294006116+00:00,1697,Value 5
360,14,Assign seriousness,2012-10-18 05:35:11.240312096+00:00,2012-10-18 05:35:11.240312096+00:00,1698,Value 8
360,0,Take in charge ticket,2012-10-18 05:35:11.240312096+00:00,2012-10-18 05:35:11.240312096+00:00,1699,Value 2
360,0,Resolve ticket,2012-10-18 05:35:11.240312096+00:00,2012-10-18 05:35:11.240312096+00:00,1700,Value 2
360,5,Closed,2012-10-18 05:35:11.240312096+00:00,2012-10-18 05:35:11.240312096+00:00,1701,Value 5
361,14,Assign seriousness,2012-10-18 06:58:35.947687988+00:00,2012-10-18 06:58:35.947687988+00:00,1702,Value 8
361,14,Assign seriousness,2012-10-18 06:58:35.947687988+00:00,2012-10-18 06:58:35.947687988+00:00,1703,Value 8
361,14,Take in charge ticket,2012-10-18 06:58:35.947687988+00:00,2012-10-18 06:58:35.947687988+00:00,1704,Value 8
361,14,Resolve ticket,2012-10-18 06:58:35.947687988+00:00,2012-10-18 06:58:35.947687988+00:00,1705,Value 8
361,5,Closed,2012-10-18 06:58:35.947687988+00:00,2012-10-18 06:58:35.947687988+00:00,1706,Value 5
362,14,Assign seriousness,2012-10-18 07:50:09.478594153+00:00,2012-10-18 07:50:09.478594153+00:00,1707,Value 8
362,14,Assign seriousness,2012-10-18 07:50:09.478594153+00:00,2012-10-18 07:50:09.478594153+00:00,1708,Value 8
362,0,Take in charge ticket,2012-10-18 07:50:09.478594153+00:00,2012-10-18 07:50:09.478594153+00:00,1709,Value 2
362,0,Resolve ticket,2012-10-18 07:50:09.478594153+00:00,2012-10-18 07:50:09.478594153+00:00,1710,Value 2
362,5,Closed,2012-10-18 07:50:09.478594153+00:00,2012-10-18 07:50:09.478594153+00:00,1711,Value 5
363,14,Assign seriousness,2012-10-18 07:50:10.092294253+00:00,2012-10-18 07:50:10.092294253+00:00,1712,Value 8
363,14,Assign seriousness,2012-10-18 07:50:10.092294253+00:00,2012-10-18 07:50:10.092294253+00:00,1713,Value 8
363,14,Take in charge ticket,2012-10-18 07:50:10.092294253+00:00,2012-10-18 07:50:10.092294253+00:00,1714,Value 8
363,14,Resolve ticket,2012-10-18 07:50:10.092294253+00:00,2012-10-18 07:50:10.092294253+00:00,1715,Value 8
363,5,Closed,2012-10-18 07:50:10.092294253+00:00,2012-10-18 07:50:10.092294253+00:00,1716,Value 5
364,14,Assign seriousness,2012-10-18 08:03:51.894299671+00:00,2012-10-18 08:03:51.894299671+00:00,1717,Value 8
364,14,Take in charge ticket,2012-10-18 08:03:51.894299671+00:00,2012-10-18 08:03:51.894299671+00:00,1718,Value 8
364,11,Wait,2012-10-18 08:03:51.894299671+00:00,2012-10-18 08:03:51.894299671+00:00,1719,Value 9
364,0,Take in charge ticket,2012-10-18 08:03:51.894299671+00:00,2012-10-18 08:03:51.894299671+00:00,1720,Value 2
364,0,Resolve ticket,2012-10-18 08:03:51.894299671+00:00,2012-10-18 08:03:51.894299671+00:00,1721,Value 2
364,5,Closed,2012-10-18 08:03:51.894299671+00:00,2012-10-18 08:03:51.894299671+00:00,1722,Value 5
365,14,Assign seriousness,2012-10-18 09:59:49.689961777+00:00,2012-10-18 09:59:49.689961777+00:00,1723,Value 8
365,7,Take in charge ticket,2012-10-18 09:59:49.689961777+00:00,2012-10-18 09:59:49.689961777+00:00,1724,Value 12
365,7,Resolve ticket,2012-10-18 09:59:49.689961777+00:00,2012-10-18 09:59:49.689961777+00:00,1725,Value 12
365,5,Closed,2012-10-18 09:59:49.689961777+00:00,2012-10-18 09:59:49.689961777+00:00,1726,Value 5
366,14,Assign seriousness,2012-10-18 10:33:48.980533505+00:00,2012-10-18 10:33:48.980533505+00:00,1727,Value 8
366,15,Take in charge ticket,2012-10-18 10:33:48.980533505+00:00,2012-10-18 10:33:48.980533505+00:00,1728,Value 13
366,15,Resolve ticket,2012-10-18 10:33:48.980533505+00:00,2012-10-18 10:33:48.980533505+00:00,1729,Value 13
366,5,Closed,2012-10-18 10:33:48.980533505+00:00,2012-10-18 10:33:48.980533505+00:00,1730,Value 5
367,13,Resolve ticket,2012-10-18 10:35:30.009216045+00:00,2012-10-18 10:35:30.009216045+00:00,1731,Value 17
367,5,Closed,2012-10-18 10:35:30.009216045+00:00,2012-10-18 10:35:30.009216045+00:00,1732,Value 5
368,14,Assign seriousness,2012-10-18 15:37:31.077090912+00:00,2012-10-18 15:37:31.077090912+00:00,1733,Value 8
368,14,Take in charge ticket,2012-10-18 15:37:31.077090912+00:00,2012-10-18 15:37:31.077090912+00:00,1734,Value 8
368,11,Wait,2012-10-18 15:37:31.077090912+00:00,2012-10-18 15:37:31.077090912+00:00,1735,Value 9
368,11,Resolve ticket,2012-10-18 15:37:31.077090912+00:00,2012-10-18 15:37:31.077090912+00:00,1736,Value 9
368,5,Closed,2012-10-18 15:37:31.077090912+00:00,2012-10-18 15:37:31.077090912+00:00,1737,Value 5
369,15,Assign seriousness,2012-10-19 04:00:00+00:00,2012-10-19 04:00:00+00:00,1739,Value 13
369,15,Take in charge ticket,2012-10-19 04:00:00+00:00,2012-10-19 04:00:00+00:00,1740,Value 13
369,15,Resolve ticket,2012-10-19 04:00:00+00:00,2012-10-19 04:00:00+00:00,1741,Value 13
369,5,Closed,2012-10-19 04:00:00+00:00,2012-10-19 04:00:00+00:00,1742,Value 5
370,15,Assign seriousness,2012-10-19 04:38:31.201320398+00:00,2012-10-19 04:38:31.201320398+00:00,1743,Value 13
370,15,Take in charge ticket,2012-10-19 04:38:31.201320398+00:00,2012-10-19 04:38:31.201320398+00:00,1744,Value 13
370,15,Resolve ticket,2012-10-19 04:38:31.201320398+00:00,2012-10-19 04:38:31.201320398+00:00,1745,Value 13
370,5,Closed,2012-10-19 04:38:31.201320398+00:00,2012-10-19 04:38:31.201320398+00:00,1746,Value 5
371,15,Assign seriousness,2012-10-19 08:17:34.075151641+00:00,2012-10-19 08:17:34.075151641+00:00,1747,Value 13
371,15,Take in charge ticket,2012-10-19 08:17:34.075151641+00:00,2012-10-19 08:17:34.075151641+00:00,1748,Value 13
371,15,Resolve ticket,2012-10-19 08:17:34.075151641+00:00,2012-10-19 08:17:34.075151641+00:00,1749,Value 13
371,5,Closed,2012-10-19 08:17:34.075151641+00:00,2012-10-19 08:17:34.075151641+00:00,1750,Value 5
372,15,Assign seriousness,2012-10-19 08:54:16.539408972+00:00,2012-10-19 08:54:16.539408972+00:00,1751,Value 13
372,0,Assign seriousness,2012-10-19 08:54:16.539408972+00:00,2012-10-19 08:54:16.539408972+00:00,1752,Value 2
372,7,Take in charge ticket,2012-10-19 08:54:16.539408972+00:00,2012-10-19 08:54:16.539408972+00:00,1753,Value 12
372,7,Resolve ticket,2012-10-19 08:54:16.539408972+00:00,2012-10-19 08:54:16.539408972+00:00,1754,Value 12
372,5,Closed,2012-10-19 08:54:16.539408972+00:00,2012-10-19 08:54:16.539408972+00:00,1755,Value 5
373,15,Assign seriousness,2012-10-19 11:40:09.913531744+00:00,2012-10-19 11:40:09.913531744+00:00,1756,Value 13
373,15,Take in charge ticket,2012-10-19 11:40:09.913531744+00:00,2012-10-19 11:40:09.913531744+00:00,1757,Value 13
373,15,Resolve ticket,2012-10-19 11:40:09.913531744+00:00,2012-10-19 11:40:09.913531744+00:00,1758,Value 13
373,5,Closed,2012-10-19 11:40:09.913531744+00:00,2012-10-19 11:40:09.913531744+00:00,1759,Value 5
374,15,Assign seriousness,2012-10-19 12:18:15.044632364+00:00,2012-10-19 12:18:15.044632364+00:00,1760,Value 13
374,15,Take in charge ticket,2012-10-19 12:18:15.044632364+00:00,2012-10-19 12:18:15.044632364+00:00,1761,Value 13
374,3,Resolve ticket,2012-10-19 12:18:15.044632364+00:00,2012-10-19 12:18:15.044632364+00:00,1762,Value 16
374,5,Closed,2012-10-19 12:18:15.044632364+00:00,2012-10-19 12:18:15.044632364+00:00,1763,Value 5
375,15,Assign seriousness,2012-10-19 12:18:43.576860054+00:00,2012-10-19 12:18:43.576860054+00:00,1764,Value 13
375,17,Take in charge ticket,2012-10-19 12:18:43.576860054+00:00,2012-10-19 12:18:43.576860054+00:00,1765,Value 1
375,17,Resolve ticket,2012-10-19 12:18:43.576860054+00:00,2012-10-19 12:18:43.576860054+00:00,1766,Value 1
375,5,Closed,2012-10-19 12:18:43.576860054+00:00,2012-10-19 12:18:43.576860054+00:00,1767,Value 5
376,15,Assign seriousness,2012-10-19 12:26:30.672276151+00:00,2012-10-19 12:26:30.672276151+00:00,1768,Value 13
376,17,Take in charge ticket,2012-10-19 12:26:30.672276151+00:00,2012-10-19 12:26:30.672276151+00:00,1769,Value 1
376,17,Resolve ticket,2012-10-19 12:26:30.672276151+00:00,2012-10-19 12:26:30.672276151+00:00,1770,Value 1
376,5,Closed,2012-10-19 12:26:30.672276151+00:00,2012-10-19 12:26:30.672276151+00:00,1771,Value 5
377,15,Assign seriousness,2012-10-19 12:31:46.565949540+00:00,2012-10-19 12:31:46.565949540+00:00,1772,Value 13
377,15,Take in charge ticket,2012-10-19 12:31:46.565949540+00:00,2012-10-19 12:31:46.565949540+00:00,1773,Value 13
377,15,Wait,2012-10-19 12:31:46.565949540+00:00,2012-10-19 12:31:46.565949540+00:00,1774,Value 13
377,0,Resolve ticket,2012-10-19 12:31:46.565949540+00:00,2012-10-19 12:31:46.565949540+00:00,1775,Value 2
377,5,Closed,2012-10-19 12:31:46.565949540+00:00,2012-10-19 12:31:46.565949540+00:00,1776,Value 5
378,15,Assign seriousness,2012-10-19 14:26:39.033399705+00:00,2012-10-19 14:26:39.033399705+00:00,1777,Value 13
378,15,Resolve ticket,2012-10-19 14:26:39.033399705+00:00,2012-10-19 14:26:39.033399705+00:00,1778,Value 13
378,5,Closed,2012-10-19 14:26:39.033399705+00:00,2012-10-19 14:26:39.033399705+00:00,1779,Value 5
379,15,Assign seriousness,2012-10-19 14:35:51.093052142+00:00,2012-10-19 14:35:51.093052142+00:00,1780,Value 13
379,15,Resolve ticket,2012-10-19 14:35:51.093052142+00:00,2012-10-19 14:35:51.093052142+00:00,1781,Value 13
379,5,Closed,2012-10-19 14:35:51.093052142+00:00,2012-10-19 14:35:51.093052142+00:00,1782,Value 5
380,15,Assign seriousness,2012-10-19 14:44:56.941808159+00:00,2012-10-19 14:44:56.941808159+00:00,1783,Value 13
380,8,Resolve ticket,2012-10-19 14:44:56.941808159+00:00,2012-10-19 14:44:56.941808159+00:00,1784,Value 6
380,8,Resolve ticket,2012-10-19 14:44:56.941808159+00:00,2012-10-19 14:44:56.941808159+00:00,1785,Value 6
380,5,Closed,2012-10-19 14:44:56.941808159+00:00,2012-10-19 14:44:56.941808159+00:00,1786,Value 5
381,5,Assign seriousness,2012-10-20 13:17:27+00:00,2012-10-20 13:17:27+00:00,1787,Value 5
381,0,Take in charge ticket,2012-10-22 03:00:00+00:00,2012-10-22 03:00:00+00:00,1789,Value 2
381,0,Create SW anomaly,2012-10-22 03:00:00+00:00,2012-10-22 03:00:00+00:00,1790,Value 2
381,0,Resolve ticket,2012-10-22 03:00:00+00:00,2012-10-22 03:00:00+00:00,1791,Value 2
381,5,Closed,2012-10-22 06:00:00+00:00,2012-10-22 06:00:00+00:00,1792,Value 5
382,15,Assign seriousness,2012-10-22 04:00:49+00:00,2012-10-22 04:00:49+00:00,1793,Value 13
382,15,Take in charge ticket,2012-10-22 04:00:49+00:00,2012-10-22 04:00:49+00:00,1794,Value 13
382,0,Resolve ticket,2012-10-22 04:00:49+00:00,2012-10-22 04:00:49+00:00,1795,Value 2
382,5,Closed,2012-10-22 06:00:00+00:00,2012-10-22 06:00:00+00:00,1796,Value 5
383,15,Assign seriousness,2012-10-22 04:01:49.754259935+00:00,2012-10-22 04:01:49.754259935+00:00,1797,Value 13
383,15,Take in charge ticket,2012-10-22 04:01:49.754259935+00:00,2012-10-22 04:01:49.754259935+00:00,1798,Value 13
383,0,Resolve ticket,2012-10-22 04:01:49.754259935+00:00,2012-10-22 04:01:49.754259935+00:00,1799,Value 2
383,5,Closed,2012-10-22 06:00:00+00:00,2012-10-22 06:00:00+00:00,1800,Value 5
384,15,Assign seriousness,2012-10-22 04:07:24.508995179+00:00,2012-10-22 04:07:24.508995179+00:00,1801,Value 13
384,8,Take in charge ticket,2012-10-22 04:07:24.508995179+00:00,2012-10-22 04:07:24.508995179+00:00,1802,Value 6
384,8,Wait,2012-10-22 04:07:24.508995179+00:00,2012-10-22 04:07:24.508995179+00:00,1803,Value 6
384,0,Take in charge ticket,2012-10-22 04:07:24.508995179+00:00,2012-10-22 04:07:24.508995179+00:00,1804,Value 2
384,0,Resolve ticket,2012-10-22 04:07:24.508995179+00:00,2012-10-22 04:07:24.508995179+00:00,1805,Value 2
384,5,Closed,2012-10-22 06:00:00+00:00,2012-10-22 06:00:00+00:00,1806,Value 5
385,15,Assign seriousness,2012-10-22 05:09:27.813841628+00:00,2012-10-22 05:09:27.813841628+00:00,1807,Value 13
385,6,Take in charge ticket,2012-10-22 05:09:27.813841628+00:00,2012-10-22 05:09:27.813841628+00:00,1808,Value 10
385,12,Resolve ticket,2012-10-22 05:09:27.813841628+00:00,2012-10-22 05:09:27.813841628+00:00,1809,Value 7
386,15,Assign seriousness,2012-10-22 05:24:28.113037050+00:00,2012-10-22 05:24:28.113037050+00:00,1811,Value 13
385,5,Closed,2012-10-22 06:00:00+00:00,2012-10-22 06:00:00+00:00,1812,Value 5
386,15,Take in charge ticket,2012-10-22 05:24:28.113037050+00:00,2012-10-22 05:24:28.113037050+00:00,1813,Value 13
386,15,Resolve ticket,2012-10-22 05:24:28.113037050+00:00,2012-10-22 05:24:28.113037050+00:00,1814,Value 13
386,5,Closed,2012-10-22 06:00:00+00:00,2012-10-22 06:00:00+00:00,1815,Value 5
387,15,Assign seriousness,2012-10-22 06:09:15.930710898+00:00,2012-10-22 06:09:15.930710898+00:00,1816,Value 13
387,15,Take in charge ticket,2012-10-22 06:09:15.930710898+00:00,2012-10-22 06:09:15.930710898+00:00,1817,Value 13
387,15,Resolve ticket,2012-10-22 06:09:15.930710898+00:00,2012-10-22 06:09:15.930710898+00:00,1818,Value 13
387,5,Closed,2012-10-22 06:09:15.930710898+00:00,2012-10-22 06:09:15.930710898+00:00,1819,Value 5
388,15,Assign seriousness,2012-10-22 07:24:32.718858397+00:00,2012-10-22 07:24:32.718858397+00:00,1820,Value 13
388,15,Take in charge ticket,2012-10-22 07:24:32.718858397+00:00,2012-10-22 07:24:32.718858397+00:00,1821,Value 13
388,15,Resolve ticket,2012-10-22 07:24:32.718858397+00:00,2012-10-22 07:24:32.718858397+00:00,1822,Value 13
388,5,Closed,2012-10-22 07:24:32.718858397+00:00,2012-10-22 07:24:32.718858397+00:00,1823,Value 5
389,15,Assign seriousness,2012-10-22 10:16:42.858039315+00:00,2012-10-22 10:16:42.858039315+00:00,1824,Value 13
389,0,Take in charge ticket,2012-10-22 10:16:42.858039315+00:00,2012-10-22 10:16:42.858039315+00:00,1825,Value 2
389,0,Resolve ticket,2012-10-22 10:16:42.858039315+00:00,2012-10-22 10:16:42.858039315+00:00,1826,Value 2
389,0,Take in charge ticket,2012-10-22 10:16:42.858039315+00:00,2012-10-22 10:16:42.858039315+00:00,1827,Value 2
389,0,Wait,2012-10-22 10:16:42.858039315+00:00,2012-10-22 10:16:42.858039315+00:00,1828,Value 2
389,0,Take in charge ticket,2012-10-22 10:16:42.858039315+00:00,2012-10-22 10:16:42.858039315+00:00,1829,Value 2
389,0,Resolve ticket,2012-10-22 10:16:42.858039315+00:00,2012-10-22 10:16:42.858039315+00:00,1830,Value 2
389,0,Take in charge ticket,2012-10-22 10:16:42.858039315+00:00,2012-10-22 10:16:42.858039315+00:00,1831,Value 2
389,7,Wait,2012-10-22 10:16:42.858039315+00:00,2012-10-22 10:16:42.858039315+00:00,1832,Value 12
389,7,Take in charge ticket,2012-10-22 10:16:42.858039315+00:00,2012-10-22 10:16:42.858039315+00:00,1833,Value 12
389,7,Resolve ticket,2012-10-22 10:16:42.858039315+00:00,2012-10-22 10:16:42.858039315+00:00,1834,Value 12
389,5,Closed,2012-10-22 10:16:42.858039315+00:00,2012-10-22 10:16:42.858039315+00:00,1835,Value 5
390,15,Assign seriousness,2012-10-22 12:06:23.729030779+00:00,2012-10-22 12:06:23.729030779+00:00,1836,Value 13
390,0,Take in charge ticket,2012-10-22 12:06:23.729030779+00:00,2012-10-22 12:06:23.729030779+00:00,1837,Value 2
390,0,Resolve ticket,2012-10-22 12:06:23.729030779+00:00,2012-10-22 12:06:23.729030779+00:00,1838,Value 2
390,5,Closed,2012-10-22 12:06:23.729030779+00:00,2012-10-22 12:06:23.729030779+00:00,1839,Value 5
391,15,Assign seriousness,2012-10-22 12:25:57.270772973+00:00,2012-10-22 12:25:57.270772973+00:00,1840,Value 13
391,0,Assign seriousness,2012-10-22 12:25:57.270772973+00:00,2012-10-22 12:25:57.270772973+00:00,1841,Value 2
391,0,Resolve ticket,2012-10-22 12:25:57.270772973+00:00,2012-10-22 12:25:57.270772973+00:00,1842,Value 2
391,5,Closed,2012-10-22 12:25:57.270772973+00:00,2012-10-22 12:25:57.270772973+00:00,1843,Value 5
392,15,Assign seriousness,2012-10-22 12:39:59.116052065+00:00,2012-10-22 12:39:59.116052065+00:00,1844,Value 13
392,15,Take in charge ticket,2012-10-22 12:39:59.116052065+00:00,2012-10-22 12:39:59.116052065+00:00,1845,Value 13
392,15,Wait,2012-10-22 12:39:59.116052065+00:00,2012-10-22 12:39:59.116052065+00:00,1846,Value 13
392,15,Resolve ticket,2012-10-22 12:39:59.116052065+00:00,2012-10-22 12:39:59.116052065+00:00,1847,Value 13
392,5,Closed,2012-10-22 12:39:59.116052065+00:00,2012-10-22 12:39:59.116052065+00:00,1848,Value 5
393,15,Assign seriousness,2012-10-22 13:12:50.518409632+00:00,2012-10-22 13:12:50.518409632+00:00,1849,Value 13
393,15,Take in charge ticket,2012-10-22 13:12:50.518409632+00:00,2012-10-22 13:12:50.518409632+00:00,1850,Value 13
393,15,Resolve ticket,2012-10-22 13:12:50.518409632+00:00,2012-10-22 13:12:50.518409632+00:00,1851,Value 13
393,5,Closed,2012-10-22 13:12:50.518409632+00:00,2012-10-22 13:12:50.518409632+00:00,1852,Value 5
394,15,Assign seriousness,2012-10-22 14:02:45.535565541+00:00,2012-10-22 14:02:45.535565541+00:00,1853,Value 13
394,0,Assign seriousness,2012-10-22 14:02:45.535565541+00:00,2012-10-22 14:02:45.535565541+00:00,1854,Value 2
394,0,Resolve ticket,2012-10-22 14:02:45.535565541+00:00,2012-10-22 14:02:45.535565541+00:00,1855,Value 2
394,5,Closed,2012-10-22 14:02:45.535565541+00:00,2012-10-22 14:02:45.535565541+00:00,1856,Value 5
395,15,Assign seriousness,2012-10-22 14:31:16.138509692+00:00,2012-10-22 14:31:16.138509692+00:00,1857,Value 13
395,15,Take in charge ticket,2012-10-22 14:31:16.138509692+00:00,2012-10-22 14:31:16.138509692+00:00,1858,Value 13
395,17,Resolve ticket,2012-10-22 14:31:16.138509692+00:00,2012-10-22 14:31:16.138509692+00:00,1859,Value 1
395,5,Closed,2012-10-22 14:31:16.138509692+00:00,2012-10-22 14:31:16.138509692+00:00,1860,Value 5
396,15,Assign seriousness,2012-10-22 15:01:26.666774161+00:00,2012-10-22 15:01:26.666774161+00:00,1861,Value 13
396,15,Resolve ticket,2012-10-22 15:01:26.666774161+00:00,2012-10-22 15:01:26.666774161+00:00,1862,Value 13
396,5,Closed,2012-10-22 15:01:26.666774161+00:00,2012-10-22 15:01:26.666774161+00:00,1863,Value 5
397,17,Assign seriousness,2012-10-22 15:02:02.964347203+00:00,2012-10-22 15:02:02.964347203+00:00,1864,Value 1
397,0,Take in charge ticket,2012-10-22 15:02:02.964347203+00:00,2012-10-22 15:02:02.964347203+00:00,1865,Value 2
397,0,Wait,2012-10-22 15:02:02.964347203+00:00,2012-10-22 15:02:02.964347203+00:00,1866,Value 2
397,0,Take in charge ticket,2012-10-22 15:02:02.964347203+00:00,2012-10-22 15:02:02.964347203+00:00,1867,Value 2
397,8,Resolve ticket,2012-10-22 15:02:02.964347203+00:00,2012-10-22 15:02:02.964347203+00:00,1868,Value 6
397,5,Closed,2012-10-22 15:02:02.964347203+00:00,2012-10-22 15:02:02.964347203+00:00,1869,Value 5
398,2,Assign seriousness,2012-10-23 04:00:00+00:00,2012-10-23 04:00:00+00:00,1871,Value 11
398,2,Take in charge ticket,2012-10-23 04:00:00+00:00,2012-10-23 04:00:00+00:00,1872,Value 11
398,2,Resolve ticket,2012-10-23 04:00:00+00:00,2012-10-23 04:00:00+00:00,1873,Value 11
398,5,Closed,2012-10-23 04:00:00+00:00,2012-10-23 04:00:00+00:00,1874,Value 5
399,2,Assign seriousness,2012-10-23 04:14:18.506713526+00:00,2012-10-23 04:14:18.506713526+00:00,1875,Value 11
399,2,Take in charge ticket,2012-10-23 04:14:18.506713526+00:00,2012-10-23 04:14:18.506713526+00:00,1876,Value 11
399,2,Resolve ticket,2012-10-23 04:14:18.506713526+00:00,2012-10-23 04:14:18.506713526+00:00,1877,Value 11
399,5,Closed,2012-10-23 04:14:18.506713526+00:00,2012-10-23 04:14:18.506713526+00:00,1878,Value 5
400,2,Assign seriousness,2012-10-23 05:11:36.411129966+00:00,2012-10-23 05:11:36.411129966+00:00,1879,Value 11
400,2,Take in charge ticket,2012-10-23 05:11:36.411129966+00:00,2012-10-23 05:11:36.411129966+00:00,1880,Value 11
400,2,Resolve ticket,2012-10-23 05:11:36.411129966+00:00,2012-10-23 05:11:36.411129966+00:00,1881,Value 11
400,5,Closed,2012-10-23 05:11:36.411129966+00:00,2012-10-23 05:11:36.411129966+00:00,1882,Value 5
401,2,Assign seriousness,2012-10-23 07:12:33.881821292+00:00,2012-10-23 07:12:33.881821292+00:00,1883,Value 11
401,2,Take in charge ticket,2012-10-23 07:12:33.881821292+00:00,2012-10-23 07:12:33.881821292+00:00,1884,Value 11
401,2,Wait,2012-10-23 07:12:33.881821292+00:00,2012-10-23 07:12:33.881821292+00:00,1885,Value 11
401,2,Take in charge ticket,2012-10-23 07:12:33.881821292+00:00,2012-10-23 07:12:33.881821292+00:00,1886,Value 11
401,2,Resolve ticket,2012-10-23 07:12:33.881821292+00:00,2012-10-23 07:12:33.881821292+00:00,1887,Value 11
401,5,Closed,2012-10-23 07:12:33.881821292+00:00,2012-10-23 07:12:33.881821292+00:00,1888,Value 5
402,2,Assign seriousness,2012-10-23 08:20:41.062719316+00:00,2012-10-23 08:20:41.062719316+00:00,1889,Value 11
402,2,Take in charge ticket,2012-10-23 08:20:41.062719316+00:00,2012-10-23 08:20:41.062719316+00:00,1890,Value 11
402,2,Resolve ticket,2012-10-23 08:20:41.062719316+00:00,2012-10-23 08:20:41.062719316+00:00,1891,Value 11
402,5,Closed,2012-10-23 08:20:41.062719316+00:00,2012-10-23 08:20:41.062719316+00:00,1892,Value 5
403,2,Assign seriousness,2012-10-23 08:52:24.815997567+00:00,2012-10-23 08:52:24.815997567+00:00,1893,Value 11
403,2,Take in charge ticket,2012-10-23 08:52:24.815997567+00:00,2012-10-23 08:52:24.815997567+00:00,1894,Value 11
403,2,Resolve ticket,2012-10-23 08:52:24.815997567+00:00,2012-10-23 08:52:24.815997567+00:00,1895,Value 11
403,5,Closed,2012-10-23 08:52:24.815997567+00:00,2012-10-23 08:52:24.815997567+00:00,1896,Value 5
404,2,Assign seriousness,2012-10-23 11:49:54.201130481+00:00,2012-10-23 11:49:54.201130481+00:00,1897,Value 11
404,2,Take in charge ticket,2012-10-23 11:49:54.201130481+00:00,2012-10-23 11:49:54.201130481+00:00,1898,Value 11
404,2,Resolve ticket,2012-10-23 11:49:54.201130481+00:00,2012-10-23 11:49:54.201130481+00:00,1899,Value 11
404,5,Closed,2012-10-23 11:49:54.201130481+00:00,2012-10-23 11:49:54.201130481+00:00,1900,Value 5
405,2,Assign seriousness,2012-10-23 11:55:38.242281797+00:00,2012-10-23 11:55:38.242281797+00:00,1901,Value 11
405,2,Take in charge ticket,2012-10-23 11:55:38.242281797+00:00,2012-10-23 11:55:38.242281797+00:00,1902,Value 11
405,2,Resolve ticket,2012-10-23 11:55:38.242281797+00:00,2012-10-23 11:55:38.242281797+00:00,1903,Value 11
405,5,Closed,2012-10-23 11:55:38.242281797+00:00,2012-10-23 11:55:38.242281797+00:00,1904,Value 5
406,2,Assign seriousness,2012-10-23 14:17:34.736231875+00:00,2012-10-23 14:17:34.736231875+00:00,1905,Value 11
406,2,Take in charge ticket,2012-10-23 14:17:34.736231875+00:00,2012-10-23 14:17:34.736231875+00:00,1906,Value 11
406,2,Resolve ticket,2012-10-23 14:17:34.736231875+00:00,2012-10-23 14:17:34.736231875+00:00,1907,Value 11
406,5,Closed,2012-10-23 14:17:34.736231875+00:00,2012-10-23 14:17:34.736231875+00:00,1908,Value 5
407,2,Assign seriousness,2012-10-23 14:27:06.306149911+00:00,2012-10-23 14:27:06.306149911+00:00,1909,Value 11
407,2,Take in charge ticket,2012-10-23 14:27:06.306149911+00:00,2012-10-23 14:27:06.306149911+00:00,1910,Value 11
407,3,Resolve ticket,2012-10-23 14:27:06.306149911+00:00,2012-10-23 14:27:06.306149911+00:00,1911,Value 16
407,2,Take in charge ticket,2012-10-23 14:27:06.306149911+00:00,2012-10-23 14:27:06.306149911+00:00,1912,Value 11
407,2,Wait,2012-10-23 14:27:06.306149911+00:00,2012-10-23 14:27:06.306149911+00:00,1913,Value 11
407,2,Take in charge ticket,2012-10-23 14:27:06.306149911+00:00,2012-10-23 14:27:06.306149911+00:00,1914,Value 11
407,2,Resolve ticket,2012-10-23 14:27:06.306149911+00:00,2012-10-23 14:27:06.306149911+00:00,1915,Value 11
407,5,Closed,2012-10-23 14:27:06.306149911+00:00,2012-10-23 14:27:06.306149911+00:00,1916,Value 5
408,13,Take in charge ticket,2012-10-24 04:01:43+00:00,2012-10-24 04:01:43+00:00,1917,Value 17
408,13,Resolve ticket,2012-10-24 04:01:43+00:00,2012-10-24 04:01:43+00:00,1918,Value 17
408,5,Closed,2012-10-24 04:01:43+00:00,2012-10-24 04:01:43+00:00,1919,Value 5
409,2,Assign seriousness,2012-10-24 04:28:06.407152984+00:00,2012-10-24 04:28:06.407152984+00:00,1920,Value 11
409,2,Take in charge ticket,2012-10-24 04:28:06.407152984+00:00,2012-10-24 04:28:06.407152984+00:00,1921,Value 11
409,2,Resolve ticket,2012-10-24 04:28:06.407152984+00:00,2012-10-24 04:28:06.407152984+00:00,1922,Value 11
409,5,Closed,2012-10-24 04:28:06.407152984+00:00,2012-10-24 04:28:06.407152984+00:00,1923,Value 5
410,2,Insert ticket,2012-10-24 06:19:13.801852230+00:00,2012-10-24 06:19:13.801852230+00:00,1924,Value 11
410,2,Assign seriousness,2012-10-24 06:19:13.801852230+00:00,2012-10-24 06:19:13.801852230+00:00,1925,Value 11
410,2,Take in charge ticket,2012-10-24 06:19:13.801852230+00:00,2012-10-24 06:19:13.801852230+00:00,1926,Value 11
410,2,Wait,2012-10-24 06:19:13.801852230+00:00,2012-10-24 06:19:13.801852230+00:00,1927,Value 11
410,2,Take in charge ticket,2012-10-24 06:19:13.801852230+00:00,2012-10-24 06:19:13.801852230+00:00,1928,Value 11
410,2,Resolve ticket,2012-10-24 06:19:13.801852230+00:00,2012-10-24 06:19:13.801852230+00:00,1929,Value 11
410,5,Closed,2012-10-24 06:19:13.801852230+00:00,2012-10-24 06:19:13.801852230+00:00,1930,Value 5
411,2,Assign seriousness,2012-10-24 07:27:54.852910601+00:00,2012-10-24 07:27:54.852910601+00:00,1931,Value 11
411,0,Assign seriousness,2012-10-24 07:27:54.852910601+00:00,2012-10-24 07:27:54.852910601+00:00,1932,Value 2
411,0,Take in charge ticket,2012-10-24 07:27:54.852910601+00:00,2012-10-24 07:27:54.852910601+00:00,1933,Value 2
411,0,Resolve ticket,2012-10-24 07:27:54.852910601+00:00,2012-10-24 07:27:54.852910601+00:00,1934,Value 2
411,5,Closed,2012-10-24 07:27:54.852910601+00:00,2012-10-24 07:27:54.852910601+00:00,1935,Value 5
412,2,Assign seriousness,2012-10-24 09:32:46.325420276+00:00,2012-10-24 09:32:46.325420276+00:00,1936,Value 11
412,2,Take in charge ticket,2012-10-24 09:32:46.325420276+00:00,2012-10-24 09:32:46.325420276+00:00,1937,Value 11
412,2,Resolve ticket,2012-10-24 09:32:46.325420276+00:00,2012-10-24 09:32:46.325420276+00:00,1938,Value 11
412,5,Closed,2012-10-24 09:32:46.325420276+00:00,2012-10-24 09:32:46.325420276+00:00,1939,Value 5
413,2,Assign seriousness,2012-10-24 09:36:49.099943478+00:00,2012-10-24 09:36:49.099943478+00:00,1940,Value 11
413,2,Take in charge ticket,2012-10-24 09:36:49.099943478+00:00,2012-10-24 09:36:49.099943478+00:00,1941,Value 11
413,2,Resolve ticket,2012-10-24 09:36:49.099943478+00:00,2012-10-24 09:36:49.099943478+00:00,1942,Value 11
413,5,Closed,2012-10-24 09:36:49.099943478+00:00,2012-10-24 09:36:49.099943478+00:00,1943,Value 5
414,2,Assign seriousness,2012-10-24 10:11:03.308222683+00:00,2012-10-24 10:11:03.308222683+00:00,1944,Value 11
414,0,Assign seriousness,2012-10-24 10:11:03.308222683+00:00,2012-10-24 10:11:03.308222683+00:00,1945,Value 2
414,0,Take in charge ticket,2012-10-24 10:11:03.308222683+00:00,2012-10-24 10:11:03.308222683+00:00,1946,Value 2
414,0,Resolve ticket,2012-10-24 10:11:03.308222683+00:00,2012-10-24 10:11:03.308222683+00:00,1947,Value 2
414,14,Resolve ticket,2012-10-24 10:11:03.308222683+00:00,2012-10-24 10:11:03.308222683+00:00,1948,Value 8
414,5,Closed,2012-10-24 10:11:03.308222683+00:00,2012-10-24 10:11:03.308222683+00:00,1949,Value 5
415,2,Assign seriousness,2012-10-24 10:22:25.445166928+00:00,2012-10-24 10:22:25.445166928+00:00,1950,Value 11
415,2,Take in charge ticket,2012-10-24 10:22:25.445166928+00:00,2012-10-24 10:22:25.445166928+00:00,1951,Value 11
415,2,Resolve ticket,2012-10-24 10:22:25.445166928+00:00,2012-10-24 10:22:25.445166928+00:00,1952,Value 11
415,5,Closed,2012-10-24 10:22:25.445166928+00:00,2012-10-24 10:22:25.445166928+00:00,1953,Value 5
416,2,Assign seriousness,2012-10-24 11:00:35.132131317+00:00,2012-10-24 11:00:35.132131317+00:00,1954,Value 11
416,2,Take in charge ticket,2012-10-24 11:00:35.132131317+00:00,2012-10-24 11:00:35.132131317+00:00,1955,Value 11
416,2,Wait,2012-10-24 11:00:35.132131317+00:00,2012-10-24 11:00:35.132131317+00:00,1956,Value 11
416,2,Take in charge ticket,2012-10-24 11:00:35.132131317+00:00,2012-10-24 11:00:35.132131317+00:00,1957,Value 11
416,2,Wait,2012-10-24 11:00:35.132131317+00:00,2012-10-24 11:00:35.132131317+00:00,1958,Value 11
416,0,Resolve ticket,2012-10-24 11:00:35.132131317+00:00,2012-10-24 11:00:35.132131317+00:00,1959,Value 2
416,5,Closed,2012-10-24 11:00:35.132131317+00:00,2012-10-24 11:00:35.132131317+00:00,1960,Value 5
417,2,Assign seriousness,2012-10-24 14:27:07.009830971+00:00,2012-10-24 14:27:07.009830971+00:00,1961,Value 11
417,2,Take in charge ticket,2012-10-24 14:27:07.009830971+00:00,2012-10-24 14:27:07.009830971+00:00,1962,Value 11
417,2,Resolve ticket,2012-10-24 14:27:07.009830971+00:00,2012-10-24 14:27:07.009830971+00:00,1963,Value 11
417,5,Closed,2012-10-24 14:27:07.009830971+00:00,2012-10-24 14:27:07.009830971+00:00,1964,Value 5
418,2,Assign seriousness,2012-10-24 15:05:40.796450780+00:00,2012-10-24 15:05:40.796450780+00:00,1965,Value 11
418,2,Assign seriousness,2012-10-24 15:05:40.796450780+00:00,2012-10-24 15:05:40.796450780+00:00,1966,Value 11
418,2,Take in charge ticket,2012-10-24 15:05:40.796450780+00:00,2012-10-24 15:05:40.796450780+00:00,1967,Value 11
418,2,Resolve ticket,2012-10-24 15:05:40.796450780+00:00,2012-10-24 15:05:40.796450780+00:00,1968,Value 11
418,5,Closed,2012-10-24 15:05:40.796450780+00:00,2012-10-24 15:05:40.796450780+00:00,1969,Value 5
419,10,Assign seriousness,2012-10-24 15:10:57.333150387+00:00,2012-10-24 15:10:57.333150387+00:00,1970,Value 19
419,10,Take in charge ticket,2012-10-24 15:10:57.333150387+00:00,2012-10-24 15:10:57.333150387+00:00,1971,Value 19
419,10,Resolve ticket,2012-10-24 15:10:57.333150387+00:00,2012-10-24 15:10:57.333150387+00:00,1972,Value 19
419,5,Closed,2012-10-24 15:10:57.333150387+00:00,2012-10-24 15:10:57.333150387+00:00,1973,Value 5
420,12,Assign seriousness,2012-10-25 04:02:16+00:00,2012-10-25 04:02:16+00:00,1974,Value 7
420,12,Assign seriousness,2012-10-25 04:02:16+00:00,2012-10-25 04:02:16+00:00,1975,Value 7
420,12,Wait,2012-10-25 04:02:16+00:00,2012-10-25 04:02:16+00:00,1976,Value 7
420,12,Take in charge ticket,2012-10-25 04:02:16+00:00,2012-10-25 04:02:16+00:00,1977,Value 7
420,12,Resolve ticket,2012-10-25 04:02:16+00:00,2012-10-25 04:02:16+00:00,1978,Value 7
420,5,Closed,2012-10-25 04:02:16+00:00,2012-10-25 04:02:16+00:00,1979,Value 5
421,12,Assign seriousness,2012-10-25 04:34:29.579861157+00:00,2012-10-25 04:34:29.579861157+00:00,1980,Value 7
421,13,Take in charge ticket,2012-10-25 04:34:29.579861157+00:00,2012-10-25 04:34:29.579861157+00:00,1981,Value 17
421,13,Resolve ticket,2012-10-25 04:34:29.579861157+00:00,2012-10-25 04:34:29.579861157+00:00,1982,Value 17
421,5,Closed,2012-10-25 04:34:29.579861157+00:00,2012-10-25 04:34:29.579861157+00:00,1983,Value 5
422,12,Assign seriousness,2012-10-25 06:22:57.130211175+00:00,2012-10-25 06:22:57.130211175+00:00,1984,Value 7
422,9,Take in charge ticket,2012-10-25 06:22:57.130211175+00:00,2012-10-25 06:22:57.130211175+00:00,1985,Value 14
422,9,Resolve ticket,2012-10-25 06:22:57.130211175+00:00,2012-10-25 06:22:57.130211175+00:00,1986,Value 14
422,5,Closed,2012-10-25 06:22:57.130211175+00:00,2012-10-25 06:22:57.130211175+00:00,1987,Value 5
423,12,Assign seriousness,2012-10-25 06:57:46.342843125+00:00,2012-10-25 06:57:46.342843125+00:00,1988,Value 7
423,0,Assign seriousness,2012-10-25 06:57:46.342843125+00:00,2012-10-25 06:57:46.342843125+00:00,1989,Value 2
423,0,Take in charge ticket,2012-10-25 06:57:46.342843125+00:00,2012-10-25 06:57:46.342843125+00:00,1990,Value 2
423,0,Take in charge ticket,2012-10-25 06:57:46.342843125+00:00,2012-10-25 06:57:46.342843125+00:00,1991,Value 2
423,7,Resolve ticket,2012-10-25 06:57:46.342843125+00:00,2012-10-25 06:57:46.342843125+00:00,1992,Value 12
423,5,Closed,2012-10-25 06:57:46.342843125+00:00,2012-10-25 06:57:46.342843125+00:00,1993,Value 5
424,12,Assign seriousness,2012-10-25 06:58:25.817617644+00:00,2012-10-25 06:58:25.817617644+00:00,1994,Value 7
424,12,Take in charge ticket,2012-10-25 06:58:25.817617644+00:00,2012-10-25 06:58:25.817617644+00:00,1995,Value 7
424,12,Resolve ticket,2012-10-25 06:58:25.817617644+00:00,2012-10-25 06:58:25.817617644+00:00,1996,Value 7
424,5,Closed,2012-10-25 06:58:25.817617644+00:00,2012-10-25 06:58:25.817617644+00:00,1997,Value 5
425,12,Assign seriousness,2012-10-25 07:12:17.261815865+00:00,2012-10-25 07:12:17.261815865+00:00,1998,Value 7
425,0,Take in charge ticket,2012-10-25 07:12:17.261815865+00:00,2012-10-25 07:12:17.261815865+00:00,1999,Value 2
425,0,Resolve ticket,2012-10-25 07:12:17.261815865+00:00,2012-10-25 07:12:17.261815865+00:00,2000,Value 2
425,5,Closed,2012-10-25 07:12:17.261815865+00:00,2012-10-25 07:12:17.261815865+00:00,2001,Value 5
426,12,Assign seriousness,2012-10-25 07:55:48.127221377+00:00,2012-10-25 07:55:48.127221377+00:00,2002,Value 7
426,12,Take in charge ticket,2012-10-25 07:55:48.127221377+00:00,2012-10-25 07:55:48.127221377+00:00,2003,Value 7
426,12,Resolve ticket,2012-10-25 07:55:48.127221377+00:00,2012-10-25 07:55:48.127221377+00:00,2004,Value 7
426,5,Closed,2012-10-25 07:55:48.127221377+00:00,2012-10-25 07:55:48.127221377+00:00,2005,Value 5
427,12,Assign seriousness,2012-10-25 08:31:49.452477761+00:00,2012-10-25 08:31:49.452477761+00:00,2006,Value 7
427,12,Take in charge ticket,2012-10-25 08:31:49.452477761+00:00,2012-10-25 08:31:49.452477761+00:00,2007,Value 7
427,12,Wait,2012-10-25 08:31:49.452477761+00:00,2012-10-25 08:31:49.452477761+00:00,2008,Value 7
427,0,Resolve ticket,2012-10-25 08:31:49.452477761+00:00,2012-10-25 08:31:49.452477761+00:00,2009,Value 2
427,5,Closed,2012-10-25 08:31:49.452477761+00:00,2012-10-25 08:31:49.452477761+00:00,2010,Value 5
428,12,Assign seriousness,2012-10-26 04:00:00+00:00,2012-10-26 04:00:00+00:00,2012,Value 7
428,12,Take in charge ticket,2012-10-26 04:00:00+00:00,2012-10-26 04:00:00+00:00,2013,Value 7
428,12,Resolve ticket,2012-10-26 04:00:00+00:00,2012-10-26 04:00:00+00:00,2014,Value 7
428,5,Closed,2012-10-26 04:00:00+00:00,2012-10-26 04:00:00+00:00,2015,Value 5
429,12,Assign seriousness,2012-10-26 04:47:09.181378597+00:00,2012-10-26 04:47:09.181378597+00:00,2016,Value 7
429,12,Take in charge ticket,2012-10-26 04:47:09.181378597+00:00,2012-10-26 04:47:09.181378597+00:00,2017,Value 7
429,0,Resolve ticket,2012-10-26 04:47:09.181378597+00:00,2012-10-26 04:47:09.181378597+00:00,2018,Value 2
429,5,Closed,2012-10-26 04:47:09.181378597+00:00,2012-10-26 04:47:09.181378597+00:00,2019,Value 5
430,12,Assign seriousness,2012-10-26 04:51:05.184571193+00:00,2012-10-26 04:51:05.184571193+00:00,2020,Value 7
430,12,Take in charge ticket,2012-10-26 04:51:05.184571193+00:00,2012-10-26 04:51:05.184571193+00:00,2021,Value 7
430,12,Resolve ticket,2012-10-26 04:51:05.184571193+00:00,2012-10-26 04:51:05.184571193+00:00,2022,Value 7
430,5,Closed,2012-10-26 04:51:05.184571193+00:00,2012-10-26 04:51:05.184571193+00:00,2023,Value 5
431,12,Assign seriousness,2012-10-26 05:09:31.566879762+00:00,2012-10-26 05:09:31.566879762+00:00,2024,Value 7
431,2,Take in charge ticket,2012-10-26 05:09:31.566879762+00:00,2012-10-26 05:09:31.566879762+00:00,2025,Value 11
431,2,Resolve ticket,2012-10-26 05:09:31.566879762+00:00,2012-10-26 05:09:31.566879762+00:00,2026,Value 11
431,5,Closed,2012-10-26 05:09:31.566879762+00:00,2012-10-26 05:09:31.566879762+00:00,2027,Value 5
432,12,Assign seriousness,2012-10-26 06:14:49.237101876+00:00,2012-10-26 06:14:49.237101876+00:00,2028,Value 7
432,12,Take in charge ticket,2012-10-26 06:14:49.237101876+00:00,2012-10-26 06:14:49.237101876+00:00,2029,Value 7
432,12,Wait,2012-10-26 06:14:49.237101876+00:00,2012-10-26 06:14:49.237101876+00:00,2030,Value 7
432,0,Take in charge ticket,2012-10-26 06:14:49.237101876+00:00,2012-10-26 06:14:49.237101876+00:00,2031,Value 2
432,0,Resolve ticket,2012-10-26 06:14:49.237101876+00:00,2012-10-26 06:14:49.237101876+00:00,2032,Value 2
432,5,Closed,2012-10-26 06:14:49.237101876+00:00,2012-10-26 06:14:49.237101876+00:00,2033,Value 5
433,12,Assign seriousness,2012-10-26 08:21:51.057659412+00:00,2012-10-26 08:21:51.057659412+00:00,2034,Value 7
433,9,Take in charge ticket,2012-10-26 08:21:51.057659412+00:00,2012-10-26 08:21:51.057659412+00:00,2035,Value 14
433,9,Resolve ticket,2012-10-26 08:21:51.057659412+00:00,2012-10-26 08:21:51.057659412+00:00,2036,Value 14
433,5,Closed,2012-10-26 08:21:51.057659412+00:00,2012-10-26 08:21:51.057659412+00:00,2037,Value 5
434,12,Assign seriousness,2012-10-26 08:39:28.125008656+00:00,2012-10-26 08:39:28.125008656+00:00,2038,Value 7
434,12,Take in charge ticket,2012-10-26 08:39:28.125008656+00:00,2012-10-26 08:39:28.125008656+00:00,2039,Value 7
434,12,Resolve ticket,2012-10-26 08:39:28.125008656+00:00,2012-10-26 08:39:28.125008656+00:00,2040,Value 7
434,5,Closed,2012-10-26 08:39:28.125008656+00:00,2012-10-26 08:39:28.125008656+00:00,2041,Value 5
435,12,Assign seriousness,2012-10-26 11:08:43.095099052+00:00,2012-10-26 11:08:43.095099052+00:00,2042,Value 7
435,12,Take in charge ticket,2012-10-26 11:08:43.095099052+00:00,2012-10-26 11:08:43.095099052+00:00,2043,Value 7
435,6,Resolve ticket,2012-10-26 11:08:43.095099052+00:00,2012-10-26 11:08:43.095099052+00:00,2044,Value 10
435,5,Closed,2012-10-26 11:08:43.095099052+00:00,2012-10-26 11:08:43.095099052+00:00,2045,Value 5
436,12,Assign seriousness,2012-10-26 13:39:46.832397408+00:00,2012-10-26 13:39:46.832397408+00:00,2046,Value 7
436,7,Take in charge ticket,2012-10-26 13:39:46.832397408+00:00,2012-10-26 13:39:46.832397408+00:00,2047,Value 12
436,7,Resolve ticket,2012-10-26 13:39:46.832397408+00:00,2012-10-26 13:39:46.832397408+00:00,2048,Value 12
436,3,Resolve ticket,2012-10-26 13:39:46.832397408+00:00,2012-10-26 13:39:46.832397408+00:00,2049,Value 16
436,5,Closed,2012-10-26 13:39:46.832397408+00:00,2012-10-26 13:39:46.832397408+00:00,2050,Value 5
437,12,Assign seriousness,2012-10-26 14:21:05.772151303+00:00,2012-10-26 14:21:05.772151303+00:00,2051,Value 7
437,2,Take in charge ticket,2012-10-26 14:21:05.772151303+00:00,2012-10-26 14:21:05.772151303+00:00,2052,Value 11
437,2,Resolve ticket,2012-10-26 14:21:05.772151303+00:00,2012-10-26 14:21:05.772151303+00:00,2053,Value 11
437,5,Closed,2012-10-26 14:21:05.772151303+00:00,2012-10-26 14:21:05.772151303+00:00,2054,Value 5
438,5,Assign seriousness,2012-10-27 13:17:27+00:00,2012-10-27 13:17:27+00:00,2055,Value 5
438,0,Take in charge ticket,2012-10-29 03:00:00+00:00,2012-10-29 03:00:00+00:00,2057,Value 2
438,7,Wait,2012-10-29 03:00:00+00:00,2012-10-29 03:00:00+00:00,2058,Value 12
438,0,Take in charge ticket,2012-10-29 03:00:00+00:00,2012-10-29 03:00:00+00:00,2059,Value 2
438,0,Resolve ticket,2012-10-29 03:00:00+00:00,2012-10-29 03:00:00+00:00,2060,Value 2
438,5,Closed,2012-10-29 06:00:00+00:00,2012-10-29 06:00:00+00:00,2061,Value 5
439,12,Assign seriousness,2012-10-29 04:00:49+00:00,2012-10-29 04:00:49+00:00,2062,Value 7
439,2,Take in charge ticket,2012-10-29 04:00:49+00:00,2012-10-29 04:00:49+00:00,2063,Value 11
439,2,Resolve ticket,2012-10-29 04:00:49+00:00,2012-10-29 04:00:49+00:00,2064,Value 11
440,12,Assign seriousness,2012-10-29 05:43:39.667711106+00:00,2012-10-29 05:43:39.667711106+00:00,2066,Value 7
439,5,Closed,2012-10-29 06:00:00+00:00,2012-10-29 06:00:00+00:00,2067,Value 5
440,12,Take in charge ticket,2012-10-29 05:43:39.667711106+00:00,2012-10-29 05:43:39.667711106+00:00,2068,Value 7
441,12,Assign seriousness,2012-10-29 05:43:41.273776569+00:00,2012-10-29 05:43:41.273776569+00:00,2069,Value 7
440,12,Resolve ticket,2012-10-29 05:43:39.667711106+00:00,2012-10-29 05:43:39.667711106+00:00,2070,Value 7
441,12,Take in charge ticket,2012-10-29 05:43:41.273776569+00:00,2012-10-29 05:43:41.273776569+00:00,2071,Value 7
441,12,Resolve ticket,2012-10-29 05:43:41.273776569+00:00,2012-10-29 05:43:41.273776569+00:00,2073,Value 7
440,5,Closed,2012-10-29 06:00:00+00:00,2012-10-29 06:00:00+00:00,2075,Value 5
441,5,Closed,2012-10-29 06:00:00+00:00,2012-10-29 06:00:00+00:00,2076,Value 5
442,12,Insert ticket,2012-10-29 06:06:22.854423647+00:00,2012-10-29 06:06:22.854423647+00:00,2077,Value 7
442,12,Assign seriousness,2012-10-29 06:06:22.854423647+00:00,2012-10-29 06:06:22.854423647+00:00,2078,Value 7
442,12,Assign seriousness,2012-10-29 06:06:22.854423647+00:00,2012-10-29 06:06:22.854423647+00:00,2079,Value 7
442,12,Assign seriousness,2012-10-29 06:06:22.854423647+00:00,2012-10-29 06:06:22.854423647+00:00,2080,Value 7
442,0,Assign seriousness,2012-10-29 06:06:22.854423647+00:00,2012-10-29 06:06:22.854423647+00:00,2081,Value 2
442,12,Take in charge ticket,2012-10-29 06:06:22.854423647+00:00,2012-10-29 06:06:22.854423647+00:00,2082,Value 7
442,12,Wait,2012-10-29 06:06:22.854423647+00:00,2012-10-29 06:06:22.854423647+00:00,2083,Value 7
442,12,Take in charge ticket,2012-10-29 06:06:22.854423647+00:00,2012-10-29 06:06:22.854423647+00:00,2084,Value 7
442,12,Resolve ticket,2012-10-29 06:06:22.854423647+00:00,2012-10-29 06:06:22.854423647+00:00,2085,Value 7
442,5,Closed,2012-10-29 06:06:22.854423647+00:00,2012-10-29 06:06:22.854423647+00:00,2086,Value 5
443,12,Assign seriousness,2012-10-29 06:59:24.521777720+00:00,2012-10-29 06:59:24.521777720+00:00,2087,Value 7
443,3,Take in charge ticket,2012-10-29 06:59:24.521777720+00:00,2012-10-29 06:59:24.521777720+00:00,2088,Value 16
443,3,Resolve ticket,2012-10-29 06:59:24.521777720+00:00,2012-10-29 06:59:24.521777720+00:00,2089,Value 16
443,3,Take in charge ticket,2012-10-29 06:59:24.521777720+00:00,2012-10-29 06:59:24.521777720+00:00,2090,Value 16
443,3,Wait,2012-10-29 06:59:24.521777720+00:00,2012-10-29 06:59:24.521777720+00:00,2091,Value 16
443,3,Take in charge ticket,2012-10-29 06:59:24.521777720+00:00,2012-10-29 06:59:24.521777720+00:00,2092,Value 16
443,3,Resolve ticket,2012-10-29 06:59:24.521777720+00:00,2012-10-29 06:59:24.521777720+00:00,2093,Value 16
443,5,Closed,2012-10-29 06:59:24.521777720+00:00,2012-10-29 06:59:24.521777720+00:00,2094,Value 5
444,12,Assign seriousness,2012-10-29 06:59:28.632668464+00:00,2012-10-29 06:59:28.632668464+00:00,2095,Value 7
444,0,Take in charge ticket,2012-10-29 06:59:28.632668464+00:00,2012-10-29 06:59:28.632668464+00:00,2096,Value 2
444,0,Resolve ticket,2012-10-29 06:59:28.632668464+00:00,2012-10-29 06:59:28.632668464+00:00,2097,Value 2
444,5,Closed,2012-10-29 06:59:28.632668464+00:00,2012-10-29 06:59:28.632668464+00:00,2098,Value 5
445,12,Assign seriousness,2012-10-29 07:38:54.531310013+00:00,2012-10-29 07:38:54.531310013+00:00,2099,Value 7
445,0,Assign seriousness,2012-10-29 07:38:54.531310013+00:00,2012-10-29 07:38:54.531310013+00:00,2100,Value 2
445,18,Take in charge ticket,2012-10-29 07:38:54.531310013+00:00,2012-10-29 07:38:54.531310013+00:00,2101,Value 4
445,18,Wait,2012-10-29 07:38:54.531310013+00:00,2012-10-29 07:38:54.531310013+00:00,2102,Value 4
445,18,Resolve ticket,2012-10-29 07:38:54.531310013+00:00,2012-10-29 07:38:54.531310013+00:00,2103,Value 4
445,5,Closed,2012-10-29 07:38:54.531310013+00:00,2012-10-29 07:38:54.531310013+00:00,2104,Value 5
446,12,Assign seriousness,2012-10-29 08:03:12.220425072+00:00,2012-10-29 08:03:12.220425072+00:00,2105,Value 7
446,0,Take in charge ticket,2012-10-29 08:03:12.220425072+00:00,2012-10-29 08:03:12.220425072+00:00,2106,Value 2
446,9,Wait,2012-10-29 08:03:12.220425072+00:00,2012-10-29 08:03:12.220425072+00:00,2107,Value 14
446,0,Take in charge ticket,2012-10-29 08:03:12.220425072+00:00,2012-10-29 08:03:12.220425072+00:00,2108,Value 2
446,4,Create SW anomaly,2012-10-29 08:03:12.220425072+00:00,2012-10-29 08:03:12.220425072+00:00,2109,Value 21
446,4,Resolve ticket,2012-10-29 08:03:12.220425072+00:00,2012-10-29 08:03:12.220425072+00:00,2110,Value 21
446,5,Closed,2012-10-29 08:03:12.220425072+00:00,2012-10-29 08:03:12.220425072+00:00,2111,Value 5
447,12,Assign seriousness,2012-10-29 08:30:55.799809960+00:00,2012-10-29 08:30:55.799809960+00:00,2112,Value 7
447,12,Assign seriousness,2012-10-29 08:30:55.799809960+00:00,2012-10-29 08:30:55.799809960+00:00,2113,Value 7
447,12,Take in charge ticket,2012-10-29 08:30:55.799809960+00:00,2012-10-29 08:30:55.799809960+00:00,2114,Value 7
447,12,Resolve ticket,2012-10-29 08:30:55.799809960+00:00,2012-10-29 08:30:55.799809960+00:00,2115,Value 7
447,5,Closed,2012-10-29 08:30:55.799809960+00:00,2012-10-29 08:30:55.799809960+00:00,2116,Value 5
448,12,Assign seriousness,2012-10-29 11:10:26.851877751+00:00,2012-10-29 11:10:26.851877751+00:00,2117,Value 7
448,0,Assign seriousness,2012-10-29 11:10:26.851877751+00:00,2012-10-29 11:10:26.851877751+00:00,2118,Value 2
448,6,Resolve ticket,2012-10-29 11:10:26.851877751+00:00,2012-10-29 11:10:26.851877751+00:00,2119,Value 10
448,5,Closed,2012-10-29 11:10:26.851877751+00:00,2012-10-29 11:10:26.851877751+00:00,2120,Value 5
449,12,Assign seriousness,2012-10-30 04:00:00+00:00,2012-10-30 04:00:00+00:00,2122,Value 7
449,12,Take in charge ticket,2012-10-30 04:00:00+00:00,2012-10-30 04:00:00+00:00,2123,Value 7
449,12,Resolve ticket,2012-10-30 04:00:00+00:00,2012-10-30 04:00:00+00:00,2124,Value 7
449,5,Closed,2012-10-30 04:00:00+00:00,2012-10-30 04:00:00+00:00,2125,Value 5
450,12,Assign seriousness,2012-10-30 04:25:26.755917603+00:00,2012-10-30 04:25:26.755917603+00:00,2126,Value 7
450,12,Take in charge ticket,2012-10-30 04:25:26.755917603+00:00,2012-10-30 04:25:26.755917603+00:00,2127,Value 7
450,0,Resolve ticket,2012-10-30 04:25:26.755917603+00:00,2012-10-30 04:25:26.755917603+00:00,2128,Value 2
450,5,Closed,2012-10-30 04:25:26.755917603+00:00,2012-10-30 04:25:26.755917603+00:00,2129,Value 5
451,12,Assign seriousness,2012-10-30 04:30:32.796528128+00:00,2012-10-30 04:30:32.796528128+00:00,2130,Value 7
451,0,Take in charge ticket,2012-10-30 04:30:32.796528128+00:00,2012-10-30 04:30:32.796528128+00:00,2131,Value 2
451,9,Wait,2012-10-30 04:30:32.796528128+00:00,2012-10-30 04:30:32.796528128+00:00,2132,Value 14
451,11,Take in charge ticket,2012-10-30 04:30:32.796528128+00:00,2012-10-30 04:30:32.796528128+00:00,2133,Value 9
451,11,Resolve ticket,2012-10-30 04:30:32.796528128+00:00,2012-10-30 04:30:32.796528128+00:00,2134,Value 9
451,5,Closed,2012-10-30 04:30:32.796528128+00:00,2012-10-30 04:30:32.796528128+00:00,2135,Value 5
452,12,Assign seriousness,2012-10-30 06:36:45.158916095+00:00,2012-10-30 06:36:45.158916095+00:00,2136,Value 7
452,0,Take in charge ticket,2012-10-30 06:36:45.158916095+00:00,2012-10-30 06:36:45.158916095+00:00,2137,Value 2
452,17,Wait,2012-10-30 06:36:45.158916095+00:00,2012-10-30 06:36:45.158916095+00:00,2138,Value 1
452,17,Take in charge ticket,2012-10-30 06:36:45.158916095+00:00,2012-10-30 06:36:45.158916095+00:00,2139,Value 1
452,17,Resolve ticket,2012-10-30 06:36:45.158916095+00:00,2012-10-30 06:36:45.158916095+00:00,2140,Value 1
452,5,Closed,2012-10-30 06:36:45.158916095+00:00,2012-10-30 06:36:45.158916095+00:00,2141,Value 5
453,12,Assign seriousness,2012-10-30 12:22:50.570508855+00:00,2012-10-30 12:22:50.570508855+00:00,2142,Value 7
453,0,Take in charge ticket,2012-10-30 12:22:50.570508855+00:00,2012-10-30 12:22:50.570508855+00:00,2143,Value 2
453,0,Wait,2012-10-30 12:22:50.570508855+00:00,2012-10-30 12:22:50.570508855+00:00,2144,Value 2
453,0,Resolve ticket,2012-10-30 12:22:50.570508855+00:00,2012-10-30 12:22:50.570508855+00:00,2145,Value 2
453,5,Closed,2012-10-30 12:22:50.570508855+00:00,2012-10-30 12:22:50.570508855+00:00,2146,Value 5
454,12,Assign seriousness,2012-10-30 12:43:26.629511782+00:00,2012-10-30 12:43:26.629511782+00:00,2147,Value 7
454,9,Take in charge ticket,2012-10-30 12:43:26.629511782+00:00,2012-10-30 12:43:26.629511782+00:00,2148,Value 14
454,9,Resolve ticket,2012-10-30 12:43:26.629511782+00:00,2012-10-30 12:43:26.629511782+00:00,2149,Value 14
454,5,Closed,2012-10-30 12:43:26.629511782+00:00,2012-10-30 12:43:26.629511782+00:00,2150,Value 5
455,12,Assign seriousness,2012-10-30 14:31:26.874996280+00:00,2012-10-30 14:31:26.874996280+00:00,2151,Value 7
455,12,Take in charge ticket,2012-10-30 14:31:26.874996280+00:00,2012-10-30 14:31:26.874996280+00:00,2152,Value 7
455,12,Resolve ticket,2012-10-30 14:31:26.874996280+00:00,2012-10-30 14:31:26.874996280+00:00,2153,Value 7
455,5,Closed,2012-10-30 14:31:26.874996280+00:00,2012-10-30 14:31:26.874996280+00:00,2154,Value 5
456,12,Assign seriousness,2012-10-30 14:33:44.332856052+00:00,2012-10-30 14:33:44.332856052+00:00,2155,Value 7
456,8,Take in charge ticket,2012-10-30 14:33:44.332856052+00:00,2012-10-30 14:33:44.332856052+00:00,2156,Value 6
456,8,Resolve ticket,2012-10-30 14:33:44.332856052+00:00,2012-10-30 14:33:44.332856052+00:00,2157,Value 6
456,5,Closed,2012-10-30 14:33:44.332856052+00:00,2012-10-30 14:33:44.332856052+00:00,2158,Value 5
457,12,Assign seriousness,2012-10-30 14:47:53.413022603+00:00,2012-10-30 14:47:53.413022603+00:00,2159,Value 7
457,12,Take in charge ticket,2012-10-30 14:47:53.413022603+00:00,2012-10-30 14:47:53.413022603+00:00,2160,Value 7
457,12,Resolve ticket,2012-10-30 14:47:53.413022603+00:00,2012-10-30 14:47:53.413022603+00:00,2161,Value 7
457,5,Closed,2012-10-30 14:47:53.413022603+00:00,2012-10-30 14:47:53.413022603+00:00,2162,Value 5
458,12,Assign seriousness,2012-10-31 04:01:43+00:00,2012-10-31 04:01:43+00:00,2163,Value 7
458,3,Take in charge ticket,2012-10-31 04:01:43+00:00,2012-10-31 04:01:43+00:00,2164,Value 16
458,8,Resolve ticket,2012-10-31 04:01:43+00:00,2012-10-31 04:01:43+00:00,2165,Value 6
458,8,Take in charge ticket,2012-10-31 04:01:43+00:00,2012-10-31 04:01:43+00:00,2166,Value 6
458,8,Wait,2012-10-31 04:01:43+00:00,2012-10-31 04:01:43+00:00,2167,Value 6
458,8,Take in charge ticket,2012-10-31 04:01:43+00:00,2012-10-31 04:01:43+00:00,2168,Value 6
458,8,Resolve ticket,2012-10-31 04:01:43+00:00,2012-10-31 04:01:43+00:00,2169,Value 6
458,5,Closed,2012-10-31 04:01:43+00:00,2012-10-31 04:01:43+00:00,2170,Value 5
459,12,Assign seriousness,2012-10-31 05:07:25.357067174+00:00,2012-10-31 05:07:25.357067174+00:00,2171,Value 7
459,3,Take in charge ticket,2012-10-31 05:07:25.357067174+00:00,2012-10-31 05:07:25.357067174+00:00,2172,Value 16
459,3,Wait,2012-10-31 05:07:25.357067174+00:00,2012-10-31 05:07:25.357067174+00:00,2173,Value 16
459,3,Take in charge ticket,2012-10-31 05:07:25.357067174+00:00,2012-10-31 05:07:25.357067174+00:00,2174,Value 16
459,3,Resolve ticket,2012-10-31 05:07:25.357067174+00:00,2012-10-31 05:07:25.357067174+00:00,2175,Value 16
459,5,Closed,2012-10-31 05:07:25.357067174+00:00,2012-10-31 05:07:25.357067174+00:00,2176,Value 5
460,12,Assign seriousness,2012-10-31 06:11:29.109662707+00:00,2012-10-31 06:11:29.109662707+00:00,2177,Value 7
460,2,Take in charge ticket,2012-10-31 06:11:29.109662707+00:00,2012-10-31 06:11:29.109662707+00:00,2178,Value 11
460,2,Wait,2012-10-31 06:11:29.109662707+00:00,2012-10-31 06:11:29.109662707+00:00,2179,Value 11
460,0,Wait,2012-10-31 06:11:29.109662707+00:00,2012-10-31 06:11:29.109662707+00:00,2180,Value 2
460,0,Take in charge ticket,2012-10-31 06:11:29.109662707+00:00,2012-10-31 06:11:29.109662707+00:00,2181,Value 2
460,0,Resolve ticket,2012-10-31 06:11:29.109662707+00:00,2012-10-31 06:11:29.109662707+00:00,2182,Value 2
460,5,Closed,2012-10-31 06:11:29.109662707+00:00,2012-10-31 06:11:29.109662707+00:00,2183,Value 5
461,12,Assign seriousness,2012-10-31 06:33:11.923233476+00:00,2012-10-31 06:33:11.923233476+00:00,2184,Value 7
461,12,Take in charge ticket,2012-10-31 06:33:11.923233476+00:00,2012-10-31 06:33:11.923233476+00:00,2185,Value 7
461,12,Resolve ticket,2012-10-31 06:33:11.923233476+00:00,2012-10-31 06:33:11.923233476+00:00,2186,Value 7
461,5,Closed,2012-10-31 06:33:11.923233476+00:00,2012-10-31 06:33:11.923233476+00:00,2187,Value 5
462,12,Assign seriousness,2012-10-31 06:44:53.756391472+00:00,2012-10-31 06:44:53.756391472+00:00,2188,Value 7
462,12,Take in charge ticket,2012-10-31 06:44:53.756391472+00:00,2012-10-31 06:44:53.756391472+00:00,2189,Value 7
462,12,Resolve ticket,2012-10-31 06:44:53.756391472+00:00,2012-10-31 06:44:53.756391472+00:00,2190,Value 7
462,5,Closed,2012-10-31 06:44:53.756391472+00:00,2012-10-31 06:44:53.756391472+00:00,2191,Value 5
463,12,Assign seriousness,2012-10-31 07:23:43.842359041+00:00,2012-10-31 07:23:43.842359041+00:00,2192,Value 7
463,0,Assign seriousness,2012-10-31 07:23:43.842359041+00:00,2012-10-31 07:23:43.842359041+00:00,2193,Value 2
463,0,Take in charge ticket,2012-10-31 07:23:43.842359041+00:00,2012-10-31 07:23:43.842359041+00:00,2194,Value 2
463,0,Resolve ticket,2012-10-31 07:23:43.842359041+00:00,2012-10-31 07:23:43.842359041+00:00,2195,Value 2
463,0,Resolve ticket,2012-10-31 07:23:43.842359041+00:00,2012-10-31 07:23:43.842359041+00:00,2196,Value 2
463,5,Closed,2012-10-31 07:23:43.842359041+00:00,2012-10-31 07:23:43.842359041+00:00,2197,Value 5
464,12,Assign seriousness,2012-10-31 09:17:36.145340547+00:00,2012-10-31 09:17:36.145340547+00:00,2198,Value 7
464,12,Take in charge ticket,2012-10-31 09:17:36.145340547+00:00,2012-10-31 09:17:36.145340547+00:00,2199,Value 7
464,12,Wait,2012-10-31 09:17:36.145340547+00:00,2012-10-31 09:17:36.145340547+00:00,2200,Value 7
464,12,Take in charge ticket,2012-10-31 09:17:36.145340547+00:00,2012-10-31 09:17:36.145340547+00:00,2201,Value 7
464,12,Resolve ticket,2012-10-31 09:17:36.145340547+00:00,2012-10-31 09:17:36.145340547+00:00,2202,Value 7
464,5,Closed,2012-10-31 09:17:36.145340547+00:00,2012-10-31 09:17:36.145340547+00:00,2203,Value 5
465,12,Assign seriousness,2012-10-31 10:41:27.575972705+00:00,2012-10-31 10:41:27.575972705+00:00,2204,Value 7
465,0,Take in charge ticket,2012-10-31 10:41:27.575972705+00:00,2012-10-31 10:41:27.575972705+00:00,2205,Value 2
465,18,Resolve ticket,2012-10-31 10:41:27.575972705+00:00,2012-10-31 10:41:27.575972705+00:00,2206,Value 4
465,5,Closed,2012-10-31 10:41:27.575972705+00:00,2012-10-31 10:41:27.575972705+00:00,2207,Value 5
466,12,Assign seriousness,2012-10-31 11:03:04.791873946+00:00,2012-10-31 11:03:04.791873946+00:00,2208,Value 7
466,3,Take in charge ticket,2012-10-31 11:03:04.791873946+00:00,2012-10-31 11:03:04.791873946+00:00,2209,Value 16
466,8,Resolve ticket,2012-10-31 11:03:04.791873946+00:00,2012-10-31 11:03:04.791873946+00:00,2210,Value 6
466,8,Resolve ticket,2012-10-31 11:03:04.791873946+00:00,2012-10-31 11:03:04.791873946+00:00,2211,Value 6
466,5,Closed,2012-10-31 11:03:04.791873946+00:00,2012-10-31 11:03:04.791873946+00:00,2212,Value 5
467,12,Assign seriousness,2012-10-31 11:34:56.594556699+00:00,2012-10-31 11:34:56.594556699+00:00,2213,Value 7
467,0,Take in charge ticket,2012-10-31 11:34:56.594556699+00:00,2012-10-31 11:34:56.594556699+00:00,2214,Value 2
467,0,Resolve ticket,2012-10-31 11:34:56.594556699+00:00,2012-10-31 11:34:56.594556699+00:00,2215,Value 2
467,5,Closed,2012-10-31 11:34:56.594556699+00:00,2012-10-31 11:34:56.594556699+00:00,2216,Value 5
468,12,Assign seriousness,2012-10-31 12:31:47.914476463+00:00,2012-10-31 12:31:47.914476463+00:00,2217,Value 7
468,0,Take in charge ticket,2012-10-31 12:31:47.914476463+00:00,2012-10-31 12:31:47.914476463+00:00,2218,Value 2
468,0,Resolve ticket,2012-10-31 12:31:47.914476463+00:00,2012-10-31 12:31:47.914476463+00:00,2219,Value 2
468,5,Closed,2012-10-31 12:31:47.914476463+00:00,2012-10-31 12:31:47.914476463+00:00,2220,Value 5
469,12,Assign seriousness,2012-11-01 04:02:16+00:00,2012-11-01 04:02:16+00:00,2221,Value 7
469,0,Take in charge ticket,2012-11-01 04:02:16+00:00,2012-11-01 04:02:16+00:00,2222,Value 2
469,0,Wait,2012-11-01 04:02:16+00:00,2012-11-01 04:02:16+00:00,2223,Value 2
469,12,Take in charge ticket,2012-11-01 04:02:16+00:00,2012-11-01 04:02:16+00:00,2224,Value 7
469,12,Wait,2012-11-01 04:02:16+00:00,2012-11-01 04:02:16+00:00,2225,Value 7
469,12,Take in charge ticket,2012-11-01 04:02:16+00:00,2012-11-01 04:02:16+00:00,2226,Value 7
469,12,Resolve ticket,2012-11-01 04:02:16+00:00,2012-11-01 04:02:16+00:00,2227,Value 7
469,5,Closed,2012-11-01 04:02:16+00:00,2012-11-01 04:02:16+00:00,2228,Value 5
470,12,Assign seriousness,2012-11-01 05:30:53.527289669+00:00,2012-11-01 05:30:53.527289669+00:00,2229,Value 7
470,12,Take in charge ticket,2012-11-01 05:30:53.527289669+00:00,2012-11-01 05:30:53.527289669+00:00,2230,Value 7
470,12,Resolve ticket,2012-11-01 05:30:53.527289669+00:00,2012-11-01 05:30:53.527289669+00:00,2231,Value 7
470,5,Closed,2012-11-01 05:30:53.527289669+00:00,2012-11-01 05:30:53.527289669+00:00,2232,Value 5
471,12,Assign seriousness,2012-11-01 05:59:36.746342098+00:00,2012-11-01 05:59:36.746342098+00:00,2233,Value 7
471,12,Take in charge ticket,2012-11-01 05:59:36.746342098+00:00,2012-11-01 05:59:36.746342098+00:00,2234,Value 7
471,12,Resolve ticket,2012-11-01 05:59:36.746342098+00:00,2012-11-01 05:59:36.746342098+00:00,2235,Value 7
471,5,Closed,2012-11-01 05:59:36.746342098+00:00,2012-11-01 05:59:36.746342098+00:00,2236,Value 5
472,12,Assign seriousness,2012-11-01 08:34:44.461889701+00:00,2012-11-01 08:34:44.461889701+00:00,2237,Value 7
472,12,Take in charge ticket,2012-11-01 08:34:44.461889701+00:00,2012-11-01 08:34:44.461889701+00:00,2238,Value 7
472,12,Resolve ticket,2012-11-01 08:34:44.461889701+00:00,2012-11-01 08:34:44.461889701+00:00,2239,Value 7
472,5,Closed,2012-11-01 08:34:44.461889701+00:00,2012-11-01 08:34:44.461889701+00:00,2240,Value 5
473,12,Assign seriousness,2012-11-01 09:34:53.680492080+00:00,2012-11-01 09:34:53.680492080+00:00,2241,Value 7
473,12,Take in charge ticket,2012-11-01 09:34:53.680492080+00:00,2012-11-01 09:34:53.680492080+00:00,2242,Value 7
473,12,Resolve ticket,2012-11-01 09:34:53.680492080+00:00,2012-11-01 09:34:53.680492080+00:00,2243,Value 7
473,5,Closed,2012-11-01 09:34:53.680492080+00:00,2012-11-01 09:34:53.680492080+00:00,2244,Value 5
474,12,Assign seriousness,2012-11-01 09:59:42.965854991+00:00,2012-11-01 09:59:42.965854991+00:00,2245,Value 7
474,0,Take in charge ticket,2012-11-01 09:59:42.965854991+00:00,2012-11-01 09:59:42.965854991+00:00,2246,Value 2
474,0,Wait,2012-11-01 09:59:42.965854991+00:00,2012-11-01 09:59:42.965854991+00:00,2247,Value 2
474,0,Take in charge ticket,2012-11-01 09:59:42.965854991+00:00,2012-11-01 09:59:42.965854991+00:00,2248,Value 2
474,0,Resolve ticket,2012-11-01 09:59:42.965854991+00:00,2012-11-01 09:59:42.965854991+00:00,2249,Value 2
474,5,Closed,2012-11-01 09:59:42.965854991+00:00,2012-11-01 09:59:42.965854991+00:00,2250,Value 5
475,12,Assign seriousness,2012-11-01 10:33:47.421905653+00:00,2012-11-01 10:33:47.421905653+00:00,2251,Value 7
475,7,Take in charge ticket,2012-11-01 10:33:47.421905653+00:00,2012-11-01 10:33:47.421905653+00:00,2252,Value 12
475,7,Resolve ticket,2012-11-01 10:33:47.421905653+00:00,2012-11-01 10:33:47.421905653+00:00,2253,Value 12
475,5,Closed,2012-11-01 10:33:47.421905653+00:00,2012-11-01 10:33:47.421905653+00:00,2254,Value 5
476,12,Assign seriousness,2012-11-01 10:40:54.794246224+00:00,2012-11-01 10:40:54.794246224+00:00,2255,Value 7
476,0,Take in charge ticket,2012-11-01 10:40:54.794246224+00:00,2012-11-01 10:40:54.794246224+00:00,2256,Value 2
476,0,Resolve ticket,2012-11-01 10:40:54.794246224+00:00,2012-11-01 10:40:54.794246224+00:00,2257,Value 2
476,5,Closed,2012-11-01 10:40:54.794246224+00:00,2012-11-01 10:40:54.794246224+00:00,2258,Value 5
477,12,Assign seriousness,2012-11-01 12:04:33.936259118+00:00,2012-11-01 12:04:33.936259118+00:00,2259,Value 7
477,0,Take in charge ticket,2012-11-01 12:04:33.936259118+00:00,2012-11-01 12:04:33.936259118+00:00,2260,Value 2
477,0,Wait,2012-11-01 12:04:33.936259118+00:00,2012-11-01 12:04:33.936259118+00:00,2261,Value 2
477,0,Take in charge ticket,2012-11-01 12:04:33.936259118+00:00,2012-11-01 12:04:33.936259118+00:00,2262,Value 2
477,0,Wait,2012-11-01 12:04:33.936259118+00:00,2012-11-01 12:04:33.936259118+00:00,2263,Value 2
477,0,Take in charge ticket,2012-11-01 12:04:33.936259118+00:00,2012-11-01 12:04:33.936259118+00:00,2264,Value 2
477,0,Resolve ticket,2012-11-01 12:04:33.936259118+00:00,2012-11-01 12:04:33.936259118+00:00,2265,Value 2
477,5,Closed,2012-11-01 12:04:33.936259118+00:00,2012-11-01 12:04:33.936259118+00:00,2266,Value 5
478,12,Insert ticket,2012-11-01 12:21:17.808028464+00:00,2012-11-01 12:21:17.808028464+00:00,2267,Value 7
478,0,Assign seriousness,2012-11-01 12:21:17.808028464+00:00,2012-11-01 12:21:17.808028464+00:00,2268,Value 2
478,0,Take in charge ticket,2012-11-01 12:21:17.808028464+00:00,2012-11-01 12:21:17.808028464+00:00,2269,Value 2
478,0,Resolve ticket,2012-11-01 12:21:17.808028464+00:00,2012-11-01 12:21:17.808028464+00:00,2270,Value 2
478,5,Closed,2012-11-01 12:21:17.808028464+00:00,2012-11-01 12:21:17.808028464+00:00,2271,Value 5
479,12,Assign seriousness,2012-11-01 12:31:50.548255311+00:00,2012-11-01 12:31:50.548255311+00:00,2272,Value 7
479,12,Take in charge ticket,2012-11-01 12:31:50.548255311+00:00,2012-11-01 12:31:50.548255311+00:00,2273,Value 7
479,12,Resolve ticket,2012-11-01 12:31:50.548255311+00:00,2012-11-01 12:31:50.548255311+00:00,2274,Value 7
479,5,Closed,2012-11-01 12:31:50.548255311+00:00,2012-11-01 12:31:50.548255311+00:00,2275,Value 5
480,12,Assign seriousness,2012-11-01 12:45:59.420349067+00:00,2012-11-01 12:45:59.420349067+00:00,2276,Value 7
480,3,Take in charge ticket,2012-11-01 12:45:59.420349067+00:00,2012-11-01 12:45:59.420349067+00:00,2277,Value 16
480,3,Resolve ticket,2012-11-01 12:45:59.420349067+00:00,2012-11-01 12:45:59.420349067+00:00,2278,Value 16
480,5,Closed,2012-11-01 12:45:59.420349067+00:00,2012-11-01 12:45:59.420349067+00:00,2279,Value 5
481,12,Assign seriousness,2012-11-01 14:17:05.007820396+00:00,2012-11-01 14:17:05.007820396+00:00,2280,Value 7
481,12,Assign seriousness,2012-11-01 14:17:05.007820396+00:00,2012-11-01 14:17:05.007820396+00:00,2281,Value 7
481,2,Take in charge ticket,2012-11-01 14:17:05.007820396+00:00,2012-11-01 14:17:05.007820396+00:00,2282,Value 11
481,2,Resolve ticket,2012-11-01 14:17:05.007820396+00:00,2012-11-01 14:17:05.007820396+00:00,2283,Value 11
481,5,Closed,2012-11-01 14:17:05.007820396+00:00,2012-11-01 14:17:05.007820396+00:00,2284,Value 5
482,12,Assign seriousness,2012-11-02 04:00:00+00:00,2012-11-02 04:00:00+00:00,2287,Value 7
483,12,Assign seriousness,2012-11-02 04:00:00+00:00,2012-11-02 04:00:00+00:00,2288,Value 7
482,0,Take in charge ticket,2012-11-02 04:00:00+00:00,2012-11-02 04:00:00+00:00,2289,Value 2
483,0,Take in charge ticket,2012-11-02 04:00:00+00:00,2012-11-02 04:00:00+00:00,2290,Value 2
482,0,Resolve ticket,2012-11-02 04:00:00+00:00,2012-11-02 04:00:00+00:00,2291,Value 2
483,0,Resolve ticket,2012-11-02 04:00:00+00:00,2012-11-02 04:00:00+00:00,2292,Value 2
482,5,Closed,2012-11-02 04:00:00+00:00,2012-11-02 04:00:00+00:00,2293,Value 5
483,5,Closed,2012-11-02 04:00:00+00:00,2012-11-02 04:00:00+00:00,2294,Value 5
484,12,Assign seriousness,2012-11-02 04:39:06.635520514+00:00,2012-11-02 04:39:06.635520514+00:00,2295,Value 7
484,0,Take in charge ticket,2012-11-02 04:39:06.635520514+00:00,2012-11-02 04:39:06.635520514+00:00,2296,Value 2
484,0,Resolve ticket,2012-11-02 04:39:06.635520514+00:00,2012-11-02 04:39:06.635520514+00:00,2297,Value 2
484,5,Closed,2012-11-02 04:39:06.635520514+00:00,2012-11-02 04:39:06.635520514+00:00,2298,Value 5
485,12,Assign seriousness,2012-11-02 05:47:20.160140826+00:00,2012-11-02 05:47:20.160140826+00:00,2299,Value 7
485,0,Take in charge ticket,2012-11-02 05:47:20.160140826+00:00,2012-11-02 05:47:20.160140826+00:00,2300,Value 2
485,0,Resolve ticket,2012-11-02 05:47:20.160140826+00:00,2012-11-02 05:47:20.160140826+00:00,2301,Value 2
485,5,Closed,2012-11-02 05:47:20.160140826+00:00,2012-11-02 05:47:20.160140826+00:00,2302,Value 5
486,12,Assign seriousness,2012-11-02 06:28:51.578410251+00:00,2012-11-02 06:28:51.578410251+00:00,2303,Value 7
486,12,Take in charge ticket,2012-11-02 06:28:51.578410251+00:00,2012-11-02 06:28:51.578410251+00:00,2304,Value 7
486,12,Resolve ticket,2012-11-02 06:28:51.578410251+00:00,2012-11-02 06:28:51.578410251+00:00,2305,Value 7
486,5,Closed,2012-11-02 06:28:51.578410251+00:00,2012-11-02 06:28:51.578410251+00:00,2306,Value 5
487,12,Assign seriousness,2012-11-02 06:42:38.686205789+00:00,2012-11-02 06:42:38.686205789+00:00,2307,Value 7
487,0,Take in charge ticket,2012-11-02 06:42:38.686205789+00:00,2012-11-02 06:42:38.686205789+00:00,2308,Value 2
487,12,Resolve ticket,2012-11-02 06:42:38.686205789+00:00,2012-11-02 06:42:38.686205789+00:00,2309,Value 7
487,0,Resolve ticket,2012-11-02 06:42:38.686205789+00:00,2012-11-02 06:42:38.686205789+00:00,2310,Value 2
487,5,Closed,2012-11-02 06:42:38.686205789+00:00,2012-11-02 06:42:38.686205789+00:00,2311,Value 5
488,12,Insert ticket,2012-11-02 09:58:54.069462246+00:00,2012-11-02 09:58:54.069462246+00:00,2312,Value 7
488,0,Assign seriousness,2012-11-02 09:58:54.069462246+00:00,2012-11-02 09:58:54.069462246+00:00,2313,Value 2
488,0,Take in charge ticket,2012-11-02 09:58:54.069462246+00:00,2012-11-02 09:58:54.069462246+00:00,2314,Value 2
488,0,Wait,2012-11-02 09:58:54.069462246+00:00,2012-11-02 09:58:54.069462246+00:00,2315,Value 2
488,0,Take in charge ticket,2012-11-02 09:58:54.069462246+00:00,2012-11-02 09:58:54.069462246+00:00,2316,Value 2
488,0,Resolve ticket,2012-11-02 09:58:54.069462246+00:00,2012-11-02 09:58:54.069462246+00:00,2317,Value 2
488,5,Closed,2012-11-02 09:58:54.069462246+00:00,2012-11-02 09:58:54.069462246+00:00,2318,Value 5
489,12,Assign seriousness,2012-11-02 10:42:00.632742438+00:00,2012-11-02 10:42:00.632742438+00:00,2319,Value 7
489,3,Take in charge ticket,2012-11-02 10:42:00.632742438+00:00,2012-11-02 10:42:00.632742438+00:00,2320,Value 16
489,3,Wait,2012-11-02 10:42:00.632742438+00:00,2012-11-02 10:42:00.632742438+00:00,2321,Value 16
489,3,Take in charge ticket,2012-11-02 10:42:00.632742438+00:00,2012-11-02 10:42:00.632742438+00:00,2322,Value 16
489,3,Resolve ticket,2012-11-02 10:42:00.632742438+00:00,2012-11-02 10:42:00.632742438+00:00,2323,Value 16
489,5,Closed,2012-11-02 10:42:00.632742438+00:00,2012-11-02 10:42:00.632742438+00:00,2324,Value 5
490,12,Assign seriousness,2012-11-02 14:14:26.325167733+00:00,2012-11-02 14:14:26.325167733+00:00,2325,Value 7
490,12,Take in charge ticket,2012-11-02 14:14:26.325167733+00:00,2012-11-02 14:14:26.325167733+00:00,2326,Value 7
490,12,Resolve ticket,2012-11-02 14:14:26.325167733+00:00,2012-11-02 14:14:26.325167733+00:00,2327,Value 7
490,5,Closed,2012-11-02 14:14:26.325167733+00:00,2012-11-02 14:14:26.325167733+00:00,2328,Value 5
491,12,Assign seriousness,2012-11-02 14:17:05.502729012+00:00,2012-11-02 14:17:05.502729012+00:00,2329,Value 7
491,0,Take in charge ticket,2012-11-02 14:17:05.502729012+00:00,2012-11-02 14:17:05.502729012+00:00,2330,Value 2
491,0,Resolve ticket,2012-11-02 14:17:05.502729012+00:00,2012-11-02 14:17:05.502729012+00:00,2331,Value 2
491,5,Closed,2012-11-02 14:17:05.502729012+00:00,2012-11-02 14:17:05.502729012+00:00,2332,Value 5
492,12,Assign seriousness,2012-11-02 14:18:09.772771805+00:00,2012-11-02 14:18:09.772771805+00:00,2333,Value 7
492,12,Take in charge ticket,2012-11-02 14:18:09.772771805+00:00,2012-11-02 14:18:09.772771805+00:00,2334,Value 7
492,12,Resolve ticket,2012-11-02 14:18:09.772771805+00:00,2012-11-02 14:18:09.772771805+00:00,2335,Value 7
492,5,Closed,2012-11-02 14:18:09.772771805+00:00,2012-11-02 14:18:09.772771805+00:00,2336,Value 5
493,5,Assign seriousness,2012-11-03 13:17:27+00:00,2012-11-03 13:17:27+00:00,2337,Value 5
493,0,Take in charge ticket,2012-11-05 03:00:00+00:00,2012-11-05 03:00:00+00:00,2339,Value 2
493,0,Resolve ticket,2012-11-05 03:00:00+00:00,2012-11-05 03:00:00+00:00,2340,Value 2
493,5,Closed,2012-11-05 06:00:00+00:00,2012-11-05 06:00:00+00:00,2341,Value 5
494,12,Assign seriousness,2012-11-05 04:00:49+00:00,2012-11-05 04:00:49+00:00,2342,Value 7
494,0,Take in charge ticket,2012-11-05 04:00:49+00:00,2012-11-05 04:00:49+00:00,2343,Value 2
494,0,Resolve ticket,2012-11-05 04:00:49+00:00,2012-11-05 04:00:49+00:00,2344,Value 2
494,5,Closed,2012-11-05 06:00:00+00:00,2012-11-05 06:00:00+00:00,2345,Value 5
495,12,Assign seriousness,2012-11-05 04:30:49.955601439+00:00,2012-11-05 04:30:49.955601439+00:00,2346,Value 7
495,12,Assign seriousness,2012-11-05 04:30:49.955601439+00:00,2012-11-05 04:30:49.955601439+00:00,2347,Value 7
495,0,Take in charge ticket,2012-11-05 04:30:49.955601439+00:00,2012-11-05 04:30:49.955601439+00:00,2348,Value 2
495,0,Resolve ticket,2012-11-05 04:30:49.955601439+00:00,2012-11-05 04:30:49.955601439+00:00,2349,Value 2
495,5,Closed,2012-11-05 06:00:00+00:00,2012-11-05 06:00:00+00:00,2350,Value 5
496,12,Assign seriousness,2012-11-05 06:35:31.970966246+00:00,2012-11-05 06:35:31.970966246+00:00,2351,Value 7
496,12,Take in charge ticket,2012-11-05 06:35:31.970966246+00:00,2012-11-05 06:35:31.970966246+00:00,2352,Value 7
496,0,Resolve ticket,2012-11-05 06:35:31.970966246+00:00,2012-11-05 06:35:31.970966246+00:00,2353,Value 2
496,5,Closed,2012-11-05 06:35:31.970966246+00:00,2012-11-05 06:35:31.970966246+00:00,2354,Value 5
497,12,Assign seriousness,2012-11-05 06:35:35.219806682+00:00,2012-11-05 06:35:35.219806682+00:00,2355,Value 7
497,2,Take in charge ticket,2012-11-05 06:35:35.219806682+00:00,2012-11-05 06:35:35.219806682+00:00,2356,Value 11
497,2,Resolve ticket,2012-11-05 06:35:35.219806682+00:00,2012-11-05 06:35:35.219806682+00:00,2357,Value 11
497,5,Closed,2012-11-05 06:35:35.219806682+00:00,2012-11-05 06:35:35.219806682+00:00,2358,Value 5
498,12,Assign seriousness,2012-11-05 13:35:39.841328029+00:00,2012-11-05 13:35:39.841328029+00:00,2359,Value 7
498,12,Take in charge ticket,2012-11-05 13:35:39.841328029+00:00,2012-11-05 13:35:39.841328029+00:00,2360,Value 7
498,12,Resolve ticket,2012-11-05 13:35:39.841328029+00:00,2012-11-05 13:35:39.841328029+00:00,2361,Value 7
498,5,Closed,2012-11-05 13:35:39.841328029+00:00,2012-11-05 13:35:39.841328029+00:00,2362,Value 5
499,12,Insert ticket,2012-11-06 03:58:15+00:00,2012-11-06 03:58:15+00:00,2363,Value 7
499,0,Assign seriousness,2012-11-06 04:00:00+00:00,2012-11-06 04:00:00+00:00,2364,Value 2
499,0,Take in charge ticket,2012-11-06 04:00:00+00:00,2012-11-06 04:00:00+00:00,2365,Value 2
499,9,Resolve ticket,2012-11-06 04:00:00+00:00,2012-11-06 04:00:00+00:00,2366,Value 14
499,5,Closed,2012-11-06 04:00:00+00:00,2012-11-06 04:00:00+00:00,2367,Value 5
500,12,Assign seriousness,2012-11-06 04:51:01.067221575+00:00,2012-11-06 04:51:01.067221575+00:00,2368,Value 7
500,12,Take in charge ticket,2012-11-06 04:51:01.067221575+00:00,2012-11-06 04:51:01.067221575+00:00,2369,Value 7
500,12,Resolve ticket,2012-11-06 04:51:01.067221575+00:00,2012-11-06 04:51:01.067221575+00:00,2370,Value 7
500,5,Closed,2012-11-06 04:51:01.067221575+00:00,2012-11-06 04:51:01.067221575+00:00,2371,Value 5
501,12,Assign seriousness,2012-11-06 05:51:39.447621206+00:00,2012-11-06 05:51:39.447621206+00:00,2372,Value 7
501,0,Take in charge ticket,2012-11-06 05:51:39.447621206+00:00,2012-11-06 05:51:39.447621206+00:00,2373,Value 2
501,0,Create SW anomaly,2012-11-06 05:51:39.447621206+00:00,2012-11-06 05:51:39.447621206+00:00,2374,Value 2
501,0,Resolve ticket,2012-11-06 05:51:39.447621206+00:00,2012-11-06 05:51:39.447621206+00:00,2375,Value 2
501,5,Closed,2012-11-06 05:51:39.447621206+00:00,2012-11-06 05:51:39.447621206+00:00,2376,Value 5
502,12,Assign seriousness,2012-11-06 11:08:24.365393674+00:00,2012-11-06 11:08:24.365393674+00:00,2377,Value 7
502,0,Take in charge ticket,2012-11-06 11:08:24.365393674+00:00,2012-11-06 11:08:24.365393674+00:00,2378,Value 2
502,0,Resolve ticket,2012-11-06 11:08:24.365393674+00:00,2012-11-06 11:08:24.365393674+00:00,2379,Value 2
502,5,Closed,2012-11-06 11:08:24.365393674+00:00,2012-11-06 11:08:24.365393674+00:00,2380,Value 5
503,12,Assign seriousness,2012-11-06 12:07:42.430776102+00:00,2012-11-06 12:07:42.430776102+00:00,2381,Value 7
503,0,Take in charge ticket,2012-11-06 12:07:42.430776102+00:00,2012-11-06 12:07:42.430776102+00:00,2382,Value 2
503,4,Resolve ticket,2012-11-06 12:07:42.430776102+00:00,2012-11-06 12:07:42.430776102+00:00,2383,Value 21
503,5,Closed,2012-11-06 12:07:42.430776102+00:00,2012-11-06 12:07:42.430776102+00:00,2384,Value 5
504,12,Assign seriousness,2012-11-06 12:28:46.839448069+00:00,2012-11-06 12:28:46.839448069+00:00,2385,Value 7
504,3,Take in charge ticket,2012-11-06 12:28:46.839448069+00:00,2012-11-06 12:28:46.839448069+00:00,2386,Value 16
504,3,Resolve ticket,2012-11-06 12:28:46.839448069+00:00,2012-11-06 12:28:46.839448069+00:00,2387,Value 16
504,5,Closed,2012-11-06 12:28:46.839448069+00:00,2012-11-06 12:28:46.839448069+00:00,2388,Value 5
505,12,Assign seriousness,2012-11-06 13:34:58.809956999+00:00,2012-11-06 13:34:58.809956999+00:00,2389,Value 7
505,12,Assign seriousness,2012-11-06 13:34:58.809956999+00:00,2012-11-06 13:34:58.809956999+00:00,2390,Value 7
505,0,Assign seriousness,2012-11-06 13:34:58.809956999+00:00,2012-11-06 13:34:58.809956999+00:00,2391,Value 2
505,0,Assign seriousness,2012-11-06 13:34:58.809956999+00:00,2012-11-06 13:34:58.809956999+00:00,2392,Value 2
505,0,Take in charge ticket,2012-11-06 13:34:58.809956999+00:00,2012-11-06 13:34:58.809956999+00:00,2393,Value 2
505,0,Resolve ticket,2012-11-06 13:34:58.809956999+00:00,2012-11-06 13:34:58.809956999+00:00,2394,Value 2
505,5,Closed,2012-11-06 13:34:58.809956999+00:00,2012-11-06 13:34:58.809956999+00:00,2395,Value 5
506,12,Assign seriousness,2012-11-06 13:51:32.819986407+00:00,2012-11-06 13:51:32.819986407+00:00,2396,Value 7
506,0,Take in charge ticket,2012-11-06 13:51:32.819986407+00:00,2012-11-06 13:51:32.819986407+00:00,2397,Value 2
506,0,Wait,2012-11-06 13:51:32.819986407+00:00,2012-11-06 13:51:32.819986407+00:00,2398,Value 2
506,0,Resolve ticket,2012-11-06 13:51:32.819986407+00:00,2012-11-06 13:51:32.819986407+00:00,2399,Value 2
506,5,Closed,2012-11-06 13:51:32.819986407+00:00,2012-11-06 13:51:32.819986407+00:00,2400,Value 5
507,12,Assign seriousness,2012-11-07 04:01:43+00:00,2012-11-07 04:01:43+00:00,2401,Value 7
507,0,Take in charge ticket,2012-11-07 04:01:43+00:00,2012-11-07 04:01:43+00:00,2402,Value 2
507,0,Resolve ticket,2012-11-07 04:01:43+00:00,2012-11-07 04:01:43+00:00,2403,Value 2
507,5,Closed,2012-11-07 04:01:43+00:00,2012-11-07 04:01:43+00:00,2404,Value 5
508,12,Assign seriousness,2012-11-07 08:47:22.052244513+00:00,2012-11-07 08:47:22.052244513+00:00,2405,Value 7
508,2,Take in charge ticket,2012-11-07 08:47:22.052244513+00:00,2012-11-07 08:47:22.052244513+00:00,2406,Value 11
508,2,Resolve ticket,2012-11-07 08:47:22.052244513+00:00,2012-11-07 08:47:22.052244513+00:00,2407,Value 11
508,5,Closed,2012-11-07 08:47:22.052244513+00:00,2012-11-07 08:47:22.052244513+00:00,2408,Value 5
509,12,Assign seriousness,2012-11-08 04:02:16+00:00,2012-11-08 04:02:16+00:00,2409,Value 7
509,12,Take in charge ticket,2012-11-08 04:02:16+00:00,2012-11-08 04:02:16+00:00,2410,Value 7
509,12,Resolve ticket,2012-11-08 04:02:16+00:00,2012-11-08 04:02:16+00:00,2411,Value 7
509,5,Closed,2012-11-08 04:02:16+00:00,2012-11-08 04:02:16+00:00,2412,Value 5
510,12,Assign seriousness,2012-11-08 04:19:08.723130179+00:00,2012-11-08 04:19:08.723130179+00:00,2413,Value 7
510,0,Take in charge ticket,2012-11-08 04:19:08.723130179+00:00,2012-11-08 04:19:08.723130179+00:00,2414,Value 2
510,0,Resolve ticket,2012-11-08 04:19:08.723130179+00:00,2012-11-08 04:19:08.723130179+00:00,2415,Value 2
510,5,Closed,2012-11-08 04:19:08.723130179+00:00,2012-11-08 04:19:08.723130179+00:00,2416,Value 5
511,12,Assign seriousness,2012-11-08 04:35:35.376966149+00:00,2012-11-08 04:35:35.376966149+00:00,2417,Value 7
511,0,Take in charge ticket,2012-11-08 04:35:35.376966149+00:00,2012-11-08 04:35:35.376966149+00:00,2418,Value 2
511,0,Resolve ticket,2012-11-08 04:35:35.376966149+00:00,2012-11-08 04:35:35.376966149+00:00,2419,Value 2
511,5,Closed,2012-11-08 04:35:35.376966149+00:00,2012-11-08 04:35:35.376966149+00:00,2420,Value 5
512,12,Assign seriousness,2012-11-08 04:36:11.310988942+00:00,2012-11-08 04:36:11.310988942+00:00,2421,Value 7
512,3,Take in charge ticket,2012-11-08 04:36:11.310988942+00:00,2012-11-08 04:36:11.310988942+00:00,2422,Value 16
512,3,Resolve ticket,2012-11-08 04:36:11.310988942+00:00,2012-11-08 04:36:11.310988942+00:00,2423,Value 16
512,5,Closed,2012-11-08 04:36:11.310988942+00:00,2012-11-08 04:36:11.310988942+00:00,2424,Value 5
513,12,Assign seriousness,2012-11-08 05:21:00.523293123+00:00,2012-11-08 05:21:00.523293123+00:00,2425,Value 7
513,9,Take in charge ticket,2012-11-08 05:21:00.523293123+00:00,2012-11-08 05:21:00.523293123+00:00,2426,Value 14
513,9,Resolve ticket,2012-11-08 05:21:00.523293123+00:00,2012-11-08 05:21:00.523293123+00:00,2427,Value 14
513,5,Closed,2012-11-08 05:21:00.523293123+00:00,2012-11-08 05:21:00.523293123+00:00,2428,Value 5
514,12,Assign seriousness,2012-11-08 08:07:54.223416121+00:00,2012-11-08 08:07:54.223416121+00:00,2429,Value 7
514,12,Wait,2012-11-08 08:07:54.223416121+00:00,2012-11-08 08:07:54.223416121+00:00,2430,Value 7
514,14,Take in charge ticket,2012-11-08 08:07:54.223416121+00:00,2012-11-08 08:07:54.223416121+00:00,2431,Value 8
514,14,Wait,2012-11-08 08:07:54.223416121+00:00,2012-11-08 08:07:54.223416121+00:00,2432,Value 8
514,14,Take in charge ticket,2012-11-08 08:07:54.223416121+00:00,2012-11-08 08:07:54.223416121+00:00,2433,Value 8
514,11,Resolve ticket,2012-11-08 08:07:54.223416121+00:00,2012-11-08 08:07:54.223416121+00:00,2434,Value 9
514,5,Closed,2012-11-08 08:07:54.223416121+00:00,2012-11-08 08:07:54.223416121+00:00,2435,Value 5
515,12,Assign seriousness,2012-11-08 13:45:58.516348720+00:00,2012-11-08 13:45:58.516348720+00:00,2436,Value 7
515,12,Take in charge ticket,2012-11-08 13:45:58.516348720+00:00,2012-11-08 13:45:58.516348720+00:00,2437,Value 7
515,12,Resolve ticket,2012-11-08 13:45:58.516348720+00:00,2012-11-08 13:45:58.516348720+00:00,2438,Value 7
515,5,Closed,2012-11-08 13:45:58.516348720+00:00,2012-11-08 13:45:58.516348720+00:00,2439,Value 5
516,12,Insert ticket,2012-11-08 15:35:33.141570509+00:00,2012-11-08 15:35:33.141570509+00:00,2440,Value 7
516,0,Assign seriousness,2012-11-08 15:35:33.141570509+00:00,2012-11-08 15:35:33.141570509+00:00,2441,Value 2
516,0,Take in charge ticket,2012-11-08 15:35:33.141570509+00:00,2012-11-08 15:35:33.141570509+00:00,2442,Value 2
516,11,Wait,2012-11-08 15:35:33.141570509+00:00,2012-11-08 15:35:33.141570509+00:00,2443,Value 9
516,11,Take in charge ticket,2012-11-08 15:35:33.141570509+00:00,2012-11-08 15:35:33.141570509+00:00,2444,Value 9
516,11,Wait,2012-11-08 15:35:33.141570509+00:00,2012-11-08 15:35:33.141570509+00:00,2445,Value 9
516,11,Take in charge ticket,2012-11-08 15:35:33.141570509+00:00,2012-11-08 15:35:33.141570509+00:00,2446,Value 9
516,11,Resolve ticket,2012-11-08 15:35:33.141570509+00:00,2012-11-08 15:35:33.141570509+00:00,2447,Value 9
516,5,Closed,2012-11-08 15:35:33.141570509+00:00,2012-11-08 15:35:33.141570509+00:00,2448,Value 5
517,12,Assign seriousness,2012-11-09 04:00:00+00:00,2012-11-09 04:00:00+00:00,2450,Value 7
517,12,Take in charge ticket,2012-11-09 04:00:00+00:00,2012-11-09 04:00:00+00:00,2451,Value 7
517,12,Resolve ticket,2012-11-09 04:00:00+00:00,2012-11-09 04:00:00+00:00,2452,Value 7
517,5,Closed,2012-11-09 04:00:00+00:00,2012-11-09 04:00:00+00:00,2453,Value 5
518,12,Assign seriousness,2012-11-09 04:05:20.906892057+00:00,2012-11-09 04:05:20.906892057+00:00,2454,Value 7
518,12,Take in charge ticket,2012-11-09 04:05:20.906892057+00:00,2012-11-09 04:05:20.906892057+00:00,2455,Value 7
518,12,Resolve ticket,2012-11-09 04:05:20.906892057+00:00,2012-11-09 04:05:20.906892057+00:00,2456,Value 7
518,5,Closed,2012-11-09 04:05:20.906892057+00:00,2012-11-09 04:05:20.906892057+00:00,2457,Value 5
519,12,Assign seriousness,2012-11-09 04:19:25.610207464+00:00,2012-11-09 04:19:25.610207464+00:00,2458,Value 7
519,9,Take in charge ticket,2012-11-09 04:19:25.610207464+00:00,2012-11-09 04:19:25.610207464+00:00,2459,Value 14
519,9,Resolve ticket,2012-11-09 04:19:25.610207464+00:00,2012-11-09 04:19:25.610207464+00:00,2460,Value 14
519,5,Closed,2012-11-09 04:19:25.610207464+00:00,2012-11-09 04:19:25.610207464+00:00,2461,Value 5
520,12,Assign seriousness,2012-11-09 09:19:37.229964287+00:00,2012-11-09 09:19:37.229964287+00:00,2462,Value 7
520,12,Take in charge ticket,2012-11-09 09:19:37.229964287+00:00,2012-11-09 09:19:37.229964287+00:00,2463,Value 7
520,12,Resolve ticket,2012-11-09 09:19:37.229964287+00:00,2012-11-09 09:19:37.229964287+00:00,2464,Value 7
520,5,Closed,2012-11-09 09:19:37.229964287+00:00,2012-11-09 09:19:37.229964287+00:00,2465,Value 5
521,12,Assign seriousness,2012-11-09 11:09:17.375177097+00:00,2012-11-09 11:09:17.375177097+00:00,2466,Value 7
521,0,Take in charge ticket,2012-11-09 11:09:17.375177097+00:00,2012-11-09 11:09:17.375177097+00:00,2467,Value 2
521,7,Wait,2012-11-09 11:09:17.375177097+00:00,2012-11-09 11:09:17.375177097+00:00,2468,Value 12
521,7,Take in charge ticket,2012-11-09 11:09:17.375177097+00:00,2012-11-09 11:09:17.375177097+00:00,2469,Value 12
521,7,Resolve ticket,2012-11-09 11:09:17.375177097+00:00,2012-11-09 11:09:17.375177097+00:00,2470,Value 12
521,5,Closed,2012-11-09 11:09:17.375177097+00:00,2012-11-09 11:09:17.375177097+00:00,2471,Value 5
522,12,Assign seriousness,2012-11-09 11:32:32.380740851+00:00,2012-11-09 11:32:32.380740851+00:00,2472,Value 7
522,3,Take in charge ticket,2012-11-09 11:32:32.380740851+00:00,2012-11-09 11:32:32.380740851+00:00,2473,Value 16
522,3,Wait,2012-11-09 11:32:32.380740851+00:00,2012-11-09 11:32:32.380740851+00:00,2474,Value 16
522,0,Wait,2012-11-09 11:32:32.380740851+00:00,2012-11-09 11:32:32.380740851+00:00,2475,Value 2
522,0,Take in charge ticket,2012-11-09 11:32:32.380740851+00:00,2012-11-09 11:32:32.380740851+00:00,2476,Value 2
522,0,Resolve ticket,2012-11-09 11:32:32.380740851+00:00,2012-11-09 11:32:32.380740851+00:00,2477,Value 2
522,5,Closed,2012-11-09 11:32:32.380740851+00:00,2012-11-09 11:32:32.380740851+00:00,2478,Value 5
523,12,Assign seriousness,2012-11-09 14:32:29.665738677+00:00,2012-11-09 14:32:29.665738677+00:00,2479,Value 7
523,2,Take in charge ticket,2012-11-09 14:32:29.665738677+00:00,2012-11-09 14:32:29.665738677+00:00,2480,Value 11
523,2,Resolve ticket,2012-11-09 14:32:29.665738677+00:00,2012-11-09 14:32:29.665738677+00:00,2481,Value 11
523,5,Closed,2012-11-09 14:32:29.665738677+00:00,2012-11-09 14:32:29.665738677+00:00,2482,Value 5
524,12,Assign seriousness,2012-11-09 14:48:15.304656077+00:00,2012-11-09 14:48:15.304656077+00:00,2483,Value 7
524,3,Take in charge ticket,2012-11-09 14:48:15.304656077+00:00,2012-11-09 14:48:15.304656077+00:00,2484,Value 16
524,3,Wait,2012-11-09 14:48:15.304656077+00:00,2012-11-09 14:48:15.304656077+00:00,2485,Value 16
524,3,Take in charge ticket,2012-11-09 14:48:15.304656077+00:00,2012-11-09 14:48:15.304656077+00:00,2486,Value 16
524,3,Resolve ticket,2012-11-09 14:48:15.304656077+00:00,2012-11-09 14:48:15.304656077+00:00,2487,Value 16
524,5,Closed,2012-11-09 14:48:15.304656077+00:00,2012-11-09 14:48:15.304656077+00:00,2488,Value 5
525,5,Assign seriousness,2012-11-10 13:17:27+00:00,2012-11-10 13:17:27+00:00,2489,Value 5
525,0,Take in charge ticket,2012-11-12 03:00:00+00:00,2012-11-12 03:00:00+00:00,2491,Value 2
525,0,Resolve ticket,2012-11-12 03:00:00+00:00,2012-11-12 03:00:00+00:00,2492,Value 2
525,5,Closed,2012-11-12 06:00:00+00:00,2012-11-12 06:00:00+00:00,2493,Value 5
526,12,Assign seriousness,2012-11-12 04:00:49+00:00,2012-11-12 04:00:49+00:00,2494,Value 7
526,0,Take in charge ticket,2012-11-12 04:00:49+00:00,2012-11-12 04:00:49+00:00,2495,Value 2
526,0,Wait,2012-11-12 04:00:49+00:00,2012-11-12 04:00:49+00:00,2496,Value 2
526,0,Resolve ticket,2012-11-12 04:00:49+00:00,2012-11-12 04:00:49+00:00,2497,Value 2
526,5,Closed,2012-11-12 06:00:00+00:00,2012-11-12 06:00:00+00:00,2498,Value 5
527,12,Assign seriousness,2012-11-12 04:28:55.403846509+00:00,2012-11-12 04:28:55.403846509+00:00,2499,Value 7
527,3,Take in charge ticket,2012-11-12 04:28:55.403846509+00:00,2012-11-12 04:28:55.403846509+00:00,2500,Value 16
527,8,Wait,2012-11-12 04:28:55.403846509+00:00,2012-11-12 04:28:55.403846509+00:00,2501,Value 6
527,8,Take in charge ticket,2012-11-12 04:28:55.403846509+00:00,2012-11-12 04:28:55.403846509+00:00,2502,Value 6
527,8,Resolve ticket,2012-11-12 04:28:55.403846509+00:00,2012-11-12 04:28:55.403846509+00:00,2503,Value 6
528,12,Assign seriousness,2012-11-12 04:50:26.252853938+00:00,2012-11-12 04:50:26.252853938+00:00,2505,Value 7
527,5,Closed,2012-11-12 06:00:00+00:00,2012-11-12 06:00:00+00:00,2506,Value 5
528,2,Take in charge ticket,2012-11-12 04:50:26.252853938+00:00,2012-11-12 04:50:26.252853938+00:00,2507,Value 11
529,12,Assign seriousness,2012-11-12 05:09:11.007005432+00:00,2012-11-12 05:09:11.007005432+00:00,2508,Value 7
528,2,Wait,2012-11-12 04:50:26.252853938+00:00,2012-11-12 04:50:26.252853938+00:00,2509,Value 11
529,3,Take in charge ticket,2012-11-12 05:09:11.007005432+00:00,2012-11-12 05:09:11.007005432+00:00,2510,Value 16
528,2,Take in charge ticket,2012-11-12 04:50:26.252853938+00:00,2012-11-12 04:50:26.252853938+00:00,2511,Value 11
529,7,Resolve ticket,2012-11-12 05:09:11.007005432+00:00,2012-11-12 05:09:11.007005432+00:00,2512,Value 12
528,2,Resolve ticket,2012-11-12 04:50:26.252853938+00:00,2012-11-12 04:50:26.252853938+00:00,2513,Value 11
530,12,Assign seriousness,2012-11-12 05:10:29.790628849+00:00,2012-11-12 05:10:29.790628849+00:00,2516,Value 7
529,5,Closed,2012-11-12 06:00:00+00:00,2012-11-12 06:00:00+00:00,2517,Value 5
530,0,Take in charge ticket,2012-11-12 05:10:29.790628849+00:00,2012-11-12 05:10:29.790628849+00:00,2518,Value 2
528,5,Closed,2012-11-12 06:00:00+00:00,2012-11-12 06:00:00+00:00,2519,Value 5
530,0,Resolve ticket,2012-11-12 05:10:29.790628849+00:00,2012-11-12 05:10:29.790628849+00:00,2520,Value 2
530,5,Closed,2012-11-12 06:00:00+00:00,2012-11-12 06:00:00+00:00,2521,Value 5
531,12,Assign seriousness,2012-11-12 06:17:34.415696082+00:00,2012-11-12 06:17:34.415696082+00:00,2522,Value 7
531,0,Take in charge ticket,2012-11-12 06:17:34.415696082+00:00,2012-11-12 06:17:34.415696082+00:00,2523,Value 2
531,11,Resolve ticket,2012-11-12 06:17:34.415696082+00:00,2012-11-12 06:17:34.415696082+00:00,2524,Value 9
531,5,Closed,2012-11-12 06:17:34.415696082+00:00,2012-11-12 06:17:34.415696082+00:00,2525,Value 5
532,12,Assign seriousness,2012-11-12 06:22:55.584328842+00:00,2012-11-12 06:22:55.584328842+00:00,2526,Value 7
532,12,Take in charge ticket,2012-11-12 06:22:55.584328842+00:00,2012-11-12 06:22:55.584328842+00:00,2527,Value 7
532,6,Resolve ticket,2012-11-12 06:22:55.584328842+00:00,2012-11-12 06:22:55.584328842+00:00,2528,Value 10
532,6,Resolve ticket,2012-11-12 06:22:55.584328842+00:00,2012-11-12 06:22:55.584328842+00:00,2529,Value 10
532,5,Closed,2012-11-12 06:22:55.584328842+00:00,2012-11-12 06:22:55.584328842+00:00,2530,Value 5
533,12,Assign seriousness,2012-11-12 06:43:54.054043759+00:00,2012-11-12 06:43:54.054043759+00:00,2531,Value 7
533,0,Assign seriousness,2012-11-12 06:43:54.054043759+00:00,2012-11-12 06:43:54.054043759+00:00,2532,Value 2
533,8,Take in charge ticket,2012-11-12 06:43:54.054043759+00:00,2012-11-12 06:43:54.054043759+00:00,2533,Value 6
533,7,Wait,2012-11-12 06:43:54.054043759+00:00,2012-11-12 06:43:54.054043759+00:00,2534,Value 12
533,0,Take in charge ticket,2012-11-12 06:43:54.054043759+00:00,2012-11-12 06:43:54.054043759+00:00,2535,Value 2
533,0,Resolve ticket,2012-11-12 06:43:54.054043759+00:00,2012-11-12 06:43:54.054043759+00:00,2536,Value 2
533,5,Closed,2012-11-12 06:43:54.054043759+00:00,2012-11-12 06:43:54.054043759+00:00,2537,Value 5
534,12,Assign seriousness,2012-11-12 06:45:19.438725704+00:00,2012-11-12 06:45:19.438725704+00:00,2538,Value 7
534,7,Take in charge ticket,2012-11-12 06:45:19.438725704+00:00,2012-11-12 06:45:19.438725704+00:00,2539,Value 12
534,7,Resolve ticket,2012-11-12 06:45:19.438725704+00:00,2012-11-12 06:45:19.438725704+00:00,2540,Value 12
534,5,Closed,2012-11-12 06:45:19.438725704+00:00,2012-11-12 06:45:19.438725704+00:00,2541,Value 5
535,12,Assign seriousness,2012-11-12 07:12:32.405188179+00:00,2012-11-12 07:12:32.405188179+00:00,2542,Value 7
535,0,Assign seriousness,2012-11-12 07:12:32.405188179+00:00,2012-11-12 07:12:32.405188179+00:00,2543,Value 2
535,0,Take in charge ticket,2012-11-12 07:12:32.405188179+00:00,2012-11-12 07:12:32.405188179+00:00,2544,Value 2
535,0,Resolve ticket,2012-11-12 07:12:32.405188179+00:00,2012-11-12 07:12:32.405188179+00:00,2545,Value 2
535,5,Closed,2012-11-12 07:12:32.405188179+00:00,2012-11-12 07:12:32.405188179+00:00,2546,Value 5
536,12,Assign seriousness,2012-11-12 07:24:47.790770185+00:00,2012-11-12 07:24:47.790770185+00:00,2547,Value 7
536,12,Take in charge ticket,2012-11-12 07:24:47.790770185+00:00,2012-11-12 07:24:47.790770185+00:00,2548,Value 7
536,12,Resolve ticket,2012-11-12 07:24:47.790770185+00:00,2012-11-12 07:24:47.790770185+00:00,2549,Value 7
536,5,Closed,2012-11-12 07:24:47.790770185+00:00,2012-11-12 07:24:47.790770185+00:00,2550,Value 5
537,12,Assign seriousness,2012-11-12 09:45:21.945585546+00:00,2012-11-12 09:45:21.945585546+00:00,2551,Value 7
537,12,Assign seriousness,2012-11-12 09:45:21.945585546+00:00,2012-11-12 09:45:21.945585546+00:00,2552,Value 7
537,10,Take in charge ticket,2012-11-12 09:45:21.945585546+00:00,2012-11-12 09:45:21.945585546+00:00,2553,Value 19
537,10,Resolve ticket,2012-11-12 09:45:21.945585546+00:00,2012-11-12 09:45:21.945585546+00:00,2554,Value 19
537,5,Closed,2012-11-12 09:45:21.945585546+00:00,2012-11-12 09:45:21.945585546+00:00,2555,Value 5
538,12,Assign seriousness,2012-11-12 11:58:06.190214943+00:00,2012-11-12 11:58:06.190214943+00:00,2556,Value 7
538,12,Take in charge ticket,2012-11-12 11:58:06.190214943+00:00,2012-11-12 11:58:06.190214943+00:00,2557,Value 7
538,12,Resolve ticket,2012-11-12 11:58:06.190214943+00:00,2012-11-12 11:58:06.190214943+00:00,2558,Value 7
538,5,Closed,2012-11-12 11:58:06.190214943+00:00,2012-11-12 11:58:06.190214943+00:00,2559,Value 5
539,12,Assign seriousness,2012-11-12 12:10:18.423726528+00:00,2012-11-12 12:10:18.423726528+00:00,2560,Value 7
539,0,Take in charge ticket,2012-11-12 12:10:18.423726528+00:00,2012-11-12 12:10:18.423726528+00:00,2561,Value 2
539,0,Resolve ticket,2012-11-12 12:10:18.423726528+00:00,2012-11-12 12:10:18.423726528+00:00,2562,Value 2
539,0,Take in charge ticket,2012-11-12 12:10:18.423726528+00:00,2012-11-12 12:10:18.423726528+00:00,2563,Value 2
539,0,Resolve ticket,2012-11-12 12:10:18.423726528+00:00,2012-11-12 12:10:18.423726528+00:00,2564,Value 2
539,5,Closed,2012-11-12 12:10:18.423726528+00:00,2012-11-12 12:10:18.423726528+00:00,2565,Value 5
540,12,Assign seriousness,2012-11-12 13:22:01.085342836+00:00,2012-11-12 13:22:01.085342836+00:00,2566,Value 7
540,0,Take in charge ticket,2012-11-12 13:22:01.085342836+00:00,2012-11-12 13:22:01.085342836+00:00,2567,Value 2
540,0,Resolve ticket,2012-11-12 13:22:01.085342836+00:00,2012-11-12 13:22:01.085342836+00:00,2568,Value 2
540,5,Closed,2012-11-12 13:22:01.085342836+00:00,2012-11-12 13:22:01.085342836+00:00,2569,Value 5
541,12,Assign seriousness,2012-11-12 13:37:06.342262618+00:00,2012-11-12 13:37:06.342262618+00:00,2570,Value 7
541,12,Take in charge ticket,2012-11-12 13:37:06.342262618+00:00,2012-11-12 13:37:06.342262618+00:00,2571,Value 7
541,12,Resolve ticket,2012-11-12 13:37:06.342262618+00:00,2012-11-12 13:37:06.342262618+00:00,2572,Value 7
541,5,Closed,2012-11-12 13:37:06.342262618+00:00,2012-11-12 13:37:06.342262618+00:00,2573,Value 5
542,12,Assign seriousness,2012-11-13 04:00:00+00:00,2012-11-13 04:00:00+00:00,2576,Value 7
543,12,Assign seriousness,2012-11-13 04:00:00+00:00,2012-11-13 04:00:00+00:00,2577,Value 7
542,0,Take in charge ticket,2012-11-13 04:00:00+00:00,2012-11-13 04:00:00+00:00,2578,Value 2
543,12,Take in charge ticket,2012-11-13 04:00:00+00:00,2012-11-13 04:00:00+00:00,2579,Value 7
542,0,Resolve ticket,2012-11-13 04:00:00+00:00,2012-11-13 04:00:00+00:00,2580,Value 2
543,12,Resolve ticket,2012-11-13 04:00:00+00:00,2012-11-13 04:00:00+00:00,2581,Value 7
542,5,Closed,2012-11-13 04:00:00+00:00,2012-11-13 04:00:00+00:00,2582,Value 5
543,5,Closed,2012-11-13 04:00:00+00:00,2012-11-13 04:00:00+00:00,2583,Value 5
544,12,Assign seriousness,2012-11-13 05:49:15.189367083+00:00,2012-11-13 05:49:15.189367083+00:00,2584,Value 7
544,10,Take in charge ticket,2012-11-13 05:49:15.189367083+00:00,2012-11-13 05:49:15.189367083+00:00,2585,Value 19
544,10,Resolve ticket,2012-11-13 05:49:15.189367083+00:00,2012-11-13 05:49:15.189367083+00:00,2586,Value 19
544,5,Closed,2012-11-13 05:49:15.189367083+00:00,2012-11-13 05:49:15.189367083+00:00,2587,Value 5
545,12,Assign seriousness,2012-11-13 06:24:02.980245697+00:00,2012-11-13 06:24:02.980245697+00:00,2588,Value 7
545,0,Assign seriousness,2012-11-13 06:24:02.980245697+00:00,2012-11-13 06:24:02.980245697+00:00,2589,Value 2
545,0,Take in charge ticket,2012-11-13 06:24:02.980245697+00:00,2012-11-13 06:24:02.980245697+00:00,2590,Value 2
545,12,Wait,2012-11-13 06:24:02.980245697+00:00,2012-11-13 06:24:02.980245697+00:00,2591,Value 7
545,12,Take in charge ticket,2012-11-13 06:24:02.980245697+00:00,2012-11-13 06:24:02.980245697+00:00,2592,Value 7
545,12,Resolve ticket,2012-11-13 06:24:02.980245697+00:00,2012-11-13 06:24:02.980245697+00:00,2593,Value 7
545,5,Closed,2012-11-13 06:24:02.980245697+00:00,2012-11-13 06:24:02.980245697+00:00,2594,Value 5
546,12,Assign seriousness,2012-11-13 07:17:57.807259002+00:00,2012-11-13 07:17:57.807259002+00:00,2595,Value 7
546,12,Take in charge ticket,2012-11-13 07:17:57.807259002+00:00,2012-11-13 07:17:57.807259002+00:00,2596,Value 7
546,12,Resolve ticket,2012-11-13 07:17:57.807259002+00:00,2012-11-13 07:17:57.807259002+00:00,2597,Value 7
546,5,Closed,2012-11-13 07:17:57.807259002+00:00,2012-11-13 07:17:57.807259002+00:00,2598,Value 5
547,12,Assign seriousness,2012-11-13 09:41:44.659323419+00:00,2012-11-13 09:41:44.659323419+00:00,2599,Value 7
547,12,Wait,2012-11-13 09:41:44.659323419+00:00,2012-11-13 09:41:44.659323419+00:00,2600,Value 7
547,12,Take in charge ticket,2012-11-13 09:41:44.659323419+00:00,2012-11-13 09:41:44.659323419+00:00,2601,Value 7
547,12,Resolve ticket,2012-11-13 09:41:44.659323419+00:00,2012-11-13 09:41:44.659323419+00:00,2602,Value 7
547,5,Closed,2012-11-13 09:41:44.659323419+00:00,2012-11-13 09:41:44.659323419+00:00,2603,Value 5
548,12,Assign seriousness,2012-11-13 09:49:42.006734233+00:00,2012-11-13 09:49:42.006734233+00:00,2604,Value 7
548,0,Take in charge ticket,2012-11-13 09:49:42.006734233+00:00,2012-11-13 09:49:42.006734233+00:00,2605,Value 2
548,12,Resolve ticket,2012-11-13 09:49:42.006734233+00:00,2012-11-13 09:49:42.006734233+00:00,2606,Value 7
548,12,Take in charge ticket,2012-11-13 09:49:42.006734233+00:00,2012-11-13 09:49:42.006734233+00:00,2607,Value 7
548,12,Resolve ticket,2012-11-13 09:49:42.006734233+00:00,2012-11-13 09:49:42.006734233+00:00,2608,Value 7
548,5,Closed,2012-11-13 09:49:42.006734233+00:00,2012-11-13 09:49:42.006734233+00:00,2609,Value 5
549,12,Assign seriousness,2012-11-13 10:28:30.193627390+00:00,2012-11-13 10:28:30.193627390+00:00,2610,Value 7
549,0,Take in charge ticket,2012-11-13 10:28:30.193627390+00:00,2012-11-13 10:28:30.193627390+00:00,2611,Value 2
549,0,Take in charge ticket,2012-11-13 10:28:30.193627390+00:00,2012-11-13 10:28:30.193627390+00:00,2612,Value 2
549,0,Wait,2012-11-13 10:28:30.193627390+00:00,2012-11-13 10:28:30.193627390+00:00,2613,Value 2
549,0,Resolve ticket,2012-11-13 10:28:30.193627390+00:00,2012-11-13 10:28:30.193627390+00:00,2614,Value 2
549,5,Closed,2012-11-13 10:28:30.193627390+00:00,2012-11-13 10:28:30.193627390+00:00,2615,Value 5
550,12,Assign seriousness,2012-11-13 10:29:48.805481203+00:00,2012-11-13 10:29:48.805481203+00:00,2616,Value 7
550,12,Take in charge ticket,2012-11-13 10:29:48.805481203+00:00,2012-11-13 10:29:48.805481203+00:00,2617,Value 7
550,12,Resolve ticket,2012-11-13 10:29:48.805481203+00:00,2012-11-13 10:29:48.805481203+00:00,2618,Value 7
550,5,Closed,2012-11-13 10:29:48.805481203+00:00,2012-11-13 10:29:48.805481203+00:00,2619,Value 5
551,12,Assign seriousness,2012-11-13 10:31:20.498874748+00:00,2012-11-13 10:31:20.498874748+00:00,2620,Value 7
551,12,Take in charge ticket,2012-11-13 10:31:20.498874748+00:00,2012-11-13 10:31:20.498874748+00:00,2621,Value 7
551,12,Wait,2012-11-13 10:31:20.498874748+00:00,2012-11-13 10:31:20.498874748+00:00,2622,Value 7
551,0,Resolve ticket,2012-11-13 10:31:20.498874748+00:00,2012-11-13 10:31:20.498874748+00:00,2623,Value 2
551,5,Closed,2012-11-13 10:31:20.498874748+00:00,2012-11-13 10:31:20.498874748+00:00,2624,Value 5
552,12,Assign seriousness,2012-11-13 15:30:51.610955891+00:00,2012-11-13 15:30:51.610955891+00:00,2625,Value 7
552,12,Take in charge ticket,2012-11-13 15:30:51.610955891+00:00,2012-11-13 15:30:51.610955891+00:00,2626,Value 7
552,12,Resolve ticket,2012-11-13 15:30:51.610955891+00:00,2012-11-13 15:30:51.610955891+00:00,2627,Value 7
552,5,Closed,2012-11-13 15:30:51.610955891+00:00,2012-11-13 15:30:51.610955891+00:00,2628,Value 5
553,7,Insert ticket,2012-11-14 04:01:43+00:00,2012-11-14 04:01:43+00:00,2629,Value 12
553,0,Assign seriousness,2012-11-14 04:01:43+00:00,2012-11-14 04:01:43+00:00,2630,Value 2
553,0,Take in charge ticket,2012-11-14 04:01:43+00:00,2012-11-14 04:01:43+00:00,2631,Value 2
553,0,Resolve ticket,2012-11-14 04:01:43+00:00,2012-11-14 04:01:43+00:00,2632,Value 2
553,5,Closed,2012-11-14 04:01:43+00:00,2012-11-14 04:01:43+00:00,2633,Value 5
554,7,Assign seriousness,2012-11-14 05:13:03.073088620+00:00,2012-11-14 05:13:03.073088620+00:00,2634,Value 12
554,0,Assign seriousness,2012-11-14 05:13:03.073088620+00:00,2012-11-14 05:13:03.073088620+00:00,2635,Value 2
554,0,Resolve ticket,2012-11-14 05:13:03.073088620+00:00,2012-11-14 05:13:03.073088620+00:00,2636,Value 2
554,5,Closed,2012-11-14 05:13:03.073088620+00:00,2012-11-14 05:13:03.073088620+00:00,2637,Value 5
555,7,Assign seriousness,2012-11-14 07:11:50.189531276+00:00,2012-11-14 07:11:50.189531276+00:00,2638,Value 12
555,0,Assign seriousness,2012-11-14 07:11:50.189531276+00:00,2012-11-14 07:11:50.189531276+00:00,2639,Value 2
555,3,Wait,2012-11-14 07:11:50.189531276+00:00,2012-11-14 07:11:50.189531276+00:00,2640,Value 16
555,3,Take in charge ticket,2012-11-14 07:11:50.189531276+00:00,2012-11-14 07:11:50.189531276+00:00,2641,Value 16
555,3,Resolve ticket,2012-11-14 07:11:50.189531276+00:00,2012-11-14 07:11:50.189531276+00:00,2642,Value 16
555,5,Closed,2012-11-14 07:11:50.189531276+00:00,2012-11-14 07:11:50.189531276+00:00,2643,Value 5
556,7,Assign seriousness,2012-11-14 07:14:00.326841325+00:00,2012-11-14 07:14:00.326841325+00:00,2644,Value 12
556,3,Take in charge ticket,2012-11-14 07:14:00.326841325+00:00,2012-11-14 07:14:00.326841325+00:00,2645,Value 16
556,3,Resolve ticket,2012-11-14 07:14:00.326841325+00:00,2012-11-14 07:14:00.326841325+00:00,2646,Value 16
556,5,Closed,2012-11-14 07:14:00.326841325+00:00,2012-11-14 07:14:00.326841325+00:00,2647,Value 5
557,7,Assign seriousness,2012-11-14 08:10:11.130825601+00:00,2012-11-14 08:10:11.130825601+00:00,2648,Value 12
557,0,Assign seriousness,2012-11-14 08:10:11.130825601+00:00,2012-11-14 08:10:11.130825601+00:00,2649,Value 2
557,3,Take in charge ticket,2012-11-14 08:10:11.130825601+00:00,2012-11-14 08:10:11.130825601+00:00,2650,Value 16
557,3,Resolve ticket,2012-11-14 08:10:11.130825601+00:00,2012-11-14 08:10:11.130825601+00:00,2651,Value 16
557,5,Closed,2012-11-14 08:10:11.130825601+00:00,2012-11-14 08:10:11.130825601+00:00,2652,Value 5
558,7,Assign seriousness,2012-11-14 11:35:17.617674129+00:00,2012-11-14 11:35:17.617674129+00:00,2653,Value 12
558,11,Resolve ticket,2012-11-14 11:35:17.617674129+00:00,2012-11-14 11:35:17.617674129+00:00,2654,Value 9
558,5,Closed,2012-11-14 11:35:17.617674129+00:00,2012-11-14 11:35:17.617674129+00:00,2655,Value 5
559,7,Assign seriousness,2012-11-14 12:03:06.300369168+00:00,2012-11-14 12:03:06.300369168+00:00,2656,Value 12
559,6,Assign seriousness,2012-11-14 12:03:06.300369168+00:00,2012-11-14 12:03:06.300369168+00:00,2657,Value 10
559,9,Take in charge ticket,2012-11-14 12:03:06.300369168+00:00,2012-11-14 12:03:06.300369168+00:00,2658,Value 14
559,9,Resolve ticket,2012-11-14 12:03:06.300369168+00:00,2012-11-14 12:03:06.300369168+00:00,2659,Value 14
559,5,Closed,2012-11-14 12:03:06.300369168+00:00,2012-11-14 12:03:06.300369168+00:00,2660,Value 5
560,7,Assign seriousness,2012-11-14 12:30:06.474937880+00:00,2012-11-14 12:30:06.474937880+00:00,2661,Value 12
560,8,Take in charge ticket,2012-11-14 12:30:06.474937880+00:00,2012-11-14 12:30:06.474937880+00:00,2662,Value 6
560,8,Resolve ticket,2012-11-14 12:30:06.474937880+00:00,2012-11-14 12:30:06.474937880+00:00,2663,Value 6
560,0,Take in charge ticket,2012-11-14 12:30:06.474937880+00:00,2012-11-14 12:30:06.474937880+00:00,2664,Value 2
560,0,Resolve ticket,2012-11-14 12:30:06.474937880+00:00,2012-11-14 12:30:06.474937880+00:00,2665,Value 2
560,5,Closed,2012-11-14 12:30:06.474937880+00:00,2012-11-14 12:30:06.474937880+00:00,2666,Value 5
561,7,Assign seriousness,2012-11-14 12:34:54.115844343+00:00,2012-11-14 12:34:54.115844343+00:00,2667,Value 12
561,0,Take in charge ticket,2012-11-14 12:34:54.115844343+00:00,2012-11-14 12:34:54.115844343+00:00,2668,Value 2
561,0,Resolve ticket,2012-11-14 12:34:54.115844343+00:00,2012-11-14 12:34:54.115844343+00:00,2669,Value 2
561,5,Closed,2012-11-14 12:34:54.115844343+00:00,2012-11-14 12:34:54.115844343+00:00,2670,Value 5
562,7,Assign seriousness,2012-11-14 15:13:34.189207136+00:00,2012-11-14 15:13:34.189207136+00:00,2671,Value 12
562,0,Assign seriousness,2012-11-14 15:13:34.189207136+00:00,2012-11-14 15:13:34.189207136+00:00,2672,Value 2
562,0,Take in charge ticket,2012-11-14 15:13:34.189207136+00:00,2012-11-14 15:13:34.189207136+00:00,2673,Value 2
562,0,Resolve ticket,2012-11-14 15:13:34.189207136+00:00,2012-11-14 15:13:34.189207136+00:00,2674,Value 2
562,5,Closed,2012-11-14 15:13:34.189207136+00:00,2012-11-14 15:13:34.189207136+00:00,2675,Value 5
563,1,Assign seriousness,2012-11-15 04:02:16+00:00,2012-11-15 04:02:16+00:00,2676,Value 15
563,1,Take in charge ticket,2012-11-15 04:02:16+00:00,2012-11-15 04:02:16+00:00,2677,Value 15
563,1,Resolve ticket,2012-11-15 04:02:16+00:00,2012-11-15 04:02:16+00:00,2678,Value 15
563,5,Closed,2012-11-15 04:02:16+00:00,2012-11-15 04:02:16+00:00,2679,Value 5
564,1,Assign seriousness,2012-11-15 05:38:24.805293010+00:00,2012-11-15 05:38:24.805293010+00:00,2680,Value 15
564,0,Take in charge ticket,2012-11-15 05:38:24.805293010+00:00,2012-11-15 05:38:24.805293010+00:00,2681,Value 2
564,1,Resolve ticket,2012-11-15 05:38:24.805293010+00:00,2012-11-15 05:38:24.805293010+00:00,2682,Value 15
564,5,Closed,2012-11-15 05:38:24.805293010+00:00,2012-11-15 05:38:24.805293010+00:00,2683,Value 5
565,1,Assign seriousness,2012-11-15 05:42:39.473148001+00:00,2012-11-15 05:42:39.473148001+00:00,2684,Value 15
565,0,Take in charge ticket,2012-11-15 05:42:39.473148001+00:00,2012-11-15 05:42:39.473148001+00:00,2685,Value 2
565,0,Resolve ticket,2012-11-15 05:42:39.473148001+00:00,2012-11-15 05:42:39.473148001+00:00,2686,Value 2
565,5,Closed,2012-11-15 05:42:39.473148001+00:00,2012-11-15 05:42:39.473148001+00:00,2687,Value 5
566,1,Insert ticket,2012-11-15 06:33:36.748769588+00:00,2012-11-15 06:33:36.748769588+00:00,2688,Value 15
566,3,Assign seriousness,2012-11-15 06:33:36.748769588+00:00,2012-11-15 06:33:36.748769588+00:00,2689,Value 16
566,3,Take in charge ticket,2012-11-15 06:33:36.748769588+00:00,2012-11-15 06:33:36.748769588+00:00,2690,Value 16
566,3,Resolve ticket,2012-11-15 06:33:36.748769588+00:00,2012-11-15 06:33:36.748769588+00:00,2691,Value 16
566,5,Closed,2012-11-15 06:33:36.748769588+00:00,2012-11-15 06:33:36.748769588+00:00,2692,Value 5
567,1,Assign seriousness,2012-11-15 07:01:37.626822363+00:00,2012-11-15 07:01:37.626822363+00:00,2693,Value 15
567,1,Take in charge ticket,2012-11-15 07:01:37.626822363+00:00,2012-11-15 07:01:37.626822363+00:00,2694,Value 15
567,1,Resolve ticket,2012-11-15 07:01:37.626822363+00:00,2012-11-15 07:01:37.626822363+00:00,2695,Value 15
567,5,Closed,2012-11-15 07:01:37.626822363+00:00,2012-11-15 07:01:37.626822363+00:00,2696,Value 5
568,1,Insert ticket,2012-11-15 07:20:01.946102258+00:00,2012-11-15 07:20:01.946102258+00:00,2697,Value 15
568,1,Assign seriousness,2012-11-15 07:20:01.946102258+00:00,2012-11-15 07:20:01.946102258+00:00,2698,Value 15
568,1,Take in charge ticket,2012-11-15 07:20:01.946102258+00:00,2012-11-15 07:20:01.946102258+00:00,2699,Value 15
568,1,Resolve ticket,2012-11-15 07:20:01.946102258+00:00,2012-11-15 07:20:01.946102258+00:00,2700,Value 15
568,5,Closed,2012-11-15 07:20:01.946102258+00:00,2012-11-15 07:20:01.946102258+00:00,2701,Value 5
569,13,Take in charge ticket,2012-11-15 09:09:15.639931568+00:00,2012-11-15 09:09:15.639931568+00:00,2702,Value 17
569,13,Resolve ticket,2012-11-15 09:09:15.639931568+00:00,2012-11-15 09:09:15.639931568+00:00,2703,Value 17
569,5,Closed,2012-11-15 09:09:15.639931568+00:00,2012-11-15 09:09:15.639931568+00:00,2704,Value 5
570,1,Assign seriousness,2012-11-16 04:00:00+00:00,2012-11-16 04:00:00+00:00,2707,Value 15
571,1,Assign seriousness,2012-11-16 04:00:00+00:00,2012-11-16 04:00:00+00:00,2708,Value 15
570,1,Take in charge ticket,2012-11-16 04:00:00+00:00,2012-11-16 04:00:00+00:00,2709,Value 15
571,1,Take in charge ticket,2012-11-16 04:00:00+00:00,2012-11-16 04:00:00+00:00,2710,Value 15
570,1,Resolve ticket,2012-11-16 04:00:00+00:00,2012-11-16 04:00:00+00:00,2711,Value 15
571,1,Resolve ticket,2012-11-16 04:00:00+00:00,2012-11-16 04:00:00+00:00,2712,Value 15
570,5,Closed,2012-11-16 04:00:00+00:00,2012-11-16 04:00:00+00:00,2713,Value 5
571,5,Closed,2012-11-16 04:00:00+00:00,2012-11-16 04:00:00+00:00,2714,Value 5
572,1,Assign seriousness,2012-11-16 04:07:30.004241008+00:00,2012-11-16 04:07:30.004241008+00:00,2715,Value 15
572,9,Take in charge ticket,2012-11-16 04:07:30.004241008+00:00,2012-11-16 04:07:30.004241008+00:00,2716,Value 14
572,9,Resolve ticket,2012-11-16 04:07:30.004241008+00:00,2012-11-16 04:07:30.004241008+00:00,2717,Value 14
572,5,Closed,2012-11-16 04:07:30.004241008+00:00,2012-11-16 04:07:30.004241008+00:00,2718,Value 5
573,1,Assign seriousness,2012-11-16 04:31:59.811950475+00:00,2012-11-16 04:31:59.811950475+00:00,2719,Value 15
573,1,Take in charge ticket,2012-11-16 04:31:59.811950475+00:00,2012-11-16 04:31:59.811950475+00:00,2720,Value 15
573,1,Resolve ticket,2012-11-16 04:31:59.811950475+00:00,2012-11-16 04:31:59.811950475+00:00,2721,Value 15
573,5,Closed,2012-11-16 04:31:59.811950475+00:00,2012-11-16 04:31:59.811950475+00:00,2722,Value 5
574,1,Assign seriousness,2012-11-16 04:42:57.449239151+00:00,2012-11-16 04:42:57.449239151+00:00,2723,Value 15
574,3,Take in charge ticket,2012-11-16 04:42:57.449239151+00:00,2012-11-16 04:42:57.449239151+00:00,2724,Value 16
574,3,Resolve ticket,2012-11-16 04:42:57.449239151+00:00,2012-11-16 04:42:57.449239151+00:00,2725,Value 16
574,5,Closed,2012-11-16 04:42:57.449239151+00:00,2012-11-16 04:42:57.449239151+00:00,2726,Value 5
575,1,Assign seriousness,2012-11-16 04:56:34.418418030+00:00,2012-11-16 04:56:34.418418030+00:00,2727,Value 15
575,1,Take in charge ticket,2012-11-16 04:56:34.418418030+00:00,2012-11-16 04:56:34.418418030+00:00,2728,Value 15
575,1,Resolve ticket,2012-11-16 04:56:34.418418030+00:00,2012-11-16 04:56:34.418418030+00:00,2729,Value 15
575,1,Take in charge ticket,2012-11-16 04:56:34.418418030+00:00,2012-11-16 04:56:34.418418030+00:00,2730,Value 15
575,1,Wait,2012-11-16 04:56:34.418418030+00:00,2012-11-16 04:56:34.418418030+00:00,2731,Value 15
575,1,Take in charge ticket,2012-11-16 04:56:34.418418030+00:00,2012-11-16 04:56:34.418418030+00:00,2732,Value 15
575,1,Resolve ticket,2012-11-16 04:56:34.418418030+00:00,2012-11-16 04:56:34.418418030+00:00,2733,Value 15
575,5,Closed,2012-11-16 04:56:34.418418030+00:00,2012-11-16 04:56:34.418418030+00:00,2734,Value 5
576,1,Assign seriousness,2012-11-16 07:13:06.088617333+00:00,2012-11-16 07:13:06.088617333+00:00,2735,Value 15
576,9,Take in charge ticket,2012-11-16 07:13:06.088617333+00:00,2012-11-16 07:13:06.088617333+00:00,2736,Value 14
576,9,Resolve ticket,2012-11-16 07:13:06.088617333+00:00,2012-11-16 07:13:06.088617333+00:00,2737,Value 14
576,5,Closed,2012-11-16 07:13:06.088617333+00:00,2012-11-16 07:13:06.088617333+00:00,2738,Value 5
577,1,Assign seriousness,2012-11-16 07:20:52.872805872+00:00,2012-11-16 07:20:52.872805872+00:00,2739,Value 15
577,0,Take in charge ticket,2012-11-16 07:20:52.872805872+00:00,2012-11-16 07:20:52.872805872+00:00,2740,Value 2
577,0,Resolve ticket,2012-11-16 07:20:52.872805872+00:00,2012-11-16 07:20:52.872805872+00:00,2741,Value 2
577,5,Closed,2012-11-16 07:20:52.872805872+00:00,2012-11-16 07:20:52.872805872+00:00,2742,Value 5
578,1,Assign seriousness,2012-11-16 07:38:56.586561227+00:00,2012-11-16 07:38:56.586561227+00:00,2743,Value 15
578,0,Take in charge ticket,2012-11-16 07:38:56.586561227+00:00,2012-11-16 07:38:56.586561227+00:00,2744,Value 2
578,0,Resolve ticket,2012-11-16 07:38:56.586561227+00:00,2012-11-16 07:38:56.586561227+00:00,2745,Value 2
578,5,Closed,2012-11-16 07:38:56.586561227+00:00,2012-11-16 07:38:56.586561227+00:00,2746,Value 5
579,1,Assign seriousness,2012-11-16 07:44:08.996999605+00:00,2012-11-16 07:44:08.996999605+00:00,2747,Value 15
579,1,Take in charge ticket,2012-11-16 07:44:08.996999605+00:00,2012-11-16 07:44:08.996999605+00:00,2748,Value 15
579,1,Resolve ticket,2012-11-16 07:44:08.996999605+00:00,2012-11-16 07:44:08.996999605+00:00,2749,Value 15
579,5,Closed,2012-11-16 07:44:08.996999605+00:00,2012-11-16 07:44:08.996999605+00:00,2750,Value 5
580,1,Assign seriousness,2012-11-16 08:44:27.879745232+00:00,2012-11-16 08:44:27.879745232+00:00,2751,Value 15
580,1,Assign seriousness,2012-11-16 08:44:27.879745232+00:00,2012-11-16 08:44:27.879745232+00:00,2752,Value 15
580,3,Take in charge ticket,2012-11-16 08:44:27.879745232+00:00,2012-11-16 08:44:27.879745232+00:00,2753,Value 16
580,8,Resolve ticket,2012-11-16 08:44:27.879745232+00:00,2012-11-16 08:44:27.879745232+00:00,2754,Value 6
580,5,Closed,2012-11-16 08:44:27.879745232+00:00,2012-11-16 08:44:27.879745232+00:00,2755,Value 5
581,1,Assign seriousness,2012-11-16 08:47:08.335922481+00:00,2012-11-16 08:47:08.335922481+00:00,2756,Value 15
581,1,Take in charge ticket,2012-11-16 08:47:08.335922481+00:00,2012-11-16 08:47:08.335922481+00:00,2757,Value 15
581,1,Resolve ticket,2012-11-16 08:47:08.335922481+00:00,2012-11-16 08:47:08.335922481+00:00,2758,Value 15
581,5,Closed,2012-11-16 08:47:08.335922481+00:00,2012-11-16 08:47:08.335922481+00:00,2759,Value 5
582,1,Assign seriousness,2012-11-16 10:05:52.546136015+00:00,2012-11-16 10:05:52.546136015+00:00,2760,Value 15
582,1,Take in charge ticket,2012-11-16 10:05:52.546136015+00:00,2012-11-16 10:05:52.546136015+00:00,2761,Value 15
582,1,Resolve ticket,2012-11-16 10:05:52.546136015+00:00,2012-11-16 10:05:52.546136015+00:00,2762,Value 15
582,5,Closed,2012-11-16 10:05:52.546136015+00:00,2012-11-16 10:05:52.546136015+00:00,2763,Value 5
583,1,Assign seriousness,2012-11-16 12:09:36.109110057+00:00,2012-11-16 12:09:36.109110057+00:00,2764,Value 15
583,1,Take in charge ticket,2012-11-16 12:09:36.109110057+00:00,2012-11-16 12:09:36.109110057+00:00,2765,Value 15
583,1,Resolve ticket,2012-11-16 12:09:36.109110057+00:00,2012-11-16 12:09:36.109110057+00:00,2766,Value 15
583,5,Closed,2012-11-16 12:09:36.109110057+00:00,2012-11-16 12:09:36.109110057+00:00,2767,Value 5
584,1,Assign seriousness,2012-11-16 13:23:19.104774029+00:00,2012-11-16 13:23:19.104774029+00:00,2768,Value 15
584,0,Assign seriousness,2012-11-16 13:23:19.104774029+00:00,2012-11-16 13:23:19.104774029+00:00,2769,Value 2
584,12,Wait,2012-11-16 13:23:19.104774029+00:00,2012-11-16 13:23:19.104774029+00:00,2770,Value 7
584,5,Take in charge ticket,2012-11-16 13:23:19.104774029+00:00,2012-11-16 13:23:19.104774029+00:00,2771,Value 5
584,5,Wait,2012-11-16 13:23:19.104774029+00:00,2012-11-16 13:23:19.104774029+00:00,2772,Value 5
584,11,Take in charge ticket,2012-11-16 13:23:19.104774029+00:00,2012-11-16 13:23:19.104774029+00:00,2773,Value 9
584,7,Wait,2012-11-16 13:23:19.104774029+00:00,2012-11-16 13:23:19.104774029+00:00,2774,Value 12
584,11,Take in charge ticket,2012-11-16 13:23:19.104774029+00:00,2012-11-16 13:23:19.104774029+00:00,2775,Value 9
584,11,Resolve ticket,2012-11-16 13:23:19.104774029+00:00,2012-11-16 13:23:19.104774029+00:00,2776,Value 9
584,5,Closed,2012-11-16 13:23:19.104774029+00:00,2012-11-16 13:23:19.104774029+00:00,2777,Value 5
585,5,Assign seriousness,2012-11-17 13:17:27+00:00,2012-11-17 13:17:27+00:00,2778,Value 5
585,0,Take in charge ticket,2012-11-19 03:00:00+00:00,2012-11-19 03:00:00+00:00,2780,Value 2
585,0,Resolve ticket,2012-11-19 03:00:00+00:00,2012-11-19 03:00:00+00:00,2781,Value 2
585,5,Closed,2012-11-19 06:00:00+00:00,2012-11-19 06:00:00+00:00,2782,Value 5
586,1,Assign seriousness,2012-11-19 04:00:49+00:00,2012-11-19 04:00:49+00:00,2783,Value 15
586,0,Take in charge ticket,2012-11-19 04:00:49+00:00,2012-11-19 04:00:49+00:00,2784,Value 2
586,0,Resolve ticket,2012-11-19 04:00:49+00:00,2012-11-19 04:00:49+00:00,2785,Value 2
586,5,Closed,2012-11-19 06:00:00+00:00,2012-11-19 06:00:00+00:00,2786,Value 5
587,1,Assign seriousness,2012-11-19 06:01:30.130711450+00:00,2012-11-19 06:01:30.130711450+00:00,2787,Value 15
587,0,Take in charge ticket,2012-11-19 06:01:30.130711450+00:00,2012-11-19 06:01:30.130711450+00:00,2788,Value 2
587,0,Resolve ticket,2012-11-19 06:01:30.130711450+00:00,2012-11-19 06:01:30.130711450+00:00,2789,Value 2
587,5,Closed,2012-11-19 06:01:30.130711450+00:00,2012-11-19 06:01:30.130711450+00:00,2790,Value 5
588,1,Assign seriousness,2012-11-19 06:24:04.238814394+00:00,2012-11-19 06:24:04.238814394+00:00,2791,Value 15
588,1,Assign seriousness,2012-11-19 06:24:04.238814394+00:00,2012-11-19 06:24:04.238814394+00:00,2792,Value 15
588,1,Take in charge ticket,2012-11-19 06:24:04.238814394+00:00,2012-11-19 06:24:04.238814394+00:00,2793,Value 15
588,1,Resolve ticket,2012-11-19 06:24:04.238814394+00:00,2012-11-19 06:24:04.238814394+00:00,2794,Value 15
588,5,Closed,2012-11-19 06:24:04.238814394+00:00,2012-11-19 06:24:04.238814394+00:00,2795,Value 5
589,1,Assign seriousness,2012-11-19 06:26:06.261817072+00:00,2012-11-19 06:26:06.261817072+00:00,2796,Value 15
589,1,Take in charge ticket,2012-11-19 06:26:06.261817072+00:00,2012-11-19 06:26:06.261817072+00:00,2797,Value 15
589,1,Resolve ticket,2012-11-19 06:26:06.261817072+00:00,2012-11-19 06:26:06.261817072+00:00,2798,Value 15
589,5,Closed,2012-11-19 06:26:06.261817072+00:00,2012-11-19 06:26:06.261817072+00:00,2799,Value 5
590,1,Assign seriousness,2012-11-19 06:27:21.042760817+00:00,2012-11-19 06:27:21.042760817+00:00,2800,Value 15
590,0,Take in charge ticket,2012-11-19 06:27:21.042760817+00:00,2012-11-19 06:27:21.042760817+00:00,2801,Value 2
590,0,Wait,2012-11-19 06:27:21.042760817+00:00,2012-11-19 06:27:21.042760817+00:00,2802,Value 2
590,3,Take in charge ticket,2012-11-19 06:27:21.042760817+00:00,2012-11-19 06:27:21.042760817+00:00,2803,Value 16
590,8,Resolve ticket,2012-11-19 06:27:21.042760817+00:00,2012-11-19 06:27:21.042760817+00:00,2804,Value 6
590,5,Closed,2012-11-19 06:27:21.042760817+00:00,2012-11-19 06:27:21.042760817+00:00,2805,Value 5
591,1,Assign seriousness,2012-11-19 06:31:40.079630150+00:00,2012-11-19 06:31:40.079630150+00:00,2806,Value 15
591,1,Take in charge ticket,2012-11-19 06:31:40.079630150+00:00,2012-11-19 06:31:40.079630150+00:00,2807,Value 15
591,1,Resolve ticket,2012-11-19 06:31:40.079630150+00:00,2012-11-19 06:31:40.079630150+00:00,2808,Value 15
591,1,Resolve ticket,2012-11-19 06:31:40.079630150+00:00,2012-11-19 06:31:40.079630150+00:00,2809,Value 15
591,5,Closed,2012-11-19 06:31:40.079630150+00:00,2012-11-19 06:31:40.079630150+00:00,2810,Value 5
592,1,Assign seriousness,2012-11-19 07:03:27.883070516+00:00,2012-11-19 07:03:27.883070516+00:00,2811,Value 15
592,1,Take in charge ticket,2012-11-19 07:03:27.883070516+00:00,2012-11-19 07:03:27.883070516+00:00,2812,Value 15
592,1,Resolve ticket,2012-11-19 07:03:27.883070516+00:00,2012-11-19 07:03:27.883070516+00:00,2813,Value 15
592,5,Closed,2012-11-19 07:03:27.883070516+00:00,2012-11-19 07:03:27.883070516+00:00,2814,Value 5
593,1,Assign seriousness,2012-11-19 12:09:20.314420922+00:00,2012-11-19 12:09:20.314420922+00:00,2815,Value 15
593,1,Take in charge ticket,2012-11-19 12:09:20.314420922+00:00,2012-11-19 12:09:20.314420922+00:00,2816,Value 15
593,1,Resolve ticket,2012-11-19 12:09:20.314420922+00:00,2012-11-19 12:09:20.314420922+00:00,2817,Value 15
593,5,Closed,2012-11-19 12:09:20.314420922+00:00,2012-11-19 12:09:20.314420922+00:00,2818,Value 5
594,1,Assign seriousness,2012-11-19 12:52:46.506171773+00:00,2012-11-19 12:52:46.506171773+00:00,2819,Value 15
594,11,Take in charge ticket,2012-11-19 12:52:46.506171773+00:00,2012-11-19 12:52:46.506171773+00:00,2820,Value 9
594,11,Wait,2012-11-19 12:52:46.506171773+00:00,2012-11-19 12:52:46.506171773+00:00,2821,Value 9
594,0,Take in charge ticket,2012-11-19 12:52:46.506171773+00:00,2012-11-19 12:52:46.506171773+00:00,2822,Value 2
594,0,Resolve ticket,2012-11-19 12:52:46.506171773+00:00,2012-11-19 12:52:46.506171773+00:00,2823,Value 2
594,5,Closed,2012-11-19 12:52:46.506171773+00:00,2012-11-19 12:52:46.506171773+00:00,2824,Value 5
595,1,Assign seriousness,2012-11-19 14:58:32.706314310+00:00,2012-11-19 14:58:32.706314310+00:00,2825,Value 15
595,9,Take in charge ticket,2012-11-19 14:58:32.706314310+00:00,2012-11-19 14:58:32.706314310+00:00,2826,Value 14
595,9,Resolve ticket,2012-11-19 14:58:32.706314310+00:00,2012-11-19 14:58:32.706314310+00:00,2827,Value 14
595,5,Closed,2012-11-19 14:58:32.706314310+00:00,2012-11-19 14:58:32.706314310+00:00,2828,Value 5
596,1,Assign seriousness,2012-11-19 15:18:09.017516205+00:00,2012-11-19 15:18:09.017516205+00:00,2829,Value 15
596,1,Take in charge ticket,2012-11-19 15:18:09.017516205+00:00,2012-11-19 15:18:09.017516205+00:00,2830,Value 15
596,1,Resolve ticket,2012-11-19 15:18:09.017516205+00:00,2012-11-19 15:18:09.017516205+00:00,2831,Value 15
596,5,Closed,2012-11-19 15:18:09.017516205+00:00,2012-11-19 15:18:09.017516205+00:00,2832,Value 5
597,18,Assign seriousness,2012-11-20 04:00:00+00:00,2012-11-20 04:00:00+00:00,2834,Value 4
597,8,Resolve ticket,2012-11-20 04:00:00+00:00,2012-11-20 04:00:00+00:00,2835,Value 6
597,8,Resolve ticket,2012-11-20 04:00:00+00:00,2012-11-20 04:00:00+00:00,2836,Value 6
597,5,Closed,2012-11-20 04:00:00+00:00,2012-11-20 04:00:00+00:00,2837,Value 5
598,18,Assign seriousness,2012-11-20 05:59:36.100507563+00:00,2012-11-20 05:59:36.100507563+00:00,2838,Value 4
598,18,Take in charge ticket,2012-11-20 05:59:36.100507563+00:00,2012-11-20 05:59:36.100507563+00:00,2839,Value 4
598,15,Resolve ticket,2012-11-20 05:59:36.100507563+00:00,2012-11-20 05:59:36.100507563+00:00,2840,Value 13
598,5,Closed,2012-11-20 05:59:36.100507563+00:00,2012-11-20 05:59:36.100507563+00:00,2841,Value 5
599,18,Assign seriousness,2012-11-20 06:19:56.792475097+00:00,2012-11-20 06:19:56.792475097+00:00,2842,Value 4
599,0,Assign seriousness,2012-11-20 06:19:56.792475097+00:00,2012-11-20 06:19:56.792475097+00:00,2843,Value 2
599,1,Take in charge ticket,2012-11-20 06:19:56.792475097+00:00,2012-11-20 06:19:56.792475097+00:00,2844,Value 15
599,1,Resolve ticket,2012-11-20 06:19:56.792475097+00:00,2012-11-20 06:19:56.792475097+00:00,2845,Value 15
599,5,Closed,2012-11-20 06:19:56.792475097+00:00,2012-11-20 06:19:56.792475097+00:00,2846,Value 5
600,18,Assign seriousness,2012-11-20 07:54:55.109421335+00:00,2012-11-20 07:54:55.109421335+00:00,2847,Value 4
600,18,Take in charge ticket,2012-11-20 07:54:55.109421335+00:00,2012-11-20 07:54:55.109421335+00:00,2848,Value 4
600,18,Resolve ticket,2012-11-20 07:54:55.109421335+00:00,2012-11-20 07:54:55.109421335+00:00,2849,Value 4
600,5,Closed,2012-11-20 07:54:55.109421335+00:00,2012-11-20 07:54:55.109421335+00:00,2850,Value 5
601,18,Assign seriousness,2012-11-20 10:27:52.582863150+00:00,2012-11-20 10:27:52.582863150+00:00,2851,Value 4
601,0,Take in charge ticket,2012-11-20 10:27:52.582863150+00:00,2012-11-20 10:27:52.582863150+00:00,2852,Value 2
601,0,Resolve ticket,2012-11-20 10:27:52.582863150+00:00,2012-11-20 10:27:52.582863150+00:00,2853,Value 2
601,5,Closed,2012-11-20 10:27:52.582863150+00:00,2012-11-20 10:27:52.582863150+00:00,2854,Value 5
602,18,Assign seriousness,2012-11-20 10:31:34.468993373+00:00,2012-11-20 10:31:34.468993373+00:00,2855,Value 4
602,18,Take in charge ticket,2012-11-20 10:31:34.468993373+00:00,2012-11-20 10:31:34.468993373+00:00,2856,Value 4
602,18,Wait,2012-11-20 10:31:34.468993373+00:00,2012-11-20 10:31:34.468993373+00:00,2857,Value 4
602,18,Resolve ticket,2012-11-20 10:31:34.468993373+00:00,2012-11-20 10:31:34.468993373+00:00,2858,Value 4
602,5,Closed,2012-11-20 10:31:34.468993373+00:00,2012-11-20 10:31:34.468993373+00:00,2859,Value 5
603,18,Assign seriousness,2012-11-20 11:05:29.327782911+00:00,2012-11-20 11:05:29.327782911+00:00,2860,Value 4
603,11,Take in charge ticket,2012-11-20 11:05:29.327782911+00:00,2012-11-20 11:05:29.327782911+00:00,2861,Value 9
603,11,Take in charge ticket,2012-11-20 11:05:29.327782911+00:00,2012-11-20 11:05:29.327782911+00:00,2862,Value 9
603,11,Resolve ticket,2012-11-20 11:05:29.327782911+00:00,2012-11-20 11:05:29.327782911+00:00,2863,Value 9
603,5,Closed,2012-11-20 11:05:29.327782911+00:00,2012-11-20 11:05:29.327782911+00:00,2864,Value 5
604,18,Insert ticket,2012-11-20 14:59:40.806292830+00:00,2012-11-20 14:59:40.806292830+00:00,2865,Value 4
604,18,Assign seriousness,2012-11-20 14:59:40.806292830+00:00,2012-11-20 14:59:40.806292830+00:00,2866,Value 4
604,18,Take in charge ticket,2012-11-20 14:59:40.806292830+00:00,2012-11-20 14:59:40.806292830+00:00,2867,Value 4
604,18,Resolve ticket,2012-11-20 14:59:40.806292830+00:00,2012-11-20 14:59:40.806292830+00:00,2868,Value 4
604,5,Closed,2012-11-20 14:59:40.806292830+00:00,2012-11-20 14:59:40.806292830+00:00,2869,Value 5
605,18,Assign seriousness,2012-11-21 04:01:43+00:00,2012-11-21 04:01:43+00:00,2870,Value 4
605,15,Take in charge ticket,2012-11-21 04:01:43+00:00,2012-11-21 04:01:43+00:00,2871,Value 13
605,15,Resolve ticket,2012-11-21 04:01:43+00:00,2012-11-21 04:01:43+00:00,2872,Value 13
605,5,Closed,2012-11-21 04:01:43+00:00,2012-11-21 04:01:43+00:00,2873,Value 5
606,18,Assign seriousness,2012-11-21 04:35:52.813337890+00:00,2012-11-21 04:35:52.813337890+00:00,2874,Value 4
606,18,Take in charge ticket,2012-11-21 04:35:52.813337890+00:00,2012-11-21 04:35:52.813337890+00:00,2875,Value 4
606,18,Resolve ticket,2012-11-21 04:35:52.813337890+00:00,2012-11-21 04:35:52.813337890+00:00,2876,Value 4
606,5,Closed,2012-11-21 04:35:52.813337890+00:00,2012-11-21 04:35:52.813337890+00:00,2877,Value 5
607,18,Assign seriousness,2012-11-21 04:42:02.233450986+00:00,2012-11-21 04:42:02.233450986+00:00,2878,Value 4
607,18,Resolve ticket,2012-11-21 04:42:02.233450986+00:00,2012-11-21 04:42:02.233450986+00:00,2879,Value 4
607,5,Closed,2012-11-21 04:42:02.233450986+00:00,2012-11-21 04:42:02.233450986+00:00,2880,Value 5
608,18,Assign seriousness,2012-11-21 04:59:15.394222990+00:00,2012-11-21 04:59:15.394222990+00:00,2881,Value 4
608,18,Take in charge ticket,2012-11-21 04:59:15.394222990+00:00,2012-11-21 04:59:15.394222990+00:00,2882,Value 4
608,18,Resolve ticket,2012-11-21 04:59:15.394222990+00:00,2012-11-21 04:59:15.394222990+00:00,2883,Value 4
608,18,Resolve ticket,2012-11-21 04:59:15.394222990+00:00,2012-11-21 04:59:15.394222990+00:00,2884,Value 4
608,5,Closed,2012-11-21 04:59:15.394222990+00:00,2012-11-21 04:59:15.394222990+00:00,2885,Value 5
609,18,Assign seriousness,2012-11-21 05:17:10.495436752+00:00,2012-11-21 05:17:10.495436752+00:00,2886,Value 4
609,11,Take in charge ticket,2012-11-21 05:17:10.495436752+00:00,2012-11-21 05:17:10.495436752+00:00,2887,Value 9
609,11,Resolve ticket,2012-11-21 05:17:10.495436752+00:00,2012-11-21 05:17:10.495436752+00:00,2888,Value 9
609,5,Closed,2012-11-21 05:17:10.495436752+00:00,2012-11-21 05:17:10.495436752+00:00,2889,Value 5
610,18,Assign seriousness,2012-11-21 05:19:59.618706190+00:00,2012-11-21 05:19:59.618706190+00:00,2890,Value 4
610,11,Take in charge ticket,2012-11-21 05:19:59.618706190+00:00,2012-11-21 05:19:59.618706190+00:00,2891,Value 9
610,11,Resolve ticket,2012-11-21 05:19:59.618706190+00:00,2012-11-21 05:19:59.618706190+00:00,2892,Value 9
610,5,Closed,2012-11-21 05:19:59.618706190+00:00,2012-11-21 05:19:59.618706190+00:00,2893,Value 5
611,18,Insert ticket,2012-11-21 06:05:22.717650516+00:00,2012-11-21 06:05:22.717650516+00:00,2894,Value 4
611,18,Assign seriousness,2012-11-21 06:05:22.717650516+00:00,2012-11-21 06:05:22.717650516+00:00,2895,Value 4
611,15,Take in charge ticket,2012-11-21 06:05:22.717650516+00:00,2012-11-21 06:05:22.717650516+00:00,2896,Value 13
611,15,Resolve ticket,2012-11-21 06:05:22.717650516+00:00,2012-11-21 06:05:22.717650516+00:00,2897,Value 13
611,5,Closed,2012-11-21 06:05:22.717650516+00:00,2012-11-21 06:05:22.717650516+00:00,2898,Value 5
612,18,Assign seriousness,2012-11-21 06:16:23.236588786+00:00,2012-11-21 06:16:23.236588786+00:00,2899,Value 4
612,8,Take in charge ticket,2012-11-21 06:16:23.236588786+00:00,2012-11-21 06:16:23.236588786+00:00,2900,Value 6
612,8,Resolve ticket,2012-11-21 06:16:23.236588786+00:00,2012-11-21 06:16:23.236588786+00:00,2901,Value 6
612,8,Resolve ticket,2012-11-21 06:16:23.236588786+00:00,2012-11-21 06:16:23.236588786+00:00,2902,Value 6
612,5,Closed,2012-11-21 06:16:23.236588786+00:00,2012-11-21 06:16:23.236588786+00:00,2903,Value 5
613,13,Take in charge ticket,2012-11-21 08:35:47.028035790+00:00,2012-11-21 08:35:47.028035790+00:00,2904,Value 17
613,13,Resolve ticket,2012-11-21 08:35:47.028035790+00:00,2012-11-21 08:35:47.028035790+00:00,2905,Value 17
613,5,Closed,2012-11-21 08:35:47.028035790+00:00,2012-11-21 08:35:47.028035790+00:00,2906,Value 5
614,18,Assign seriousness,2012-11-21 08:43:45.939811557+00:00,2012-11-21 08:43:45.939811557+00:00,2907,Value 4
614,18,Take in charge ticket,2012-11-21 08:43:45.939811557+00:00,2012-11-21 08:43:45.939811557+00:00,2908,Value 4
614,18,Resolve ticket,2012-11-21 08:43:45.939811557+00:00,2012-11-21 08:43:45.939811557+00:00,2909,Value 4
614,5,Closed,2012-11-21 08:43:45.939811557+00:00,2012-11-21 08:43:45.939811557+00:00,2910,Value 5
615,18,Assign seriousness,2012-11-21 09:39:18.560874345+00:00,2012-11-21 09:39:18.560874345+00:00,2911,Value 4
615,11,Take in charge ticket,2012-11-21 09:39:18.560874345+00:00,2012-11-21 09:39:18.560874345+00:00,2912,Value 9
615,11,Resolve ticket,2012-11-21 09:39:18.560874345+00:00,2012-11-21 09:39:18.560874345+00:00,2913,Value 9
615,5,Closed,2012-11-21 09:39:18.560874345+00:00,2012-11-21 09:39:18.560874345+00:00,2914,Value 5
616,18,Assign seriousness,2012-11-21 09:55:01.766878036+00:00,2012-11-21 09:55:01.766878036+00:00,2915,Value 4
616,11,Take in charge ticket,2012-11-21 09:55:01.766878036+00:00,2012-11-21 09:55:01.766878036+00:00,2916,Value 9
616,11,Wait,2012-11-21 09:55:01.766878036+00:00,2012-11-21 09:55:01.766878036+00:00,2917,Value 9
616,17,Take in charge ticket,2012-11-21 09:55:01.766878036+00:00,2012-11-21 09:55:01.766878036+00:00,2918,Value 1
616,17,Resolve ticket,2012-11-21 09:55:01.766878036+00:00,2012-11-21 09:55:01.766878036+00:00,2919,Value 1
616,5,Closed,2012-11-21 09:55:01.766878036+00:00,2012-11-21 09:55:01.766878036+00:00,2920,Value 5
617,18,Assign seriousness,2012-11-21 10:40:29.098103880+00:00,2012-11-21 10:40:29.098103880+00:00,2921,Value 4
617,11,Take in charge ticket,2012-11-21 10:40:29.098103880+00:00,2012-11-21 10:40:29.098103880+00:00,2922,Value 9
617,11,Resolve ticket,2012-11-21 10:40:29.098103880+00:00,2012-11-21 10:40:29.098103880+00:00,2923,Value 9
617,5,Closed,2012-11-21 10:40:29.098103880+00:00,2012-11-21 10:40:29.098103880+00:00,2924,Value 5
618,18,Assign seriousness,2012-11-21 13:41:34.601968276+00:00,2012-11-21 13:41:34.601968276+00:00,2925,Value 4
618,8,Take in charge ticket,2012-11-21 13:41:34.601968276+00:00,2012-11-21 13:41:34.601968276+00:00,2926,Value 6
618,8,Resolve ticket,2012-11-21 13:41:34.601968276+00:00,2012-11-21 13:41:34.601968276+00:00,2927,Value 6
618,5,Closed,2012-11-21 13:41:34.601968276+00:00,2012-11-21 13:41:34.601968276+00:00,2928,Value 5
619,18,Assign seriousness,2012-11-21 13:49:30.516254737+00:00,2012-11-21 13:49:30.516254737+00:00,2929,Value 4
619,18,Take in charge ticket,2012-11-21 13:49:30.516254737+00:00,2012-11-21 13:49:30.516254737+00:00,2930,Value 4
619,18,Resolve ticket,2012-11-21 13:49:30.516254737+00:00,2012-11-21 13:49:30.516254737+00:00,2931,Value 4
619,5,Closed,2012-11-21 13:49:30.516254737+00:00,2012-11-21 13:49:30.516254737+00:00,2932,Value 5
620,18,Assign seriousness,2012-11-21 13:52:59.404977458+00:00,2012-11-21 13:52:59.404977458+00:00,2933,Value 4
620,18,Assign seriousness,2012-11-21 13:52:59.404977458+00:00,2012-11-21 13:52:59.404977458+00:00,2934,Value 4
620,11,Take in charge ticket,2012-11-21 13:52:59.404977458+00:00,2012-11-21 13:52:59.404977458+00:00,2935,Value 9
620,11,Resolve ticket,2012-11-21 13:52:59.404977458+00:00,2012-11-21 13:52:59.404977458+00:00,2936,Value 9
620,5,Closed,2012-11-21 13:52:59.404977458+00:00,2012-11-21 13:52:59.404977458+00:00,2937,Value 5
621,18,Assign seriousness,2012-11-22 04:02:16+00:00,2012-11-22 04:02:16+00:00,2938,Value 4
621,0,Assign seriousness,2012-11-22 04:02:16+00:00,2012-11-22 04:02:16+00:00,2939,Value 2
621,0,Take in charge ticket,2012-11-22 04:02:16+00:00,2012-11-22 04:02:16+00:00,2940,Value 2
621,0,Wait,2012-11-22 04:02:16+00:00,2012-11-22 04:02:16+00:00,2941,Value 2
621,0,Take in charge ticket,2012-11-22 04:02:16+00:00,2012-11-22 04:02:16+00:00,2942,Value 2
621,0,Resolve ticket,2012-11-22 04:02:16+00:00,2012-11-22 04:02:16+00:00,2943,Value 2
621,5,Closed,2012-11-22 04:02:16+00:00,2012-11-22 04:02:16+00:00,2944,Value 5
622,18,Assign seriousness,2012-11-22 05:13:17.555081922+00:00,2012-11-22 05:13:17.555081922+00:00,2945,Value 4
622,11,Take in charge ticket,2012-11-22 05:13:17.555081922+00:00,2012-11-22 05:13:17.555081922+00:00,2946,Value 9
622,11,Resolve ticket,2012-11-22 05:13:17.555081922+00:00,2012-11-22 05:13:17.555081922+00:00,2947,Value 9
622,5,Closed,2012-11-22 05:13:17.555081922+00:00,2012-11-22 05:13:17.555081922+00:00,2948,Value 5
623,18,Insert ticket,2012-11-22 05:25:52.446992924+00:00,2012-11-22 05:25:52.446992924+00:00,2949,Value 4
623,18,Assign seriousness,2012-11-22 05:25:52.446992924+00:00,2012-11-22 05:25:52.446992924+00:00,2950,Value 4
623,0,Take in charge ticket,2012-11-22 05:25:52.446992924+00:00,2012-11-22 05:25:52.446992924+00:00,2951,Value 2
623,0,Wait,2012-11-22 05:25:52.446992924+00:00,2012-11-22 05:25:52.446992924+00:00,2952,Value 2
623,0,Take in charge ticket,2012-11-22 05:25:52.446992924+00:00,2012-11-22 05:25:52.446992924+00:00,2953,Value 2
623,0,Wait,2012-11-22 05:25:52.446992924+00:00,2012-11-22 05:25:52.446992924+00:00,2954,Value 2
623,0,Take in charge ticket,2012-11-22 05:25:52.446992924+00:00,2012-11-22 05:25:52.446992924+00:00,2955,Value 2
623,0,Resolve ticket,2012-11-22 05:25:52.446992924+00:00,2012-11-22 05:25:52.446992924+00:00,2956,Value 2
623,5,Closed,2012-11-22 05:25:52.446992924+00:00,2012-11-22 05:25:52.446992924+00:00,2957,Value 5
624,18,Assign seriousness,2012-11-22 05:35:12.788932024+00:00,2012-11-22 05:35:12.788932024+00:00,2958,Value 4
624,8,Take in charge ticket,2012-11-22 05:35:12.788932024+00:00,2012-11-22 05:35:12.788932024+00:00,2959,Value 6
624,7,Resolve ticket,2012-11-22 05:35:12.788932024+00:00,2012-11-22 05:35:12.788932024+00:00,2960,Value 12
624,5,Closed,2012-11-22 05:35:12.788932024+00:00,2012-11-22 05:35:12.788932024+00:00,2961,Value 5
625,18,Assign seriousness,2012-11-22 06:52:51.613540822+00:00,2012-11-22 06:52:51.613540822+00:00,2962,Value 4
625,18,Take in charge ticket,2012-11-22 06:52:51.613540822+00:00,2012-11-22 06:52:51.613540822+00:00,2963,Value 4
625,18,Resolve ticket,2012-11-22 06:52:51.613540822+00:00,2012-11-22 06:52:51.613540822+00:00,2964,Value 4
625,5,Closed,2012-11-22 06:52:51.613540822+00:00,2012-11-22 06:52:51.613540822+00:00,2965,Value 5
626,18,Assign seriousness,2012-11-22 09:17:33.598386537+00:00,2012-11-22 09:17:33.598386537+00:00,2966,Value 4
626,18,Assign seriousness,2012-11-22 09:17:33.598386537+00:00,2012-11-22 09:17:33.598386537+00:00,2967,Value 4
626,18,Assign seriousness,2012-11-22 09:17:33.598386537+00:00,2012-11-22 09:17:33.598386537+00:00,2968,Value 4
626,8,Take in charge ticket,2012-11-22 09:17:33.598386537+00:00,2012-11-22 09:17:33.598386537+00:00,2969,Value 6
626,8,Resolve ticket,2012-11-22 09:17:33.598386537+00:00,2012-11-22 09:17:33.598386537+00:00,2970,Value 6
626,5,Closed,2012-11-22 09:17:33.598386537+00:00,2012-11-22 09:17:33.598386537+00:00,2971,Value 5
627,13,Take in charge ticket,2012-11-22 09:18:54.766166389+00:00,2012-11-22 09:18:54.766166389+00:00,2972,Value 17
627,13,Resolve ticket,2012-11-22 09:18:54.766166389+00:00,2012-11-22 09:18:54.766166389+00:00,2973,Value 17
627,5,Closed,2012-11-22 09:18:54.766166389+00:00,2012-11-22 09:18:54.766166389+00:00,2974,Value 5
628,18,Assign seriousness,2012-11-22 10:02:26.136099570+00:00,2012-11-22 10:02:26.136099570+00:00,2975,Value 4
628,11,Take in charge ticket,2012-11-22 10:02:26.136099570+00:00,2012-11-22 10:02:26.136099570+00:00,2976,Value 9
628,11,Wait,2012-11-22 10:02:26.136099570+00:00,2012-11-22 10:02:26.136099570+00:00,2977,Value 9
628,11,Wait,2012-11-22 10:02:26.136099570+00:00,2012-11-22 10:02:26.136099570+00:00,2978,Value 9
628,11,Resolve ticket,2012-11-22 10:02:26.136099570+00:00,2012-11-22 10:02:26.136099570+00:00,2979,Value 9
628,5,Closed,2012-11-22 10:02:26.136099570+00:00,2012-11-22 10:02:26.136099570+00:00,2980,Value 5
629,18,Assign seriousness,2012-11-22 13:25:15.936462905+00:00,2012-11-22 13:25:15.936462905+00:00,2981,Value 4
629,18,Take in charge ticket,2012-11-22 13:25:15.936462905+00:00,2012-11-22 13:25:15.936462905+00:00,2982,Value 4
629,18,Resolve ticket,2012-11-22 13:25:15.936462905+00:00,2012-11-22 13:25:15.936462905+00:00,2983,Value 4
629,5,Closed,2012-11-22 13:25:15.936462905+00:00,2012-11-22 13:25:15.936462905+00:00,2984,Value 5
630,18,Assign seriousness,2012-11-22 13:25:49.847839045+00:00,2012-11-22 13:25:49.847839045+00:00,2985,Value 4
630,0,Take in charge ticket,2012-11-22 13:25:49.847839045+00:00,2012-11-22 13:25:49.847839045+00:00,2986,Value 2
630,0,Resolve ticket,2012-11-22 13:25:49.847839045+00:00,2012-11-22 13:25:49.847839045+00:00,2987,Value 2
630,5,Closed,2012-11-22 13:25:49.847839045+00:00,2012-11-22 13:25:49.847839045+00:00,2988,Value 5
631,18,Insert ticket,2012-11-22 14:16:13.643170731+00:00,2012-11-22 14:16:13.643170731+00:00,2989,Value 4
631,18,Assign seriousness,2012-11-22 14:16:13.643170731+00:00,2012-11-22 14:16:13.643170731+00:00,2990,Value 4
631,8,Take in charge ticket,2012-11-22 14:16:13.643170731+00:00,2012-11-22 14:16:13.643170731+00:00,2991,Value 6
631,8,Resolve ticket,2012-11-22 14:16:13.643170731+00:00,2012-11-22 14:16:13.643170731+00:00,2992,Value 6
631,5,Closed,2012-11-22 14:16:13.643170731+00:00,2012-11-22 14:16:13.643170731+00:00,2993,Value 5
632,18,Assign seriousness,2012-11-22 14:18:17.603093+00:00,2012-11-22 14:18:17.603093+00:00,2994,Value 4
632,6,Take in charge ticket,2012-11-22 14:18:17.603093+00:00,2012-11-22 14:18:17.603093+00:00,2995,Value 10
632,6,Resolve ticket,2012-11-22 14:18:17.603093+00:00,2012-11-22 14:18:17.603093+00:00,2996,Value 10
632,5,Closed,2012-11-22 14:18:17.603093+00:00,2012-11-22 14:18:17.603093+00:00,2997,Value 5
633,18,Assign seriousness,2012-11-22 15:20:53.789518472+00:00,2012-11-22 15:20:53.789518472+00:00,2998,Value 4
633,8,Take in charge ticket,2012-11-22 15:20:53.789518472+00:00,2012-11-22 15:20:53.789518472+00:00,2999,Value 6
633,3,Wait,2012-11-22 15:20:53.789518472+00:00,2012-11-22 15:20:53.789518472+00:00,3000,Value 16
633,8,Take in charge ticket,2012-11-22 15:20:53.789518472+00:00,2012-11-22 15:20:53.789518472+00:00,3001,Value 6
633,8,Resolve ticket,2012-11-22 15:20:53.789518472+00:00,2012-11-22 15:20:53.789518472+00:00,3002,Value 6
633,5,Closed,2012-11-22 15:20:53.789518472+00:00,2012-11-22 15:20:53.789518472+00:00,3003,Value 5
634,4,Assign seriousness,2012-11-23 04:00:00+00:00,2012-11-23 04:00:00+00:00,3005,Value 21
634,4,Take in charge ticket,2012-11-23 04:00:00+00:00,2012-11-23 04:00:00+00:00,3006,Value 21
634,7,Resolve ticket,2012-11-23 04:00:00+00:00,2012-11-23 04:00:00+00:00,3007,Value 12
634,5,Closed,2012-11-23 04:00:00+00:00,2012-11-23 04:00:00+00:00,3008,Value 5
635,4,Assign seriousness,2012-11-23 04:40:12.924417797+00:00,2012-11-23 04:40:12.924417797+00:00,3009,Value 21
635,4,Take in charge ticket,2012-11-23 04:40:12.924417797+00:00,2012-11-23 04:40:12.924417797+00:00,3010,Value 21
635,4,Resolve ticket,2012-11-23 04:40:12.924417797+00:00,2012-11-23 04:40:12.924417797+00:00,3011,Value 21
635,4,Closed,2012-11-23 04:40:12.924417797+00:00,2012-11-23 04:40:12.924417797+00:00,3012,Value 21
636,4,Assign seriousness,2012-11-23 07:35:23.502817430+00:00,2012-11-23 07:35:23.502817430+00:00,3013,Value 21
636,4,Take in charge ticket,2012-11-23 07:35:23.502817430+00:00,2012-11-23 07:35:23.502817430+00:00,3014,Value 21
636,4,Resolve ticket,2012-11-23 07:35:23.502817430+00:00,2012-11-23 07:35:23.502817430+00:00,3015,Value 21
636,5,Closed,2012-11-23 07:35:23.502817430+00:00,2012-11-23 07:35:23.502817430+00:00,3016,Value 5
637,4,Assign seriousness,2012-11-23 09:11:42.254783714+00:00,2012-11-23 09:11:42.254783714+00:00,3017,Value 21
637,4,Take in charge ticket,2012-11-23 09:11:42.254783714+00:00,2012-11-23 09:11:42.254783714+00:00,3018,Value 21
637,4,Resolve ticket,2012-11-23 09:11:42.254783714+00:00,2012-11-23 09:11:42.254783714+00:00,3019,Value 21
637,5,Closed,2012-11-23 09:11:42.254783714+00:00,2012-11-23 09:11:42.254783714+00:00,3020,Value 5
638,4,Assign seriousness,2012-11-23 10:38:35.850288097+00:00,2012-11-23 10:38:35.850288097+00:00,3021,Value 21
638,4,Take in charge ticket,2012-11-23 10:38:35.850288097+00:00,2012-11-23 10:38:35.850288097+00:00,3022,Value 21
638,4,Resolve ticket,2012-11-23 10:38:35.850288097+00:00,2012-11-23 10:38:35.850288097+00:00,3023,Value 21
638,4,Closed,2012-11-23 10:38:35.850288097+00:00,2012-11-23 10:38:35.850288097+00:00,3024,Value 21
639,5,Assign seriousness,2012-11-24 13:17:27+00:00,2012-11-24 13:17:27+00:00,3025,Value 5
639,0,Take in charge ticket,2012-11-26 03:00:00+00:00,2012-11-26 03:00:00+00:00,3027,Value 2
639,0,Wait,2012-11-26 03:00:00+00:00,2012-11-26 03:00:00+00:00,3028,Value 2
639,0,Take in charge ticket,2012-11-26 03:00:00+00:00,2012-11-26 03:00:00+00:00,3029,Value 2
639,1,Wait,2012-11-26 03:00:00+00:00,2012-11-26 03:00:00+00:00,3030,Value 15
639,1,Take in charge ticket,2012-11-26 03:00:00+00:00,2012-11-26 03:00:00+00:00,3031,Value 15
639,1,Wait,2012-11-26 03:00:00+00:00,2012-11-26 03:00:00+00:00,3032,Value 15
639,1,Take in charge ticket,2012-11-26 03:00:00+00:00,2012-11-26 03:00:00+00:00,3033,Value 15
639,1,Resolve ticket,2012-11-26 03:00:00+00:00,2012-11-26 03:00:00+00:00,3034,Value 15
640,4,Assign seriousness,2012-11-26 04:00:49+00:00,2012-11-26 04:00:49+00:00,3036,Value 21
639,5,Closed,2012-11-26 06:00:00+00:00,2012-11-26 06:00:00+00:00,3037,Value 5
640,4,Take in charge ticket,2012-11-26 04:00:49+00:00,2012-11-26 04:00:49+00:00,3038,Value 21
641,4,Assign seriousness,2012-11-26 05:28:19.597044440+00:00,2012-11-26 05:28:19.597044440+00:00,3039,Value 21
640,4,Resolve ticket,2012-11-26 04:00:49+00:00,2012-11-26 04:00:49+00:00,3040,Value 21
641,4,Take in charge ticket,2012-11-26 05:28:19.597044440+00:00,2012-11-26 05:28:19.597044440+00:00,3041,Value 21
640,4,Closed,2012-11-26 04:00:49+00:00,2012-11-26 04:00:49+00:00,3042,Value 21
641,7,Resolve ticket,2012-11-26 05:28:19.597044440+00:00,2012-11-26 05:28:19.597044440+00:00,3043,Value 12
642,4,Assign seriousness,2012-11-26 05:59:21.987177048+00:00,2012-11-26 05:59:21.987177048+00:00,3045,Value 21
641,5,Closed,2012-11-26 06:00:00+00:00,2012-11-26 06:00:00+00:00,3046,Value 5
642,4,Take in charge ticket,2012-11-26 05:59:21.987177048+00:00,2012-11-26 05:59:21.987177048+00:00,3047,Value 21
642,7,Resolve ticket,2012-11-26 05:59:21.987177048+00:00,2012-11-26 05:59:21.987177048+00:00,3048,Value 12
642,7,Take in charge ticket,2012-11-26 06:00:00+00:00,2012-11-26 06:00:00+00:00,3050,Value 12
642,7,Wait,2012-11-26 06:00:00+00:00,2012-11-26 06:00:00+00:00,3051,Value 12
642,7,Take in charge ticket,2012-11-26 06:00:00+00:00,2012-11-26 06:00:00+00:00,3052,Value 12
642,7,Resolve ticket,2012-11-26 06:00:00+00:00,2012-11-26 06:00:00+00:00,3053,Value 12
642,5,Closed,2012-11-26 06:00:00+00:00,2012-11-26 06:00:00+00:00,3054,Value 5
643,4,Assign seriousness,2012-11-26 07:42:53.169855478+00:00,2012-11-26 07:42:53.169855478+00:00,3055,Value 21
643,4,Take in charge ticket,2012-11-26 07:42:53.169855478+00:00,2012-11-26 07:42:53.169855478+00:00,3056,Value 21
643,4,Resolve ticket,2012-11-26 07:42:53.169855478+00:00,2012-11-26 07:42:53.169855478+00:00,3057,Value 21
643,5,Closed,2012-11-26 07:42:53.169855478+00:00,2012-11-26 07:42:53.169855478+00:00,3058,Value 5
644,4,Assign seriousness,2012-11-26 08:52:00.398960910+00:00,2012-11-26 08:52:00.398960910+00:00,3059,Value 21
644,4,Take in charge ticket,2012-11-26 08:52:00.398960910+00:00,2012-11-26 08:52:00.398960910+00:00,3060,Value 21
644,4,Resolve ticket,2012-11-26 08:52:00.398960910+00:00,2012-11-26 08:52:00.398960910+00:00,3061,Value 21
644,5,Closed,2012-11-26 08:52:00.398960910+00:00,2012-11-26 08:52:00.398960910+00:00,3062,Value 5
645,4,Assign seriousness,2012-11-26 08:52:10.567886792+00:00,2012-11-26 08:52:10.567886792+00:00,3063,Value 21
645,4,Take in charge ticket,2012-11-26 08:52:10.567886792+00:00,2012-11-26 08:52:10.567886792+00:00,3064,Value 21
645,4,Resolve ticket,2012-11-26 08:52:10.567886792+00:00,2012-11-26 08:52:10.567886792+00:00,3065,Value 21
645,4,Closed,2012-11-26 08:52:10.567886792+00:00,2012-11-26 08:52:10.567886792+00:00,3066,Value 21
646,4,Assign seriousness,2012-11-26 08:56:40.456062711+00:00,2012-11-26 08:56:40.456062711+00:00,3067,Value 21
646,4,Take in charge ticket,2012-11-26 08:56:40.456062711+00:00,2012-11-26 08:56:40.456062711+00:00,3068,Value 21
646,4,Resolve ticket,2012-11-26 08:56:40.456062711+00:00,2012-11-26 08:56:40.456062711+00:00,3069,Value 21
646,4,Closed,2012-11-26 08:56:40.456062711+00:00,2012-11-26 08:56:40.456062711+00:00,3070,Value 21
647,4,Assign seriousness,2012-11-26 09:04:07.387594113+00:00,2012-11-26 09:04:07.387594113+00:00,3071,Value 21
647,4,Take in charge ticket,2012-11-26 09:04:07.387594113+00:00,2012-11-26 09:04:07.387594113+00:00,3072,Value 21
647,4,Resolve ticket,2012-11-26 09:04:07.387594113+00:00,2012-11-26 09:04:07.387594113+00:00,3073,Value 21
647,4,Closed,2012-11-26 09:04:07.387594113+00:00,2012-11-26 09:04:07.387594113+00:00,3074,Value 21
648,4,Assign seriousness,2012-11-26 12:19:56.757266550+00:00,2012-11-26 12:19:56.757266550+00:00,3075,Value 21
648,4,Take in charge ticket,2012-11-26 12:19:56.757266550+00:00,2012-11-26 12:19:56.757266550+00:00,3076,Value 21
648,4,Resolve ticket,2012-11-26 12:19:56.757266550+00:00,2012-11-26 12:19:56.757266550+00:00,3077,Value 21
648,4,Closed,2012-11-26 12:19:56.757266550+00:00,2012-11-26 12:19:56.757266550+00:00,3078,Value 21
649,4,Assign seriousness,2012-11-26 12:36:30.683178254+00:00,2012-11-26 12:36:30.683178254+00:00,3079,Value 21
649,4,Take in charge ticket,2012-11-26 12:36:30.683178254+00:00,2012-11-26 12:36:30.683178254+00:00,3080,Value 21
649,4,Resolve ticket,2012-11-26 12:36:30.683178254+00:00,2012-11-26 12:36:30.683178254+00:00,3081,Value 21
649,5,Closed,2012-11-26 12:36:30.683178254+00:00,2012-11-26 12:36:30.683178254+00:00,3082,Value 5
650,4,Assign seriousness,2012-11-26 13:13:13.652896793+00:00,2012-11-26 13:13:13.652896793+00:00,3083,Value 21
650,4,Take in charge ticket,2012-11-26 13:13:13.652896793+00:00,2012-11-26 13:13:13.652896793+00:00,3084,Value 21
650,4,Resolve ticket,2012-11-26 13:13:13.652896793+00:00,2012-11-26 13:13:13.652896793+00:00,3085,Value 21
650,5,Closed,2012-11-26 13:13:13.652896793+00:00,2012-11-26 13:13:13.652896793+00:00,3086,Value 5
651,4,Assign seriousness,2012-11-27 04:00:00+00:00,2012-11-27 04:00:00+00:00,3088,Value 21
651,4,Take in charge ticket,2012-11-27 04:00:00+00:00,2012-11-27 04:00:00+00:00,3089,Value 21
651,4,Resolve ticket,2012-11-27 04:00:00+00:00,2012-11-27 04:00:00+00:00,3090,Value 21
651,4,Closed,2012-11-27 04:00:00+00:00,2012-11-27 04:00:00+00:00,3091,Value 21
652,4,Assign seriousness,2012-11-27 04:10:16.416040292+00:00,2012-11-27 04:10:16.416040292+00:00,3092,Value 21
652,4,Take in charge ticket,2012-11-27 04:10:16.416040292+00:00,2012-11-27 04:10:16.416040292+00:00,3093,Value 21
652,4,Resolve ticket,2012-11-27 04:10:16.416040292+00:00,2012-11-27 04:10:16.416040292+00:00,3094,Value 21
652,5,Closed,2012-11-27 04:10:16.416040292+00:00,2012-11-27 04:10:16.416040292+00:00,3095,Value 5
653,9,Insert ticket,2012-11-27 05:34:04.307057299+00:00,2012-11-27 05:34:04.307057299+00:00,3096,Value 14
653,9,Assign seriousness,2012-11-27 05:34:04.307057299+00:00,2012-11-27 05:34:04.307057299+00:00,3097,Value 14
653,0,Assign seriousness,2012-11-27 05:34:04.307057299+00:00,2012-11-27 05:34:04.307057299+00:00,3098,Value 2
653,0,Take in charge ticket,2012-11-27 05:34:04.307057299+00:00,2012-11-27 05:34:04.307057299+00:00,3099,Value 2
653,0,Resolve ticket,2012-11-27 05:34:04.307057299+00:00,2012-11-27 05:34:04.307057299+00:00,3100,Value 2
653,5,Closed,2012-11-27 05:34:04.307057299+00:00,2012-11-27 05:34:04.307057299+00:00,3101,Value 5
654,4,Assign seriousness,2012-11-27 06:12:33.630602689+00:00,2012-11-27 06:12:33.630602689+00:00,3102,Value 21
654,4,Take in charge ticket,2012-11-27 06:12:33.630602689+00:00,2012-11-27 06:12:33.630602689+00:00,3103,Value 21
654,4,Resolve ticket,2012-11-27 06:12:33.630602689+00:00,2012-11-27 06:12:33.630602689+00:00,3104,Value 21
654,5,Closed,2012-11-27 06:12:33.630602689+00:00,2012-11-27 06:12:33.630602689+00:00,3105,Value 5
655,4,Assign seriousness,2012-11-27 09:52:32.878534288+00:00,2012-11-27 09:52:32.878534288+00:00,3106,Value 21
655,4,Take in charge ticket,2012-11-27 09:52:32.878534288+00:00,2012-11-27 09:52:32.878534288+00:00,3107,Value 21
655,4,Resolve ticket,2012-11-27 09:52:32.878534288+00:00,2012-11-27 09:52:32.878534288+00:00,3108,Value 21
655,5,Closed,2012-11-27 09:52:32.878534288+00:00,2012-11-27 09:52:32.878534288+00:00,3109,Value 5
656,4,Assign seriousness,2012-11-27 10:08:21.619425067+00:00,2012-11-27 10:08:21.619425067+00:00,3110,Value 21
656,4,Take in charge ticket,2012-11-27 10:08:21.619425067+00:00,2012-11-27 10:08:21.619425067+00:00,3111,Value 21
656,4,Resolve ticket,2012-11-27 10:08:21.619425067+00:00,2012-11-27 10:08:21.619425067+00:00,3112,Value 21
656,5,Closed,2012-11-27 10:08:21.619425067+00:00,2012-11-27 10:08:21.619425067+00:00,3113,Value 5
657,4,Assign seriousness,2012-11-27 11:00:55.370203482+00:00,2012-11-27 11:00:55.370203482+00:00,3114,Value 21
657,4,Take in charge ticket,2012-11-27 11:00:55.370203482+00:00,2012-11-27 11:00:55.370203482+00:00,3115,Value 21
657,4,Resolve ticket,2012-11-27 11:00:55.370203482+00:00,2012-11-27 11:00:55.370203482+00:00,3116,Value 21
657,5,Closed,2012-11-27 11:00:55.370203482+00:00,2012-11-27 11:00:55.370203482+00:00,3117,Value 5
658,4,Assign seriousness,2012-11-27 11:05:26.596696057+00:00,2012-11-27 11:05:26.596696057+00:00,3118,Value 21
658,4,Take in charge ticket,2012-11-27 11:05:26.596696057+00:00,2012-11-27 11:05:26.596696057+00:00,3119,Value 21
658,7,Resolve ticket,2012-11-27 11:05:26.596696057+00:00,2012-11-27 11:05:26.596696057+00:00,3120,Value 12
658,5,Closed,2012-11-27 11:05:26.596696057+00:00,2012-11-27 11:05:26.596696057+00:00,3121,Value 5
659,4,Assign seriousness,2012-11-27 11:25:21.169502358+00:00,2012-11-27 11:25:21.169502358+00:00,3122,Value 21
659,4,Take in charge ticket,2012-11-27 11:25:21.169502358+00:00,2012-11-27 11:25:21.169502358+00:00,3123,Value 21
659,4,Resolve ticket,2012-11-27 11:25:21.169502358+00:00,2012-11-27 11:25:21.169502358+00:00,3124,Value 21
659,5,Closed,2012-11-27 11:25:21.169502358+00:00,2012-11-27 11:25:21.169502358+00:00,3125,Value 5
660,4,Assign seriousness,2012-11-27 11:43:22.432754828+00:00,2012-11-27 11:43:22.432754828+00:00,3126,Value 21
660,4,Take in charge ticket,2012-11-27 11:43:22.432754828+00:00,2012-11-27 11:43:22.432754828+00:00,3127,Value 21
660,7,Resolve ticket,2012-11-27 11:43:22.432754828+00:00,2012-11-27 11:43:22.432754828+00:00,3128,Value 12
660,5,Closed,2012-11-27 11:43:22.432754828+00:00,2012-11-27 11:43:22.432754828+00:00,3129,Value 5
661,4,Assign seriousness,2012-11-27 11:43:35.879552385+00:00,2012-11-27 11:43:35.879552385+00:00,3130,Value 21
661,4,Take in charge ticket,2012-11-27 11:43:35.879552385+00:00,2012-11-27 11:43:35.879552385+00:00,3131,Value 21
661,4,Resolve ticket,2012-11-27 11:43:35.879552385+00:00,2012-11-27 11:43:35.879552385+00:00,3132,Value 21
661,5,Closed,2012-11-27 11:43:35.879552385+00:00,2012-11-27 11:43:35.879552385+00:00,3133,Value 5
662,4,Assign seriousness,2012-11-27 13:06:29.770622372+00:00,2012-11-27 13:06:29.770622372+00:00,3134,Value 21
662,4,Take in charge ticket,2012-11-27 13:06:29.770622372+00:00,2012-11-27 13:06:29.770622372+00:00,3135,Value 21
662,4,Resolve ticket,2012-11-27 13:06:29.770622372+00:00,2012-11-27 13:06:29.770622372+00:00,3136,Value 21
662,4,Closed,2012-11-27 13:06:29.770622372+00:00,2012-11-27 13:06:29.770622372+00:00,3137,Value 21
663,4,Assign seriousness,2012-11-27 13:27:46.273927073+00:00,2012-11-27 13:27:46.273927073+00:00,3138,Value 21
663,4,Take in charge ticket,2012-11-27 13:27:46.273927073+00:00,2012-11-27 13:27:46.273927073+00:00,3139,Value 21
663,4,Resolve ticket,2012-11-27 13:27:46.273927073+00:00,2012-11-27 13:27:46.273927073+00:00,3140,Value 21
663,5,Closed,2012-11-27 13:27:46.273927073+00:00,2012-11-27 13:27:46.273927073+00:00,3141,Value 5
664,4,Assign seriousness,2012-11-28 04:01:43+00:00,2012-11-28 04:01:43+00:00,3142,Value 21
664,4,Take in charge ticket,2012-11-28 04:01:43+00:00,2012-11-28 04:01:43+00:00,3143,Value 21
664,4,Resolve ticket,2012-11-28 04:01:43+00:00,2012-11-28 04:01:43+00:00,3144,Value 21
664,5,Closed,2012-11-28 04:01:43+00:00,2012-11-28 04:01:43+00:00,3145,Value 5
665,4,Assign seriousness,2012-11-28 04:24:07.140304648+00:00,2012-11-28 04:24:07.140304648+00:00,3146,Value 21
665,4,Take in charge ticket,2012-11-28 04:24:07.140304648+00:00,2012-11-28 04:24:07.140304648+00:00,3147,Value 21
665,7,Resolve ticket,2012-11-28 04:24:07.140304648+00:00,2012-11-28 04:24:07.140304648+00:00,3148,Value 12
665,5,Closed,2012-11-28 04:24:07.140304648+00:00,2012-11-28 04:24:07.140304648+00:00,3149,Value 5
666,4,Assign seriousness,2012-11-28 05:24:49.846615246+00:00,2012-11-28 05:24:49.846615246+00:00,3150,Value 21
666,4,Take in charge ticket,2012-11-28 05:24:49.846615246+00:00,2012-11-28 05:24:49.846615246+00:00,3151,Value 21
666,4,Resolve ticket,2012-11-28 05:24:49.846615246+00:00,2012-11-28 05:24:49.846615246+00:00,3152,Value 21
666,4,Closed,2012-11-28 05:24:49.846615246+00:00,2012-11-28 05:24:49.846615246+00:00,3153,Value 21
667,4,Assign seriousness,2012-11-28 05:42:29.822303319+00:00,2012-11-28 05:42:29.822303319+00:00,3154,Value 21
667,4,Take in charge ticket,2012-11-28 05:42:29.822303319+00:00,2012-11-28 05:42:29.822303319+00:00,3155,Value 21
667,4,Resolve ticket,2012-11-28 05:42:29.822303319+00:00,2012-11-28 05:42:29.822303319+00:00,3156,Value 21
667,5,Closed,2012-11-28 05:42:29.822303319+00:00,2012-11-28 05:42:29.822303319+00:00,3157,Value 5
668,4,Assign seriousness,2012-11-28 08:36:04.447748566+00:00,2012-11-28 08:36:04.447748566+00:00,3158,Value 21
668,4,Take in charge ticket,2012-11-28 08:36:04.447748566+00:00,2012-11-28 08:36:04.447748566+00:00,3159,Value 21
668,4,Resolve ticket,2012-11-28 08:36:04.447748566+00:00,2012-11-28 08:36:04.447748566+00:00,3160,Value 21
668,5,Closed,2012-11-28 08:36:04.447748566+00:00,2012-11-28 08:36:04.447748566+00:00,3161,Value 5
669,4,Assign seriousness,2012-11-28 09:28:34.641514308+00:00,2012-11-28 09:28:34.641514308+00:00,3162,Value 21
669,4,Take in charge ticket,2012-11-28 09:28:34.641514308+00:00,2012-11-28 09:28:34.641514308+00:00,3163,Value 21
669,4,Resolve ticket,2012-11-28 09:28:34.641514308+00:00,2012-11-28 09:28:34.641514308+00:00,3164,Value 21
669,4,Closed,2012-11-28 09:28:34.641514308+00:00,2012-11-28 09:28:34.641514308+00:00,3165,Value 21
670,4,Assign seriousness,2012-11-28 09:41:19.250902102+00:00,2012-11-28 09:41:19.250902102+00:00,3166,Value 21
670,4,Take in charge ticket,2012-11-28 09:41:19.250902102+00:00,2012-11-28 09:41:19.250902102+00:00,3167,Value 21
670,4,Resolve ticket,2012-11-28 09:41:19.250902102+00:00,2012-11-28 09:41:19.250902102+00:00,3168,Value 21
670,4,Closed,2012-11-28 09:41:19.250902102+00:00,2012-11-28 09:41:19.250902102+00:00,3169,Value 21
671,4,Assign seriousness,2012-11-28 09:43:46.339874787+00:00,2012-11-28 09:43:46.339874787+00:00,3170,Value 21
671,4,Take in charge ticket,2012-11-28 09:43:46.339874787+00:00,2012-11-28 09:43:46.339874787+00:00,3171,Value 21
671,4,Resolve ticket,2012-11-28 09:43:46.339874787+00:00,2012-11-28 09:43:46.339874787+00:00,3172,Value 21
671,4,Closed,2012-11-28 09:43:46.339874787+00:00,2012-11-28 09:43:46.339874787+00:00,3173,Value 21
672,4,Assign seriousness,2012-11-28 10:14:25.466720335+00:00,2012-11-28 10:14:25.466720335+00:00,3174,Value 21
672,4,Take in charge ticket,2012-11-28 10:14:25.466720335+00:00,2012-11-28 10:14:25.466720335+00:00,3175,Value 21
672,4,Resolve ticket,2012-11-28 10:14:25.466720335+00:00,2012-11-28 10:14:25.466720335+00:00,3176,Value 21
672,4,Closed,2012-11-28 10:14:25.466720335+00:00,2012-11-28 10:14:25.466720335+00:00,3177,Value 21
673,4,Assign seriousness,2012-11-28 10:31:24.864490160+00:00,2012-11-28 10:31:24.864490160+00:00,3178,Value 21
673,4,Take in charge ticket,2012-11-28 10:31:24.864490160+00:00,2012-11-28 10:31:24.864490160+00:00,3179,Value 21
673,4,Resolve ticket,2012-11-28 10:31:24.864490160+00:00,2012-11-28 10:31:24.864490160+00:00,3180,Value 21
673,4,Closed,2012-11-28 10:31:24.864490160+00:00,2012-11-28 10:31:24.864490160+00:00,3181,Value 21
674,9,Insert ticket,2012-11-28 13:02:10.654252115+00:00,2012-11-28 13:02:10.654252115+00:00,3182,Value 14
674,9,Assign seriousness,2012-11-28 13:02:10.654252115+00:00,2012-11-28 13:02:10.654252115+00:00,3183,Value 14
674,9,Take in charge ticket,2012-11-28 13:02:10.654252115+00:00,2012-11-28 13:02:10.654252115+00:00,3184,Value 14
674,9,Resolve ticket,2012-11-28 13:02:10.654252115+00:00,2012-11-28 13:02:10.654252115+00:00,3185,Value 14
674,5,Closed,2012-11-28 13:02:10.654252115+00:00,2012-11-28 13:02:10.654252115+00:00,3186,Value 5
675,9,Insert ticket,2012-11-28 13:26:06.228119690+00:00,2012-11-28 13:26:06.228119690+00:00,3187,Value 14
675,9,Assign seriousness,2012-11-28 13:26:06.228119690+00:00,2012-11-28 13:26:06.228119690+00:00,3188,Value 14
675,3,Take in charge ticket,2012-11-28 13:26:06.228119690+00:00,2012-11-28 13:26:06.228119690+00:00,3189,Value 16
675,3,Resolve ticket,2012-11-28 13:26:06.228119690+00:00,2012-11-28 13:26:06.228119690+00:00,3190,Value 16
675,3,Take in charge ticket,2012-11-28 13:26:06.228119690+00:00,2012-11-28 13:26:06.228119690+00:00,3191,Value 16
675,3,Wait,2012-11-28 13:26:06.228119690+00:00,2012-11-28 13:26:06.228119690+00:00,3192,Value 16
675,3,Take in charge ticket,2012-11-28 13:26:06.228119690+00:00,2012-11-28 13:26:06.228119690+00:00,3193,Value 16
675,3,Resolve ticket,2012-11-28 13:26:06.228119690+00:00,2012-11-28 13:26:06.228119690+00:00,3194,Value 16
675,5,Closed,2012-11-28 13:26:06.228119690+00:00,2012-11-28 13:26:06.228119690+00:00,3195,Value 5
676,4,Assign seriousness,2012-11-29 04:02:16+00:00,2012-11-29 04:02:16+00:00,3196,Value 21
676,4,Take in charge ticket,2012-11-29 04:02:16+00:00,2012-11-29 04:02:16+00:00,3197,Value 21
676,7,Resolve ticket,2012-11-29 04:02:16+00:00,2012-11-29 04:02:16+00:00,3198,Value 12
676,5,Closed,2012-11-29 04:02:16+00:00,2012-11-29 04:02:16+00:00,3199,Value 5
677,4,Assign seriousness,2012-11-29 04:35:50.498524173+00:00,2012-11-29 04:35:50.498524173+00:00,3200,Value 21
677,4,Take in charge ticket,2012-11-29 04:35:50.498524173+00:00,2012-11-29 04:35:50.498524173+00:00,3201,Value 21
677,4,Resolve ticket,2012-11-29 04:35:50.498524173+00:00,2012-11-29 04:35:50.498524173+00:00,3202,Value 21
677,4,Closed,2012-11-29 04:35:50.498524173+00:00,2012-11-29 04:35:50.498524173+00:00,3203,Value 21
678,4,Assign seriousness,2012-11-29 06:14:09.013121764+00:00,2012-11-29 06:14:09.013121764+00:00,3204,Value 21
678,4,Take in charge ticket,2012-11-29 06:14:09.013121764+00:00,2012-11-29 06:14:09.013121764+00:00,3205,Value 21
678,4,Resolve ticket,2012-11-29 06:14:09.013121764+00:00,2012-11-29 06:14:09.013121764+00:00,3206,Value 21
678,5,Closed,2012-11-29 06:14:09.013121764+00:00,2012-11-29 06:14:09.013121764+00:00,3207,Value 5
679,4,Assign seriousness,2012-11-29 07:56:48.521583236+00:00,2012-11-29 07:56:48.521583236+00:00,3208,Value 21
679,4,Take in charge ticket,2012-11-29 07:56:48.521583236+00:00,2012-11-29 07:56:48.521583236+00:00,3209,Value 21
679,4,Resolve ticket,2012-11-29 07:56:48.521583236+00:00,2012-11-29 07:56:48.521583236+00:00,3210,Value 21
679,5,Closed,2012-11-29 07:56:48.521583236+00:00,2012-11-29 07:56:48.521583236+00:00,3211,Value 5
680,4,Assign seriousness,2012-11-29 08:16:06.776097896+00:00,2012-11-29 08:16:06.776097896+00:00,3212,Value 21
680,4,Take in charge ticket,2012-11-29 08:16:06.776097896+00:00,2012-11-29 08:16:06.776097896+00:00,3213,Value 21
680,4,Resolve ticket,2012-11-29 08:16:06.776097896+00:00,2012-11-29 08:16:06.776097896+00:00,3214,Value 21
680,5,Closed,2012-11-29 08:16:06.776097896+00:00,2012-11-29 08:16:06.776097896+00:00,3215,Value 5
681,4,Assign seriousness,2012-11-29 11:03:06.750877151+00:00,2012-11-29 11:03:06.750877151+00:00,3216,Value 21
681,4,Take in charge ticket,2012-11-29 11:03:06.750877151+00:00,2012-11-29 11:03:06.750877151+00:00,3217,Value 21
681,4,Resolve ticket,2012-11-29 11:03:06.750877151+00:00,2012-11-29 11:03:06.750877151+00:00,3218,Value 21
681,4,Closed,2012-11-29 11:03:06.750877151+00:00,2012-11-29 11:03:06.750877151+00:00,3219,Value 21
682,4,Assign seriousness,2012-11-29 14:22:05.052988849+00:00,2012-11-29 14:22:05.052988849+00:00,3220,Value 21
682,4,Take in charge ticket,2012-11-29 14:22:05.052988849+00:00,2012-11-29 14:22:05.052988849+00:00,3221,Value 21
682,4,Resolve ticket,2012-11-29 14:22:05.052988849+00:00,2012-11-29 14:22:05.052988849+00:00,3222,Value 21
682,5,Closed,2012-11-29 14:22:05.052988849+00:00,2012-11-29 14:22:05.052988849+00:00,3223,Value 5
683,4,Assign seriousness,2012-11-29 15:02:48.001940566+00:00,2012-11-29 15:02:48.001940566+00:00,3224,Value 21
683,4,Take in charge ticket,2012-11-29 15:02:48.001940566+00:00,2012-11-29 15:02:48.001940566+00:00,3225,Value 21
683,4,Resolve ticket,2012-11-29 15:02:48.001940566+00:00,2012-11-29 15:02:48.001940566+00:00,3226,Value 21
683,4,Closed,2012-11-29 15:02:48.001940566+00:00,2012-11-29 15:02:48.001940566+00:00,3227,Value 21
684,6,Assign seriousness,2012-11-29 15:07:31.115957232+00:00,2012-11-29 15:07:31.115957232+00:00,3228,Value 10
684,6,Take in charge ticket,2012-11-29 15:07:31.115957232+00:00,2012-11-29 15:07:31.115957232+00:00,3229,Value 10
684,6,Resolve ticket,2012-11-29 15:07:31.115957232+00:00,2012-11-29 15:07:31.115957232+00:00,3230,Value 10
684,5,Closed,2012-11-29 15:07:31.115957232+00:00,2012-11-29 15:07:31.115957232+00:00,3231,Value 5
685,9,Assign seriousness,2012-11-29 15:12:31.687302073+00:00,2012-11-29 15:12:31.687302073+00:00,3232,Value 14
685,3,Take in charge ticket,2012-11-29 15:12:31.687302073+00:00,2012-11-29 15:12:31.687302073+00:00,3233,Value 16
685,3,Resolve ticket,2012-11-29 15:12:31.687302073+00:00,2012-11-29 15:12:31.687302073+00:00,3234,Value 16
685,5,Closed,2012-11-29 15:12:31.687302073+00:00,2012-11-29 15:12:31.687302073+00:00,3235,Value 5
686,14,Assign seriousness,2012-11-30 04:00:00+00:00,2012-11-30 04:00:00+00:00,3237,Value 8
686,14,Assign seriousness,2012-11-30 04:00:00+00:00,2012-11-30 04:00:00+00:00,3238,Value 8
686,14,Take in charge ticket,2012-11-30 04:00:00+00:00,2012-11-30 04:00:00+00:00,3239,Value 8
686,14,Resolve ticket,2012-11-30 04:00:00+00:00,2012-11-30 04:00:00+00:00,3240,Value 8
686,5,Closed,2012-11-30 04:00:00+00:00,2012-11-30 04:00:00+00:00,3241,Value 5
687,14,Assign seriousness,2012-11-30 08:18:58.417996457+00:00,2012-11-30 08:18:58.417996457+00:00,3242,Value 8
687,15,Take in charge ticket,2012-11-30 08:18:58.417996457+00:00,2012-11-30 08:18:58.417996457+00:00,3243,Value 13
687,15,Resolve ticket,2012-11-30 08:18:58.417996457+00:00,2012-11-30 08:18:58.417996457+00:00,3244,Value 13
687,5,Closed,2012-11-30 08:18:58.417996457+00:00,2012-11-30 08:18:58.417996457+00:00,3245,Value 5
688,14,Assign seriousness,2012-11-30 13:06:46.875119218+00:00,2012-11-30 13:06:46.875119218+00:00,3246,Value 8
688,14,Take in charge ticket,2012-11-30 13:06:46.875119218+00:00,2012-11-30 13:06:46.875119218+00:00,3247,Value 8
688,14,Wait,2012-11-30 13:06:46.875119218+00:00,2012-11-30 13:06:46.875119218+00:00,3248,Value 8
688,0,Take in charge ticket,2012-11-30 13:06:46.875119218+00:00,2012-11-30 13:06:46.875119218+00:00,3249,Value 2
688,6,Resolve ticket,2012-11-30 13:06:46.875119218+00:00,2012-11-30 13:06:46.875119218+00:00,3250,Value 10
688,6,Resolve ticket,2012-11-30 13:06:46.875119218+00:00,2012-11-30 13:06:46.875119218+00:00,3251,Value 10
688,5,Closed,2012-11-30 13:06:46.875119218+00:00,2012-11-30 13:06:46.875119218+00:00,3252,Value 5
689,14,Assign seriousness,2012-11-30 13:16:06.592247101+00:00,2012-11-30 13:16:06.592247101+00:00,3253,Value 8
689,7,Take in charge ticket,2012-11-30 13:16:06.592247101+00:00,2012-11-30 13:16:06.592247101+00:00,3254,Value 12
689,7,Resolve ticket,2012-11-30 13:16:06.592247101+00:00,2012-11-30 13:16:06.592247101+00:00,3255,Value 12
689,5,Closed,2012-11-30 13:16:06.592247101+00:00,2012-11-30 13:16:06.592247101+00:00,3256,Value 5
690,5,Assign seriousness,2012-12-01 13:17:27+00:00,2012-12-01 13:17:27+00:00,3257,Value 5
690,0,Take in charge ticket,2012-12-03 03:00:00+00:00,2012-12-03 03:00:00+00:00,3259,Value 2
690,0,Wait,2012-12-03 03:00:00+00:00,2012-12-03 03:00:00+00:00,3260,Value 2
690,0,Resolve ticket,2012-12-03 03:00:00+00:00,2012-12-03 03:00:00+00:00,3261,Value 2
690,5,Closed,2012-12-03 06:00:00+00:00,2012-12-03 06:00:00+00:00,3262,Value 5
691,14,Assign seriousness,2012-12-03 04:00:49+00:00,2012-12-03 04:00:49+00:00,3263,Value 8
691,14,Assign seriousness,2012-12-03 04:00:49+00:00,2012-12-03 04:00:49+00:00,3264,Value 8
691,14,Take in charge ticket,2012-12-03 04:00:49+00:00,2012-12-03 04:00:49+00:00,3265,Value 8
691,14,Resolve ticket,2012-12-03 04:00:49+00:00,2012-12-03 04:00:49+00:00,3266,Value 8
692,14,Assign seriousness,2012-12-03 05:35:37.526787650+00:00,2012-12-03 05:35:37.526787650+00:00,3268,Value 8
691,5,Closed,2012-12-03 06:00:00+00:00,2012-12-03 06:00:00+00:00,3269,Value 5
692,14,Take in charge ticket,2012-12-03 05:35:37.526787650+00:00,2012-12-03 05:35:37.526787650+00:00,3270,Value 8
692,11,Wait,2012-12-03 05:35:37.526787650+00:00,2012-12-03 05:35:37.526787650+00:00,3271,Value 9
692,11,Take in charge ticket,2012-12-03 05:35:37.526787650+00:00,2012-12-03 05:35:37.526787650+00:00,3272,Value 9
692,11,Wait,2012-12-03 05:35:37.526787650+00:00,2012-12-03 05:35:37.526787650+00:00,3273,Value 9
692,11,Take in charge ticket,2012-12-03 05:35:37.526787650+00:00,2012-12-03 05:35:37.526787650+00:00,3274,Value 9
692,11,Resolve ticket,2012-12-03 05:35:37.526787650+00:00,2012-12-03 05:35:37.526787650+00:00,3275,Value 9
692,5,Closed,2012-12-03 06:00:00+00:00,2012-12-03 06:00:00+00:00,3276,Value 5
693,14,Assign seriousness,2012-12-03 07:06:36.239142363+00:00,2012-12-03 07:06:36.239142363+00:00,3277,Value 8
693,14,Take in charge ticket,2012-12-03 07:06:36.239142363+00:00,2012-12-03 07:06:36.239142363+00:00,3278,Value 8
693,14,Resolve ticket,2012-12-03 07:06:36.239142363+00:00,2012-12-03 07:06:36.239142363+00:00,3279,Value 8
693,5,Closed,2012-12-03 07:06:36.239142363+00:00,2012-12-03 07:06:36.239142363+00:00,3280,Value 5
694,14,Assign seriousness,2012-12-03 12:15:51.500075073+00:00,2012-12-03 12:15:51.500075073+00:00,3281,Value 8
694,14,Take in charge ticket,2012-12-03 12:15:51.500075073+00:00,2012-12-03 12:15:51.500075073+00:00,3282,Value 8
694,11,Take in charge ticket,2012-12-03 12:15:51.500075073+00:00,2012-12-03 12:15:51.500075073+00:00,3283,Value 9
694,17,Resolve ticket,2012-12-03 12:15:51.500075073+00:00,2012-12-03 12:15:51.500075073+00:00,3284,Value 1
694,5,Closed,2012-12-03 12:15:51.500075073+00:00,2012-12-03 12:15:51.500075073+00:00,3285,Value 5
695,14,Assign seriousness,2012-12-04 04:00:00+00:00,2012-12-04 04:00:00+00:00,3288,Value 8
696,14,Assign seriousness,2012-12-04 04:00:00+00:00,2012-12-04 04:00:00+00:00,3289,Value 8
695,14,Take in charge ticket,2012-12-04 04:00:00+00:00,2012-12-04 04:00:00+00:00,3290,Value 8
696,14,Take in charge ticket,2012-12-04 04:00:00+00:00,2012-12-04 04:00:00+00:00,3291,Value 8
695,11,Resolve ticket,2012-12-04 04:00:00+00:00,2012-12-04 04:00:00+00:00,3292,Value 9
696,14,Resolve ticket,2012-12-04 04:00:00+00:00,2012-12-04 04:00:00+00:00,3293,Value 8
695,5,Closed,2012-12-04 04:00:00+00:00,2012-12-04 04:00:00+00:00,3294,Value 5
696,5,Closed,2012-12-04 04:00:00+00:00,2012-12-04 04:00:00+00:00,3295,Value 5
697,14,Assign seriousness,2012-12-04 04:49:33.563371050+00:00,2012-12-04 04:49:33.563371050+00:00,3296,Value 8
697,0,Assign seriousness,2012-12-04 04:49:33.563371050+00:00,2012-12-04 04:49:33.563371050+00:00,3297,Value 2
697,0,Take in charge ticket,2012-12-04 04:49:33.563371050+00:00,2012-12-04 04:49:33.563371050+00:00,3298,Value 2
697,0,Resolve ticket,2012-12-04 04:49:33.563371050+00:00,2012-12-04 04:49:33.563371050+00:00,3299,Value 2
697,5,Closed,2012-12-04 04:49:33.563371050+00:00,2012-12-04 04:49:33.563371050+00:00,3300,Value 5
698,14,Assign seriousness,2012-12-04 05:01:38.419003439+00:00,2012-12-04 05:01:38.419003439+00:00,3301,Value 8
698,0,Take in charge ticket,2012-12-04 05:01:38.419003439+00:00,2012-12-04 05:01:38.419003439+00:00,3302,Value 2
698,0,Resolve ticket,2012-12-04 05:01:38.419003439+00:00,2012-12-04 05:01:38.419003439+00:00,3303,Value 2
698,5,Closed,2012-12-04 05:01:38.419003439+00:00,2012-12-04 05:01:38.419003439+00:00,3304,Value 5
699,14,Assign seriousness,2012-12-04 05:06:41.167419052+00:00,2012-12-04 05:06:41.167419052+00:00,3305,Value 8
699,14,Take in charge ticket,2012-12-04 05:06:41.167419052+00:00,2012-12-04 05:06:41.167419052+00:00,3306,Value 8
699,2,Resolve ticket,2012-12-04 05:06:41.167419052+00:00,2012-12-04 05:06:41.167419052+00:00,3307,Value 11
699,5,Closed,2012-12-04 05:06:41.167419052+00:00,2012-12-04 05:06:41.167419052+00:00,3308,Value 5
700,14,Assign seriousness,2012-12-04 06:03:36.149845139+00:00,2012-12-04 06:03:36.149845139+00:00,3309,Value 8
700,14,Assign seriousness,2012-12-04 06:03:36.149845139+00:00,2012-12-04 06:03:36.149845139+00:00,3310,Value 8
700,14,Take in charge ticket,2012-12-04 06:03:36.149845139+00:00,2012-12-04 06:03:36.149845139+00:00,3311,Value 8
700,14,Resolve ticket,2012-12-04 06:03:36.149845139+00:00,2012-12-04 06:03:36.149845139+00:00,3312,Value 8
700,5,Closed,2012-12-04 06:03:36.149845139+00:00,2012-12-04 06:03:36.149845139+00:00,3313,Value 5
701,14,Assign seriousness,2012-12-04 06:24:51.109384139+00:00,2012-12-04 06:24:51.109384139+00:00,3314,Value 8
701,14,Take in charge ticket,2012-12-04 06:24:51.109384139+00:00,2012-12-04 06:24:51.109384139+00:00,3315,Value 8
701,14,Resolve ticket,2012-12-04 06:24:51.109384139+00:00,2012-12-04 06:24:51.109384139+00:00,3316,Value 8
701,5,Closed,2012-12-04 06:24:51.109384139+00:00,2012-12-04 06:24:51.109384139+00:00,3317,Value 5
702,14,Assign seriousness,2012-12-04 06:25:29.785704183+00:00,2012-12-04 06:25:29.785704183+00:00,3318,Value 8
702,8,Take in charge ticket,2012-12-04 06:25:29.785704183+00:00,2012-12-04 06:25:29.785704183+00:00,3319,Value 6
702,8,Resolve ticket,2012-12-04 06:25:29.785704183+00:00,2012-12-04 06:25:29.785704183+00:00,3320,Value 6
702,5,Closed,2012-12-04 06:25:29.785704183+00:00,2012-12-04 06:25:29.785704183+00:00,3321,Value 5
703,14,Assign seriousness,2012-12-04 07:14:36.860498971+00:00,2012-12-04 07:14:36.860498971+00:00,3322,Value 8
703,0,Assign seriousness,2012-12-04 07:14:36.860498971+00:00,2012-12-04 07:14:36.860498971+00:00,3323,Value 2
703,0,Take in charge ticket,2012-12-04 07:14:36.860498971+00:00,2012-12-04 07:14:36.860498971+00:00,3324,Value 2
703,0,Resolve ticket,2012-12-04 07:14:36.860498971+00:00,2012-12-04 07:14:36.860498971+00:00,3325,Value 2
703,5,Closed,2012-12-04 07:14:36.860498971+00:00,2012-12-04 07:14:36.860498971+00:00,3326,Value 5
704,14,Assign seriousness,2012-12-04 08:47:13.447156133+00:00,2012-12-04 08:47:13.447156133+00:00,3327,Value 8
704,14,Assign seriousness,2012-12-04 08:47:13.447156133+00:00,2012-12-04 08:47:13.447156133+00:00,3328,Value 8
704,14,Take in charge ticket,2012-12-04 08:47:13.447156133+00:00,2012-12-04 08:47:13.447156133+00:00,3329,Value 8
704,14,Resolve ticket,2012-12-04 08:47:13.447156133+00:00,2012-12-04 08:47:13.447156133+00:00,3330,Value 8
704,5,Closed,2012-12-04 08:47:13.447156133+00:00,2012-12-04 08:47:13.447156133+00:00,3331,Value 5
705,14,Assign seriousness,2012-12-04 08:51:28.081361245+00:00,2012-12-04 08:51:28.081361245+00:00,3332,Value 8
705,14,Take in charge ticket,2012-12-04 08:51:28.081361245+00:00,2012-12-04 08:51:28.081361245+00:00,3333,Value 8
705,14,Resolve ticket,2012-12-04 08:51:28.081361245+00:00,2012-12-04 08:51:28.081361245+00:00,3334,Value 8
705,0,Resolve ticket,2012-12-04 08:51:28.081361245+00:00,2012-12-04 08:51:28.081361245+00:00,3335,Value 2
705,5,Closed,2012-12-04 08:51:28.081361245+00:00,2012-12-04 08:51:28.081361245+00:00,3336,Value 5
706,14,Assign seriousness,2012-12-04 08:54:36.522580203+00:00,2012-12-04 08:54:36.522580203+00:00,3337,Value 8
706,9,Take in charge ticket,2012-12-04 08:54:36.522580203+00:00,2012-12-04 08:54:36.522580203+00:00,3338,Value 14
706,9,Wait,2012-12-04 08:54:36.522580203+00:00,2012-12-04 08:54:36.522580203+00:00,3339,Value 14
706,9,Resolve ticket,2012-12-04 08:54:36.522580203+00:00,2012-12-04 08:54:36.522580203+00:00,3340,Value 14
706,9,Take in charge ticket,2012-12-04 08:54:36.522580203+00:00,2012-12-04 08:54:36.522580203+00:00,3341,Value 14
706,9,Resolve ticket,2012-12-04 08:54:36.522580203+00:00,2012-12-04 08:54:36.522580203+00:00,3342,Value 14
706,9,Take in charge ticket,2012-12-04 08:54:36.522580203+00:00,2012-12-04 08:54:36.522580203+00:00,3343,Value 14
706,9,Create SW anomaly,2012-12-04 08:54:36.522580203+00:00,2012-12-04 08:54:36.522580203+00:00,3344,Value 14
706,9,Resolve ticket,2012-12-04 08:54:36.522580203+00:00,2012-12-04 08:54:36.522580203+00:00,3345,Value 14
706,5,Closed,2012-12-04 08:54:36.522580203+00:00,2012-12-04 08:54:36.522580203+00:00,3346,Value 5
707,14,Assign seriousness,2012-12-04 09:16:12.235670467+00:00,2012-12-04 09:16:12.235670467+00:00,3347,Value 8
707,8,Take in charge ticket,2012-12-04 09:16:12.235670467+00:00,2012-12-04 09:16:12.235670467+00:00,3348,Value 6
707,3,Wait,2012-12-04 09:16:12.235670467+00:00,2012-12-04 09:16:12.235670467+00:00,3349,Value 16
707,3,Take in charge ticket,2012-12-04 09:16:12.235670467+00:00,2012-12-04 09:16:12.235670467+00:00,3350,Value 16
707,3,Resolve ticket,2012-12-04 09:16:12.235670467+00:00,2012-12-04 09:16:12.235670467+00:00,3351,Value 16
707,5,Closed,2012-12-04 09:16:12.235670467+00:00,2012-12-04 09:16:12.235670467+00:00,3352,Value 5
708,14,Insert ticket,2012-12-04 09:46:33.855580309+00:00,2012-12-04 09:46:33.855580309+00:00,3353,Value 8
708,14,Assign seriousness,2012-12-04 09:46:33.855580309+00:00,2012-12-04 09:46:33.855580309+00:00,3354,Value 8
708,0,Assign seriousness,2012-12-04 09:46:33.855580309+00:00,2012-12-04 09:46:33.855580309+00:00,3355,Value 2
708,0,Take in charge ticket,2012-12-04 09:46:33.855580309+00:00,2012-12-04 09:46:33.855580309+00:00,3356,Value 2
708,0,Resolve ticket,2012-12-04 09:46:33.855580309+00:00,2012-12-04 09:46:33.855580309+00:00,3357,Value 2
708,5,Closed,2012-12-04 09:46:33.855580309+00:00,2012-12-04 09:46:33.855580309+00:00,3358,Value 5
709,14,Assign seriousness,2012-12-04 10:54:33.526255134+00:00,2012-12-04 10:54:33.526255134+00:00,3359,Value 8
709,14,Take in charge ticket,2012-12-04 10:54:33.526255134+00:00,2012-12-04 10:54:33.526255134+00:00,3360,Value 8
709,0,Resolve ticket,2012-12-04 10:54:33.526255134+00:00,2012-12-04 10:54:33.526255134+00:00,3361,Value 2
709,5,Closed,2012-12-04 10:54:33.526255134+00:00,2012-12-04 10:54:33.526255134+00:00,3362,Value 5
710,14,Assign seriousness,2012-12-04 15:03:30.428987946+00:00,2012-12-04 15:03:30.428987946+00:00,3363,Value 8
710,15,Take in charge ticket,2012-12-04 15:03:30.428987946+00:00,2012-12-04 15:03:30.428987946+00:00,3364,Value 13
710,15,Resolve ticket,2012-12-04 15:03:30.428987946+00:00,2012-12-04 15:03:30.428987946+00:00,3365,Value 13
710,5,Closed,2012-12-04 15:03:30.428987946+00:00,2012-12-04 15:03:30.428987946+00:00,3366,Value 5
711,17,Assign seriousness,2012-12-05 04:01:43+00:00,2012-12-05 04:01:43+00:00,3367,Value 1
711,18,Take in charge ticket,2012-12-05 04:01:43+00:00,2012-12-05 04:01:43+00:00,3368,Value 4
711,18,Resolve ticket,2012-12-05 04:01:43+00:00,2012-12-05 04:01:43+00:00,3369,Value 4
711,5,Closed,2012-12-05 04:01:43+00:00,2012-12-05 04:01:43+00:00,3370,Value 5
712,17,Assign seriousness,2012-12-05 04:14:34.699474516+00:00,2012-12-05 04:14:34.699474516+00:00,3371,Value 1
712,11,Take in charge ticket,2012-12-05 04:14:34.699474516+00:00,2012-12-05 04:14:34.699474516+00:00,3372,Value 9
712,11,Resolve ticket,2012-12-05 04:14:34.699474516+00:00,2012-12-05 04:14:34.699474516+00:00,3373,Value 9
712,11,Take in charge ticket,2012-12-05 04:14:34.699474516+00:00,2012-12-05 04:14:34.699474516+00:00,3374,Value 9
712,11,Resolve ticket,2012-12-05 04:14:34.699474516+00:00,2012-12-05 04:14:34.699474516+00:00,3375,Value 9
712,5,Closed,2012-12-05 04:14:34.699474516+00:00,2012-12-05 04:14:34.699474516+00:00,3376,Value 5
713,17,Insert ticket,2012-12-05 13:11:01.139043728+00:00,2012-12-05 13:11:01.139043728+00:00,3377,Value 1
713,17,Assign seriousness,2012-12-05 13:11:01.139043728+00:00,2012-12-05 13:11:01.139043728+00:00,3378,Value 1
713,0,Take in charge ticket,2012-12-05 13:11:01.139043728+00:00,2012-12-05 13:11:01.139043728+00:00,3379,Value 2
713,0,Resolve ticket,2012-12-05 13:11:01.139043728+00:00,2012-12-05 13:11:01.139043728+00:00,3380,Value 2
713,0,Take in charge ticket,2012-12-05 13:11:01.139043728+00:00,2012-12-05 13:11:01.139043728+00:00,3381,Value 2
713,11,Wait,2012-12-05 13:11:01.139043728+00:00,2012-12-05 13:11:01.139043728+00:00,3382,Value 9
713,11,Take in charge ticket,2012-12-05 13:11:01.139043728+00:00,2012-12-05 13:11:01.139043728+00:00,3383,Value 9
713,11,Resolve ticket,2012-12-05 13:11:01.139043728+00:00,2012-12-05 13:11:01.139043728+00:00,3384,Value 9
713,5,Closed,2012-12-05 13:11:01.139043728+00:00,2012-12-05 13:11:01.139043728+00:00,3385,Value 5
714,17,Assign seriousness,2012-12-05 13:16:36.393527468+00:00,2012-12-05 13:16:36.393527468+00:00,3386,Value 1
714,17,Take in charge ticket,2012-12-05 13:16:36.393527468+00:00,2012-12-05 13:16:36.393527468+00:00,3387,Value 1
714,17,Wait,2012-12-05 13:16:36.393527468+00:00,2012-12-05 13:16:36.393527468+00:00,3388,Value 1
714,15,Take in charge ticket,2012-12-05 13:16:36.393527468+00:00,2012-12-05 13:16:36.393527468+00:00,3389,Value 13
714,15,Resolve ticket,2012-12-05 13:16:36.393527468+00:00,2012-12-05 13:16:36.393527468+00:00,3390,Value 13
714,5,Closed,2012-12-05 13:16:36.393527468+00:00,2012-12-05 13:16:36.393527468+00:00,3391,Value 5
715,17,Assign seriousness,2012-12-05 14:53:30.077576840+00:00,2012-12-05 14:53:30.077576840+00:00,3392,Value 1
715,8,Take in charge ticket,2012-12-05 14:53:30.077576840+00:00,2012-12-05 14:53:30.077576840+00:00,3393,Value 6
715,8,Resolve ticket,2012-12-05 14:53:30.077576840+00:00,2012-12-05 14:53:30.077576840+00:00,3394,Value 6
715,5,Closed,2012-12-05 14:53:30.077576840+00:00,2012-12-05 14:53:30.077576840+00:00,3395,Value 5
716,17,Assign seriousness,2012-12-05 15:23:39.429396225+00:00,2012-12-05 15:23:39.429396225+00:00,3396,Value 1
716,3,Resolve ticket,2012-12-05 15:23:39.429396225+00:00,2012-12-05 15:23:39.429396225+00:00,3397,Value 16
716,5,Closed,2012-12-05 15:23:39.429396225+00:00,2012-12-05 15:23:39.429396225+00:00,3398,Value 5
717,2,Assign seriousness,2012-12-06 04:02:16+00:00,2012-12-06 04:02:16+00:00,3399,Value 11
717,2,Take in charge ticket,2012-12-06 04:02:16+00:00,2012-12-06 04:02:16+00:00,3400,Value 11
717,2,Resolve ticket,2012-12-06 04:02:16+00:00,2012-12-06 04:02:16+00:00,3401,Value 11
717,5,Closed,2012-12-06 04:02:16+00:00,2012-12-06 04:02:16+00:00,3402,Value 5
718,2,Assign seriousness,2012-12-06 04:49:29.487486071+00:00,2012-12-06 04:49:29.487486071+00:00,3403,Value 11
718,2,Take in charge ticket,2012-12-06 04:49:29.487486071+00:00,2012-12-06 04:49:29.487486071+00:00,3404,Value 11
718,2,Resolve ticket,2012-12-06 04:49:29.487486071+00:00,2012-12-06 04:49:29.487486071+00:00,3405,Value 11
718,5,Closed,2012-12-06 04:49:29.487486071+00:00,2012-12-06 04:49:29.487486071+00:00,3406,Value 5
719,2,Assign seriousness,2012-12-06 05:32:20.652685023+00:00,2012-12-06 05:32:20.652685023+00:00,3407,Value 11
719,2,Take in charge ticket,2012-12-06 05:32:20.652685023+00:00,2012-12-06 05:32:20.652685023+00:00,3408,Value 11
719,2,Resolve ticket,2012-12-06 05:32:20.652685023+00:00,2012-12-06 05:32:20.652685023+00:00,3409,Value 11
719,5,Closed,2012-12-06 05:32:20.652685023+00:00,2012-12-06 05:32:20.652685023+00:00,3410,Value 5
720,2,Assign seriousness,2012-12-06 06:33:49.653287191+00:00,2012-12-06 06:33:49.653287191+00:00,3411,Value 11
720,2,Take in charge ticket,2012-12-06 06:33:49.653287191+00:00,2012-12-06 06:33:49.653287191+00:00,3412,Value 11
720,2,Resolve ticket,2012-12-06 06:33:49.653287191+00:00,2012-12-06 06:33:49.653287191+00:00,3413,Value 11
720,5,Closed,2012-12-06 06:33:49.653287191+00:00,2012-12-06 06:33:49.653287191+00:00,3414,Value 5
721,2,Assign seriousness,2012-12-06 07:05:30.780537495+00:00,2012-12-06 07:05:30.780537495+00:00,3415,Value 11
721,0,Assign seriousness,2012-12-06 07:05:30.780537495+00:00,2012-12-06 07:05:30.780537495+00:00,3416,Value 2
721,0,Take in charge ticket,2012-12-06 07:05:30.780537495+00:00,2012-12-06 07:05:30.780537495+00:00,3417,Value 2
721,0,Resolve ticket,2012-12-06 07:05:30.780537495+00:00,2012-12-06 07:05:30.780537495+00:00,3418,Value 2
721,0,Take in charge ticket,2012-12-06 07:05:30.780537495+00:00,2012-12-06 07:05:30.780537495+00:00,3419,Value 2
721,7,Wait,2012-12-06 07:05:30.780537495+00:00,2012-12-06 07:05:30.780537495+00:00,3420,Value 12
721,7,Take in charge ticket,2012-12-06 07:05:30.780537495+00:00,2012-12-06 07:05:30.780537495+00:00,3421,Value 12
721,7,Resolve ticket,2012-12-06 07:05:30.780537495+00:00,2012-12-06 07:05:30.780537495+00:00,3422,Value 12
721,5,Closed,2012-12-06 07:05:30.780537495+00:00,2012-12-06 07:05:30.780537495+00:00,3423,Value 5
722,2,Assign seriousness,2012-12-06 07:17:07.582946020+00:00,2012-12-06 07:17:07.582946020+00:00,3424,Value 11
722,2,Take in charge ticket,2012-12-06 07:17:07.582946020+00:00,2012-12-06 07:17:07.582946020+00:00,3425,Value 11
722,2,Wait,2012-12-06 07:17:07.582946020+00:00,2012-12-06 07:17:07.582946020+00:00,3426,Value 11
722,0,Take in charge ticket,2012-12-06 07:17:07.582946020+00:00,2012-12-06 07:17:07.582946020+00:00,3427,Value 2
722,0,Resolve ticket,2012-12-06 07:17:07.582946020+00:00,2012-12-06 07:17:07.582946020+00:00,3428,Value 2
722,5,Closed,2012-12-06 07:17:07.582946020+00:00,2012-12-06 07:17:07.582946020+00:00,3429,Value 5
723,2,Assign seriousness,2012-12-06 07:24:02.996406508+00:00,2012-12-06 07:24:02.996406508+00:00,3430,Value 11
723,2,Take in charge ticket,2012-12-06 07:24:02.996406508+00:00,2012-12-06 07:24:02.996406508+00:00,3431,Value 11
723,2,Resolve ticket,2012-12-06 07:24:02.996406508+00:00,2012-12-06 07:24:02.996406508+00:00,3432,Value 11
723,5,Closed,2012-12-06 07:24:02.996406508+00:00,2012-12-06 07:24:02.996406508+00:00,3433,Value 5
724,2,Assign seriousness,2012-12-06 07:54:38.121649222+00:00,2012-12-06 07:54:38.121649222+00:00,3434,Value 11
724,2,Take in charge ticket,2012-12-06 07:54:38.121649222+00:00,2012-12-06 07:54:38.121649222+00:00,3435,Value 11
724,2,Resolve ticket,2012-12-06 07:54:38.121649222+00:00,2012-12-06 07:54:38.121649222+00:00,3436,Value 11
724,5,Closed,2012-12-06 07:54:38.121649222+00:00,2012-12-06 07:54:38.121649222+00:00,3437,Value 5
725,2,Assign seriousness,2012-12-06 09:41:13.007836179+00:00,2012-12-06 09:41:13.007836179+00:00,3438,Value 11
725,2,Take in charge ticket,2012-12-06 09:41:13.007836179+00:00,2012-12-06 09:41:13.007836179+00:00,3439,Value 11
725,2,Resolve ticket,2012-12-06 09:41:13.007836179+00:00,2012-12-06 09:41:13.007836179+00:00,3440,Value 11
725,5,Closed,2012-12-06 09:41:13.007836179+00:00,2012-12-06 09:41:13.007836179+00:00,3441,Value 5
726,2,Assign seriousness,2012-12-06 09:52:29.042143604+00:00,2012-12-06 09:52:29.042143604+00:00,3442,Value 11
726,2,Take in charge ticket,2012-12-06 09:52:29.042143604+00:00,2012-12-06 09:52:29.042143604+00:00,3443,Value 11
726,2,Wait,2012-12-06 09:52:29.042143604+00:00,2012-12-06 09:52:29.042143604+00:00,3444,Value 11
726,0,Wait,2012-12-06 09:52:29.042143604+00:00,2012-12-06 09:52:29.042143604+00:00,3445,Value 2
726,0,Take in charge ticket,2012-12-06 09:52:29.042143604+00:00,2012-12-06 09:52:29.042143604+00:00,3446,Value 2
726,0,Resolve ticket,2012-12-06 09:52:29.042143604+00:00,2012-12-06 09:52:29.042143604+00:00,3447,Value 2
726,5,Closed,2012-12-06 09:52:29.042143604+00:00,2012-12-06 09:52:29.042143604+00:00,3448,Value 5
727,2,Assign seriousness,2012-12-06 15:32:01.653282658+00:00,2012-12-06 15:32:01.653282658+00:00,3449,Value 11
727,2,Take in charge ticket,2012-12-06 15:32:01.653282658+00:00,2012-12-06 15:32:01.653282658+00:00,3450,Value 11
727,2,Resolve ticket,2012-12-06 15:32:01.653282658+00:00,2012-12-06 15:32:01.653282658+00:00,3451,Value 11
727,0,Resolve ticket,2012-12-06 15:32:01.653282658+00:00,2012-12-06 15:32:01.653282658+00:00,3452,Value 2
727,5,Closed,2012-12-06 15:32:01.653282658+00:00,2012-12-06 15:32:01.653282658+00:00,3453,Value 5
728,10,Assign seriousness,2012-12-07 04:00:00+00:00,2012-12-07 04:00:00+00:00,3456,Value 19
729,13,Take in charge ticket,2012-12-07 04:00:00+00:00,2012-12-07 04:00:00+00:00,3458,Value 17
728,0,Take in charge ticket,2012-12-07 04:00:00+00:00,2012-12-07 04:00:00+00:00,3459,Value 2
730,10,Assign seriousness,2012-12-07 04:00:00+00:00,2012-12-07 04:00:00+00:00,3460,Value 19
729,13,Resolve ticket,2012-12-07 04:00:00+00:00,2012-12-07 04:00:00+00:00,3461,Value 17
728,0,Wait,2012-12-07 04:00:00+00:00,2012-12-07 04:00:00+00:00,3462,Value 2
730,10,Take in charge ticket,2012-12-07 04:00:00+00:00,2012-12-07 04:00:00+00:00,3463,Value 19
729,5,Closed,2012-12-07 04:00:00+00:00,2012-12-07 04:00:00+00:00,3464,Value 5
728,12,Take in charge ticket,2012-12-07 04:00:00+00:00,2012-12-07 04:00:00+00:00,3465,Value 7
730,10,Resolve ticket,2012-12-07 04:00:00+00:00,2012-12-07 04:00:00+00:00,3466,Value 19
730,10,Take in charge ticket,2012-12-07 04:00:00+00:00,2012-12-07 04:00:00+00:00,3467,Value 19
728,12,Resolve ticket,2012-12-07 04:00:00+00:00,2012-12-07 04:00:00+00:00,3468,Value 7
730,10,Wait,2012-12-07 04:00:00+00:00,2012-12-07 04:00:00+00:00,3469,Value 19
728,5,Closed,2012-12-07 04:00:00+00:00,2012-12-07 04:00:00+00:00,3470,Value 5
730,10,Take in charge ticket,2012-12-07 04:00:00+00:00,2012-12-07 04:00:00+00:00,3471,Value 19
730,10,Resolve ticket,2012-12-07 04:00:00+00:00,2012-12-07 04:00:00+00:00,3472,Value 19
730,5,Closed,2012-12-07 04:00:00+00:00,2012-12-07 04:00:00+00:00,3473,Value 5
731,10,Assign seriousness,2012-12-07 04:10:31.451132642+00:00,2012-12-07 04:10:31.451132642+00:00,3474,Value 19
731,7,Take in charge ticket,2012-12-07 04:10:31.451132642+00:00,2012-12-07 04:10:31.451132642+00:00,3475,Value 12
731,7,Resolve ticket,2012-12-07 04:10:31.451132642+00:00,2012-12-07 04:10:31.451132642+00:00,3476,Value 12
731,5,Closed,2012-12-07 04:10:31.451132642+00:00,2012-12-07 04:10:31.451132642+00:00,3477,Value 5
732,10,Assign seriousness,2012-12-07 06:12:59.015350900+00:00,2012-12-07 06:12:59.015350900+00:00,3478,Value 19
732,0,Take in charge ticket,2012-12-07 06:12:59.015350900+00:00,2012-12-07 06:12:59.015350900+00:00,3479,Value 2
732,0,Resolve ticket,2012-12-07 06:12:59.015350900+00:00,2012-12-07 06:12:59.015350900+00:00,3480,Value 2
732,5,Closed,2012-12-07 06:12:59.015350900+00:00,2012-12-07 06:12:59.015350900+00:00,3481,Value 5
733,10,Assign seriousness,2012-12-07 06:18:11.525053656+00:00,2012-12-07 06:18:11.525053656+00:00,3482,Value 19
733,10,Wait,2012-12-07 06:18:11.525053656+00:00,2012-12-07 06:18:11.525053656+00:00,3483,Value 19
733,10,Take in charge ticket,2012-12-07 06:18:11.525053656+00:00,2012-12-07 06:18:11.525053656+00:00,3484,Value 19
733,10,Resolve ticket,2012-12-07 06:18:11.525053656+00:00,2012-12-07 06:18:11.525053656+00:00,3485,Value 19
733,5,Closed,2012-12-07 06:18:11.525053656+00:00,2012-12-07 06:18:11.525053656+00:00,3486,Value 5
734,10,Assign seriousness,2012-12-07 07:17:16.834837390+00:00,2012-12-07 07:17:16.834837390+00:00,3487,Value 19
734,9,Take in charge ticket,2012-12-07 07:17:16.834837390+00:00,2012-12-07 07:17:16.834837390+00:00,3488,Value 14
734,7,Wait,2012-12-07 07:17:16.834837390+00:00,2012-12-07 07:17:16.834837390+00:00,3489,Value 12
734,7,Resolve ticket,2012-12-07 07:17:16.834837390+00:00,2012-12-07 07:17:16.834837390+00:00,3490,Value 12
734,5,Closed,2012-12-07 07:17:16.834837390+00:00,2012-12-07 07:17:16.834837390+00:00,3491,Value 5
735,10,Assign seriousness,2012-12-07 07:29:38.004481296+00:00,2012-12-07 07:29:38.004481296+00:00,3492,Value 19
735,10,Take in charge ticket,2012-12-07 07:29:38.004481296+00:00,2012-12-07 07:29:38.004481296+00:00,3493,Value 19
735,10,Resolve ticket,2012-12-07 07:29:38.004481296+00:00,2012-12-07 07:29:38.004481296+00:00,3494,Value 19
735,10,Take in charge ticket,2012-12-07 07:29:38.004481296+00:00,2012-12-07 07:29:38.004481296+00:00,3495,Value 19
735,10,Wait,2012-12-07 07:29:38.004481296+00:00,2012-12-07 07:29:38.004481296+00:00,3496,Value 19
735,10,Take in charge ticket,2012-12-07 07:29:38.004481296+00:00,2012-12-07 07:29:38.004481296+00:00,3497,Value 19
735,10,Resolve ticket,2012-12-07 07:29:38.004481296+00:00,2012-12-07 07:29:38.004481296+00:00,3498,Value 19
735,5,Closed,2012-12-07 07:29:38.004481296+00:00,2012-12-07 07:29:38.004481296+00:00,3499,Value 5
736,10,Assign seriousness,2012-12-07 07:31:10.263300123+00:00,2012-12-07 07:31:10.263300123+00:00,3500,Value 19
736,0,Take in charge ticket,2012-12-07 07:31:10.263300123+00:00,2012-12-07 07:31:10.263300123+00:00,3501,Value 2
736,0,Wait,2012-12-07 07:31:10.263300123+00:00,2012-12-07 07:31:10.263300123+00:00,3502,Value 2
736,1,Take in charge ticket,2012-12-07 07:31:10.263300123+00:00,2012-12-07 07:31:10.263300123+00:00,3503,Value 15
736,1,Resolve ticket,2012-12-07 07:31:10.263300123+00:00,2012-12-07 07:31:10.263300123+00:00,3504,Value 15
736,5,Closed,2012-12-07 07:31:10.263300123+00:00,2012-12-07 07:31:10.263300123+00:00,3505,Value 5
737,5,Assign seriousness,2012-12-08 13:17:27+00:00,2012-12-08 13:17:27+00:00,3506,Value 5
737,0,Take in charge ticket,2012-12-10 03:00:00+00:00,2012-12-10 03:00:00+00:00,3508,Value 2
737,15,Wait,2012-12-10 03:00:00+00:00,2012-12-10 03:00:00+00:00,3509,Value 13
737,15,Take in charge ticket,2012-12-10 03:00:00+00:00,2012-12-10 03:00:00+00:00,3510,Value 13
737,15,Resolve ticket,2012-12-10 03:00:00+00:00,2012-12-10 03:00:00+00:00,3511,Value 13
737,14,Take in charge ticket,2012-12-10 03:00:00+00:00,2012-12-10 03:00:00+00:00,3512,Value 8
737,14,Resolve ticket,2012-12-10 03:00:00+00:00,2012-12-10 03:00:00+00:00,3513,Value 8
738,10,Assign seriousness,2012-12-10 04:00:49+00:00,2012-12-10 04:00:49+00:00,3515,Value 19
737,5,Closed,2012-12-10 06:00:00+00:00,2012-12-10 06:00:00+00:00,3516,Value 5
738,10,Take in charge ticket,2012-12-10 04:00:49+00:00,2012-12-10 04:00:49+00:00,3517,Value 19
738,10,Wait,2012-12-10 04:00:49+00:00,2012-12-10 04:00:49+00:00,3518,Value 19
738,10,Take in charge ticket,2012-12-10 04:00:49+00:00,2012-12-10 04:00:49+00:00,3519,Value 19
738,10,Resolve ticket,2012-12-10 04:00:49+00:00,2012-12-10 04:00:49+00:00,3520,Value 19
738,5,Closed,2012-12-10 06:00:00+00:00,2012-12-10 06:00:00+00:00,3522,Value 5
739,10,Assign seriousness,2012-12-10 06:57:28.156754955+00:00,2012-12-10 06:57:28.156754955+00:00,3523,Value 19
739,8,Take in charge ticket,2012-12-10 06:57:28.156754955+00:00,2012-12-10 06:57:28.156754955+00:00,3524,Value 6
739,8,Resolve ticket,2012-12-10 06:57:28.156754955+00:00,2012-12-10 06:57:28.156754955+00:00,3525,Value 6
739,5,Closed,2012-12-10 06:57:28.156754955+00:00,2012-12-10 06:57:28.156754955+00:00,3526,Value 5
740,10,Assign seriousness,2012-12-10 07:36:12.356347547+00:00,2012-12-10 07:36:12.356347547+00:00,3527,Value 19
740,7,Take in charge ticket,2012-12-10 07:36:12.356347547+00:00,2012-12-10 07:36:12.356347547+00:00,3528,Value 12
740,7,Resolve ticket,2012-12-10 07:36:12.356347547+00:00,2012-12-10 07:36:12.356347547+00:00,3529,Value 12
740,5,Closed,2012-12-10 07:36:12.356347547+00:00,2012-12-10 07:36:12.356347547+00:00,3530,Value 5
741,10,Assign seriousness,2012-12-10 07:46:58.925575660+00:00,2012-12-10 07:46:58.925575660+00:00,3531,Value 19
741,10,Take in charge ticket,2012-12-10 07:46:58.925575660+00:00,2012-12-10 07:46:58.925575660+00:00,3532,Value 19
741,10,Resolve ticket,2012-12-10 07:46:58.925575660+00:00,2012-12-10 07:46:58.925575660+00:00,3533,Value 19
741,5,Closed,2012-12-10 07:46:58.925575660+00:00,2012-12-10 07:46:58.925575660+00:00,3534,Value 5
742,10,Assign seriousness,2012-12-10 07:50:38.660622484+00:00,2012-12-10 07:50:38.660622484+00:00,3535,Value 19
742,8,Take in charge ticket,2012-12-10 07:50:38.660622484+00:00,2012-12-10 07:50:38.660622484+00:00,3536,Value 6
742,2,Wait,2012-12-10 07:50:38.660622484+00:00,2012-12-10 07:50:38.660622484+00:00,3537,Value 11
742,2,Take in charge ticket,2012-12-10 07:50:38.660622484+00:00,2012-12-10 07:50:38.660622484+00:00,3538,Value 11
742,2,Resolve ticket,2012-12-10 07:50:38.660622484+00:00,2012-12-10 07:50:38.660622484+00:00,3539,Value 11
742,5,Closed,2012-12-10 07:50:38.660622484+00:00,2012-12-10 07:50:38.660622484+00:00,3540,Value 5
743,10,Insert ticket,2012-12-10 08:24:46.026265816+00:00,2012-12-10 08:24:46.026265816+00:00,3541,Value 19
743,10,Assign seriousness,2012-12-10 08:24:46.026265816+00:00,2012-12-10 08:24:46.026265816+00:00,3542,Value 19
743,0,Take in charge ticket,2012-12-10 08:24:46.026265816+00:00,2012-12-10 08:24:46.026265816+00:00,3543,Value 2
743,0,Resolve ticket,2012-12-10 08:24:46.026265816+00:00,2012-12-10 08:24:46.026265816+00:00,3544,Value 2
743,5,Closed,2012-12-10 08:24:46.026265816+00:00,2012-12-10 08:24:46.026265816+00:00,3545,Value 5
744,10,Assign seriousness,2012-12-10 08:48:29.982570215+00:00,2012-12-10 08:48:29.982570215+00:00,3546,Value 19
744,10,Wait,2012-12-10 08:48:29.982570215+00:00,2012-12-10 08:48:29.982570215+00:00,3547,Value 19
744,10,Take in charge ticket,2012-12-10 08:48:29.982570215+00:00,2012-12-10 08:48:29.982570215+00:00,3548,Value 19
744,10,Wait,2012-12-10 08:48:29.982570215+00:00,2012-12-10 08:48:29.982570215+00:00,3549,Value 19
744,7,Take in charge ticket,2012-12-10 08:48:29.982570215+00:00,2012-12-10 08:48:29.982570215+00:00,3550,Value 12
744,7,Resolve ticket,2012-12-10 08:48:29.982570215+00:00,2012-12-10 08:48:29.982570215+00:00,3551,Value 12
744,5,Closed,2012-12-10 08:48:29.982570215+00:00,2012-12-10 08:48:29.982570215+00:00,3552,Value 5
745,10,Assign seriousness,2012-12-10 09:41:18.350676651+00:00,2012-12-10 09:41:18.350676651+00:00,3553,Value 19
745,12,Take in charge ticket,2012-12-10 09:41:18.350676651+00:00,2012-12-10 09:41:18.350676651+00:00,3554,Value 7
745,12,Resolve ticket,2012-12-10 09:41:18.350676651+00:00,2012-12-10 09:41:18.350676651+00:00,3555,Value 7
745,5,Closed,2012-12-10 09:41:18.350676651+00:00,2012-12-10 09:41:18.350676651+00:00,3556,Value 5
745,5,Closed,2012-12-10 09:41:18.350676651+00:00,2012-12-10 09:41:18.350676651+00:00,3557,Value 5
746,10,Assign seriousness,2012-12-10 09:54:21.318505726+00:00,2012-12-10 09:54:21.318505726+00:00,3558,Value 19
746,0,Take in charge ticket,2012-12-10 09:54:21.318505726+00:00,2012-12-10 09:54:21.318505726+00:00,3559,Value 2
746,0,Resolve ticket,2012-12-10 09:54:21.318505726+00:00,2012-12-10 09:54:21.318505726+00:00,3560,Value 2
746,5,Closed,2012-12-10 09:54:21.318505726+00:00,2012-12-10 09:54:21.318505726+00:00,3561,Value 5
747,10,Assign seriousness,2012-12-10 10:43:14.147288540+00:00,2012-12-10 10:43:14.147288540+00:00,3562,Value 19
747,8,Take in charge ticket,2012-12-10 10:43:14.147288540+00:00,2012-12-10 10:43:14.147288540+00:00,3563,Value 6
747,12,Wait,2012-12-10 10:43:14.147288540+00:00,2012-12-10 10:43:14.147288540+00:00,3564,Value 7
747,5,Take in charge ticket,2012-12-10 10:43:14.147288540+00:00,2012-12-10 10:43:14.147288540+00:00,3565,Value 5
747,5,Wait,2012-12-10 10:43:14.147288540+00:00,2012-12-10 10:43:14.147288540+00:00,3566,Value 5
747,0,Take in charge ticket,2012-12-10 10:43:14.147288540+00:00,2012-12-10 10:43:14.147288540+00:00,3567,Value 2
747,0,Resolve ticket,2012-12-10 10:43:14.147288540+00:00,2012-12-10 10:43:14.147288540+00:00,3568,Value 2
747,5,Closed,2012-12-10 10:43:14.147288540+00:00,2012-12-10 10:43:14.147288540+00:00,3569,Value 5
748,10,Assign seriousness,2012-12-10 12:41:16.450423742+00:00,2012-12-10 12:41:16.450423742+00:00,3570,Value 19
748,0,Take in charge ticket,2012-12-10 12:41:16.450423742+00:00,2012-12-10 12:41:16.450423742+00:00,3571,Value 2
748,0,Resolve ticket,2012-12-10 12:41:16.450423742+00:00,2012-12-10 12:41:16.450423742+00:00,3572,Value 2
748,5,Closed,2012-12-10 12:41:16.450423742+00:00,2012-12-10 12:41:16.450423742+00:00,3573,Value 5
749,10,Assign seriousness,2012-12-10 13:38:59.992284472+00:00,2012-12-10 13:38:59.992284472+00:00,3574,Value 19
749,0,Assign seriousness,2012-12-10 13:38:59.992284472+00:00,2012-12-10 13:38:59.992284472+00:00,3575,Value 2
749,0,Take in charge ticket,2012-12-10 13:38:59.992284472+00:00,2012-12-10 13:38:59.992284472+00:00,3576,Value 2
749,0,Resolve ticket,2012-12-10 13:38:59.992284472+00:00,2012-12-10 13:38:59.992284472+00:00,3577,Value 2
749,5,Closed,2012-12-10 13:38:59.992284472+00:00,2012-12-10 13:38:59.992284472+00:00,3578,Value 5
750,10,Assign seriousness,2012-12-10 14:11:46.707252850+00:00,2012-12-10 14:11:46.707252850+00:00,3579,Value 19
750,0,Assign seriousness,2012-12-10 14:11:46.707252850+00:00,2012-12-10 14:11:46.707252850+00:00,3580,Value 2
750,0,Take in charge ticket,2012-12-10 14:11:46.707252850+00:00,2012-12-10 14:11:46.707252850+00:00,3581,Value 2
750,0,Resolve ticket,2012-12-10 14:11:46.707252850+00:00,2012-12-10 14:11:46.707252850+00:00,3582,Value 2
750,5,Closed,2012-12-10 14:11:46.707252850+00:00,2012-12-10 14:11:46.707252850+00:00,3583,Value 5
751,10,Assign seriousness,2012-12-10 14:43:12.139276849+00:00,2012-12-10 14:43:12.139276849+00:00,3584,Value 19
751,10,Take in charge ticket,2012-12-10 14:43:12.139276849+00:00,2012-12-10 14:43:12.139276849+00:00,3585,Value 19
751,10,Resolve ticket,2012-12-10 14:43:12.139276849+00:00,2012-12-10 14:43:12.139276849+00:00,3586,Value 19
751,5,Closed,2012-12-10 14:43:12.139276849+00:00,2012-12-10 14:43:12.139276849+00:00,3587,Value 5
752,10,Assign seriousness,2012-12-10 15:02:24.540958076+00:00,2012-12-10 15:02:24.540958076+00:00,3588,Value 19
752,8,Take in charge ticket,2012-12-10 15:02:24.540958076+00:00,2012-12-10 15:02:24.540958076+00:00,3589,Value 6
752,8,Resolve ticket,2012-12-10 15:02:24.540958076+00:00,2012-12-10 15:02:24.540958076+00:00,3590,Value 6
752,5,Closed,2012-12-10 15:02:24.540958076+00:00,2012-12-10 15:02:24.540958076+00:00,3591,Value 5
753,12,Assign seriousness,2012-12-11 04:00:00+00:00,2012-12-11 04:00:00+00:00,3593,Value 7
753,12,Take in charge ticket,2012-12-11 04:00:00+00:00,2012-12-11 04:00:00+00:00,3594,Value 7
753,12,Resolve ticket,2012-12-11 04:00:00+00:00,2012-12-11 04:00:00+00:00,3595,Value 7
753,5,Closed,2012-12-11 04:00:00+00:00,2012-12-11 04:00:00+00:00,3596,Value 5
754,12,Insert ticket,2012-12-11 05:06:21.889918381+00:00,2012-12-11 05:06:21.889918381+00:00,3597,Value 7
754,0,Assign seriousness,2012-12-11 05:06:21.889918381+00:00,2012-12-11 05:06:21.889918381+00:00,3598,Value 2
754,11,Take in charge ticket,2012-12-11 05:06:21.889918381+00:00,2012-12-11 05:06:21.889918381+00:00,3599,Value 9
754,0,Resolve ticket,2012-12-11 05:06:21.889918381+00:00,2012-12-11 05:06:21.889918381+00:00,3600,Value 2
754,5,Closed,2012-12-11 05:06:21.889918381+00:00,2012-12-11 05:06:21.889918381+00:00,3601,Value 5
755,12,Assign seriousness,2012-12-11 05:53:23.179216754+00:00,2012-12-11 05:53:23.179216754+00:00,3602,Value 7
755,0,Take in charge ticket,2012-12-11 05:53:23.179216754+00:00,2012-12-11 05:53:23.179216754+00:00,3603,Value 2
755,0,Resolve ticket,2012-12-11 05:53:23.179216754+00:00,2012-12-11 05:53:23.179216754+00:00,3604,Value 2
755,5,Closed,2012-12-11 05:53:23.179216754+00:00,2012-12-11 05:53:23.179216754+00:00,3605,Value 5
756,12,Assign seriousness,2012-12-11 08:49:53.211708378+00:00,2012-12-11 08:49:53.211708378+00:00,3606,Value 7
756,0,Take in charge ticket,2012-12-11 08:49:53.211708378+00:00,2012-12-11 08:49:53.211708378+00:00,3607,Value 2
756,0,Resolve ticket,2012-12-11 08:49:53.211708378+00:00,2012-12-11 08:49:53.211708378+00:00,3608,Value 2
756,5,Closed,2012-12-11 08:49:53.211708378+00:00,2012-12-11 08:49:53.211708378+00:00,3609,Value 5
757,12,Assign seriousness,2012-12-11 09:08:34.190067231+00:00,2012-12-11 09:08:34.190067231+00:00,3610,Value 7
757,12,Take in charge ticket,2012-12-11 09:08:34.190067231+00:00,2012-12-11 09:08:34.190067231+00:00,3611,Value 7
757,12,Wait,2012-12-11 09:08:34.190067231+00:00,2012-12-11 09:08:34.190067231+00:00,3612,Value 7
757,0,Wait,2012-12-11 09:08:34.190067231+00:00,2012-12-11 09:08:34.190067231+00:00,3613,Value 2
757,18,Resolve ticket,2012-12-11 09:08:34.190067231+00:00,2012-12-11 09:08:34.190067231+00:00,3614,Value 4
757,5,Closed,2012-12-11 09:08:34.190067231+00:00,2012-12-11 09:08:34.190067231+00:00,3615,Value 5
758,12,Assign seriousness,2012-12-11 09:09:18.828852189+00:00,2012-12-11 09:09:18.828852189+00:00,3616,Value 7
758,12,Take in charge ticket,2012-12-11 09:09:18.828852189+00:00,2012-12-11 09:09:18.828852189+00:00,3617,Value 7
758,12,Resolve ticket,2012-12-11 09:09:18.828852189+00:00,2012-12-11 09:09:18.828852189+00:00,3618,Value 7
758,5,Closed,2012-12-11 09:09:18.828852189+00:00,2012-12-11 09:09:18.828852189+00:00,3619,Value 5
759,12,Assign seriousness,2012-12-11 09:14:23.915401153+00:00,2012-12-11 09:14:23.915401153+00:00,3620,Value 7
759,3,Take in charge ticket,2012-12-11 09:14:23.915401153+00:00,2012-12-11 09:14:23.915401153+00:00,3621,Value 16
759,3,Resolve ticket,2012-12-11 09:14:23.915401153+00:00,2012-12-11 09:14:23.915401153+00:00,3622,Value 16
759,5,Closed,2012-12-11 09:14:23.915401153+00:00,2012-12-11 09:14:23.915401153+00:00,3623,Value 5
760,12,Assign seriousness,2012-12-11 09:25:20.659316578+00:00,2012-12-11 09:25:20.659316578+00:00,3624,Value 7
760,0,Take in charge ticket,2012-12-11 09:25:20.659316578+00:00,2012-12-11 09:25:20.659316578+00:00,3625,Value 2
760,0,Wait,2012-12-11 09:25:20.659316578+00:00,2012-12-11 09:25:20.659316578+00:00,3626,Value 2
760,0,Resolve ticket,2012-12-11 09:25:20.659316578+00:00,2012-12-11 09:25:20.659316578+00:00,3627,Value 2
760,5,Closed,2012-12-11 09:25:20.659316578+00:00,2012-12-11 09:25:20.659316578+00:00,3628,Value 5
761,12,Assign seriousness,2012-12-11 10:26:57.031705345+00:00,2012-12-11 10:26:57.031705345+00:00,3629,Value 7
761,2,Take in charge ticket,2012-12-11 10:26:57.031705345+00:00,2012-12-11 10:26:57.031705345+00:00,3630,Value 11
761,2,Resolve ticket,2012-12-11 10:26:57.031705345+00:00,2012-12-11 10:26:57.031705345+00:00,3631,Value 11
761,5,Closed,2012-12-11 10:26:57.031705345+00:00,2012-12-11 10:26:57.031705345+00:00,3632,Value 5
762,12,Assign seriousness,2012-12-11 10:47:06.771086502+00:00,2012-12-11 10:47:06.771086502+00:00,3633,Value 7
762,9,Take in charge ticket,2012-12-11 10:47:06.771086502+00:00,2012-12-11 10:47:06.771086502+00:00,3634,Value 14
762,9,Wait,2012-12-11 10:47:06.771086502+00:00,2012-12-11 10:47:06.771086502+00:00,3635,Value 14
762,9,Take in charge ticket,2012-12-11 10:47:06.771086502+00:00,2012-12-11 10:47:06.771086502+00:00,3636,Value 14
762,9,Resolve ticket,2012-12-11 10:47:06.771086502+00:00,2012-12-11 10:47:06.771086502+00:00,3637,Value 14
762,5,Closed,2012-12-11 10:47:06.771086502+00:00,2012-12-11 10:47:06.771086502+00:00,3638,Value 5
763,12,Assign seriousness,2012-12-11 11:04:11.552210260+00:00,2012-12-11 11:04:11.552210260+00:00,3639,Value 7
763,0,Take in charge ticket,2012-12-11 11:04:11.552210260+00:00,2012-12-11 11:04:11.552210260+00:00,3640,Value 2
763,0,Resolve ticket,2012-12-11 11:04:11.552210260+00:00,2012-12-11 11:04:11.552210260+00:00,3641,Value 2
763,5,Closed,2012-12-11 11:04:11.552210260+00:00,2012-12-11 11:04:11.552210260+00:00,3642,Value 5
764,12,Assign seriousness,2012-12-11 11:04:23.325249621+00:00,2012-12-11 11:04:23.325249621+00:00,3643,Value 7
764,12,Take in charge ticket,2012-12-11 11:04:23.325249621+00:00,2012-12-11 11:04:23.325249621+00:00,3644,Value 7
764,12,Resolve ticket,2012-12-11 11:04:23.325249621+00:00,2012-12-11 11:04:23.325249621+00:00,3645,Value 7
764,5,Closed,2012-12-11 11:04:23.325249621+00:00,2012-12-11 11:04:23.325249621+00:00,3646,Value 5
765,12,Assign seriousness,2012-12-11 11:13:25.670164448+00:00,2012-12-11 11:13:25.670164448+00:00,3647,Value 7
765,0,Take in charge ticket,2012-12-11 11:13:25.670164448+00:00,2012-12-11 11:13:25.670164448+00:00,3648,Value 2
765,0,Resolve ticket,2012-12-11 11:13:25.670164448+00:00,2012-12-11 11:13:25.670164448+00:00,3649,Value 2
765,5,Closed,2012-12-11 11:13:25.670164448+00:00,2012-12-11 11:13:25.670164448+00:00,3650,Value 5
766,12,Assign seriousness,2012-12-11 13:01:56.795827529+00:00,2012-12-11 13:01:56.795827529+00:00,3651,Value 7
766,7,Take in charge ticket,2012-12-11 13:01:56.795827529+00:00,2012-12-11 13:01:56.795827529+00:00,3652,Value 12
766,7,Resolve ticket,2012-12-11 13:01:56.795827529+00:00,2012-12-11 13:01:56.795827529+00:00,3653,Value 12
766,5,Closed,2012-12-11 13:01:56.795827529+00:00,2012-12-11 13:01:56.795827529+00:00,3654,Value 5
767,12,Assign seriousness,2012-12-11 13:15:34.759942661+00:00,2012-12-11 13:15:34.759942661+00:00,3655,Value 7
767,0,Take in charge ticket,2012-12-11 13:15:34.759942661+00:00,2012-12-11 13:15:34.759942661+00:00,3656,Value 2
767,0,Resolve ticket,2012-12-11 13:15:34.759942661+00:00,2012-12-11 13:15:34.759942661+00:00,3657,Value 2
767,5,Closed,2012-12-11 13:15:34.759942661+00:00,2012-12-11 13:15:34.759942661+00:00,3658,Value 5
768,12,Assign seriousness,2012-12-12 04:01:43+00:00,2012-12-12 04:01:43+00:00,3659,Value 7
768,12,Take in charge ticket,2012-12-12 04:01:43+00:00,2012-12-12 04:01:43+00:00,3660,Value 7
768,12,Resolve ticket,2012-12-12 04:01:43+00:00,2012-12-12 04:01:43+00:00,3661,Value 7
768,5,Closed,2012-12-12 04:01:43+00:00,2012-12-12 04:01:43+00:00,3662,Value 5
769,12,Assign seriousness,2012-12-12 04:22:29.875061083+00:00,2012-12-12 04:22:29.875061083+00:00,3663,Value 7
769,12,Take in charge ticket,2012-12-12 04:22:29.875061083+00:00,2012-12-12 04:22:29.875061083+00:00,3664,Value 7
769,12,Resolve ticket,2012-12-12 04:22:29.875061083+00:00,2012-12-12 04:22:29.875061083+00:00,3665,Value 7
769,5,Closed,2012-12-12 04:22:29.875061083+00:00,2012-12-12 04:22:29.875061083+00:00,3666,Value 5
770,12,Assign seriousness,2012-12-12 05:33:04.674800369+00:00,2012-12-12 05:33:04.674800369+00:00,3667,Value 7
770,12,Take in charge ticket,2012-12-12 05:33:04.674800369+00:00,2012-12-12 05:33:04.674800369+00:00,3668,Value 7
770,12,Resolve ticket,2012-12-12 05:33:04.674800369+00:00,2012-12-12 05:33:04.674800369+00:00,3669,Value 7
770,5,Closed,2012-12-12 05:33:04.674800369+00:00,2012-12-12 05:33:04.674800369+00:00,3670,Value 5
771,12,Assign seriousness,2012-12-12 06:38:46.066071609+00:00,2012-12-12 06:38:46.066071609+00:00,3671,Value 7
771,12,Take in charge ticket,2012-12-12 06:38:46.066071609+00:00,2012-12-12 06:38:46.066071609+00:00,3672,Value 7
771,15,Resolve ticket,2012-12-12 06:38:46.066071609+00:00,2012-12-12 06:38:46.066071609+00:00,3673,Value 13
771,5,Closed,2012-12-12 06:38:46.066071609+00:00,2012-12-12 06:38:46.066071609+00:00,3674,Value 5
772,12,Assign seriousness,2012-12-12 10:57:33.083517182+00:00,2012-12-12 10:57:33.083517182+00:00,3675,Value 7
772,12,Take in charge ticket,2012-12-12 10:57:33.083517182+00:00,2012-12-12 10:57:33.083517182+00:00,3676,Value 7
772,12,Resolve ticket,2012-12-12 10:57:33.083517182+00:00,2012-12-12 10:57:33.083517182+00:00,3677,Value 7
772,5,Closed,2012-12-12 10:57:33.083517182+00:00,2012-12-12 10:57:33.083517182+00:00,3678,Value 5
773,12,Assign seriousness,2012-12-12 13:48:45.996652725+00:00,2012-12-12 13:48:45.996652725+00:00,3679,Value 7
773,12,Take in charge ticket,2012-12-12 13:48:45.996652725+00:00,2012-12-12 13:48:45.996652725+00:00,3680,Value 7
773,12,Wait,2012-12-12 13:48:45.996652725+00:00,2012-12-12 13:48:45.996652725+00:00,3681,Value 7
773,12,Take in charge ticket,2012-12-12 13:48:45.996652725+00:00,2012-12-12 13:48:45.996652725+00:00,3682,Value 7
773,12,Wait,2012-12-12 13:48:45.996652725+00:00,2012-12-12 13:48:45.996652725+00:00,3683,Value 7
773,12,Take in charge ticket,2012-12-12 13:48:45.996652725+00:00,2012-12-12 13:48:45.996652725+00:00,3684,Value 7
773,12,Resolve ticket,2012-12-12 13:48:45.996652725+00:00,2012-12-12 13:48:45.996652725+00:00,3685,Value 7
773,5,Closed,2012-12-12 13:48:45.996652725+00:00,2012-12-12 13:48:45.996652725+00:00,3686,Value 5
774,12,Assign seriousness,2012-12-12 14:29:11.049519390+00:00,2012-12-12 14:29:11.049519390+00:00,3687,Value 7
774,7,Take in charge ticket,2012-12-12 14:29:11.049519390+00:00,2012-12-12 14:29:11.049519390+00:00,3688,Value 12
774,7,Resolve ticket,2012-12-12 14:29:11.049519390+00:00,2012-12-12 14:29:11.049519390+00:00,3689,Value 12
774,5,Closed,2012-12-12 14:29:11.049519390+00:00,2012-12-12 14:29:11.049519390+00:00,3690,Value 5
775,12,Assign seriousness,2012-12-12 15:09:58.252676247+00:00,2012-12-12 15:09:58.252676247+00:00,3691,Value 7
775,3,Take in charge ticket,2012-12-12 15:09:58.252676247+00:00,2012-12-12 15:09:58.252676247+00:00,3692,Value 16
775,3,Resolve ticket,2012-12-12 15:09:58.252676247+00:00,2012-12-12 15:09:58.252676247+00:00,3693,Value 16
775,5,Closed,2012-12-12 15:09:58.252676247+00:00,2012-12-12 15:09:58.252676247+00:00,3694,Value 5
776,7,Assign seriousness,2012-12-13 04:02:16+00:00,2012-12-13 04:02:16+00:00,3695,Value 12
776,2,Take in charge ticket,2012-12-13 04:02:16+00:00,2012-12-13 04:02:16+00:00,3696,Value 11
776,2,Resolve ticket,2012-12-13 04:02:16+00:00,2012-12-13 04:02:16+00:00,3697,Value 11
776,5,Closed,2012-12-13 04:02:16+00:00,2012-12-13 04:02:16+00:00,3698,Value 5
777,7,Assign seriousness,2012-12-13 07:12:19.470465776+00:00,2012-12-13 07:12:19.470465776+00:00,3699,Value 12
777,3,Take in charge ticket,2012-12-13 07:12:19.470465776+00:00,2012-12-13 07:12:19.470465776+00:00,3700,Value 16
777,3,Resolve ticket,2012-12-13 07:12:19.470465776+00:00,2012-12-13 07:12:19.470465776+00:00,3701,Value 16
777,5,Closed,2012-12-13 07:12:19.470465776+00:00,2012-12-13 07:12:19.470465776+00:00,3702,Value 5
778,7,Assign seriousness,2012-12-13 07:47:12.738861787+00:00,2012-12-13 07:47:12.738861787+00:00,3703,Value 12
778,7,Take in charge ticket,2012-12-13 07:47:12.738861787+00:00,2012-12-13 07:47:12.738861787+00:00,3704,Value 12
778,7,Resolve ticket,2012-12-13 07:47:12.738861787+00:00,2012-12-13 07:47:12.738861787+00:00,3705,Value 12
778,5,Closed,2012-12-13 07:47:12.738861787+00:00,2012-12-13 07:47:12.738861787+00:00,3706,Value 5
779,7,Assign seriousness,2012-12-13 07:49:17.006772128+00:00,2012-12-13 07:49:17.006772128+00:00,3707,Value 12
779,7,Assign seriousness,2012-12-13 07:49:17.006772128+00:00,2012-12-13 07:49:17.006772128+00:00,3708,Value 12
779,7,Take in charge ticket,2012-12-13 07:49:17.006772128+00:00,2012-12-13 07:49:17.006772128+00:00,3709,Value 12
779,7,Wait,2012-12-13 07:49:17.006772128+00:00,2012-12-13 07:49:17.006772128+00:00,3710,Value 12
779,7,Take in charge ticket,2012-12-13 07:49:17.006772128+00:00,2012-12-13 07:49:17.006772128+00:00,3711,Value 12
779,7,Resolve ticket,2012-12-13 07:49:17.006772128+00:00,2012-12-13 07:49:17.006772128+00:00,3712,Value 12
779,5,Closed,2012-12-13 07:49:17.006772128+00:00,2012-12-13 07:49:17.006772128+00:00,3713,Value 5
780,7,Assign seriousness,2012-12-13 08:44:51.484401370+00:00,2012-12-13 08:44:51.484401370+00:00,3714,Value 12
780,6,Assign seriousness,2012-12-13 08:44:51.484401370+00:00,2012-12-13 08:44:51.484401370+00:00,3715,Value 10
780,6,Take in charge ticket,2012-12-13 08:44:51.484401370+00:00,2012-12-13 08:44:51.484401370+00:00,3716,Value 10
780,0,Resolve ticket,2012-12-13 08:44:51.484401370+00:00,2012-12-13 08:44:51.484401370+00:00,3717,Value 2
780,5,Closed,2012-12-13 08:44:51.484401370+00:00,2012-12-13 08:44:51.484401370+00:00,3718,Value 5
781,7,Assign seriousness,2012-12-13 08:51:57.032649921+00:00,2012-12-13 08:51:57.032649921+00:00,3719,Value 12
781,7,Assign seriousness,2012-12-13 08:51:57.032649921+00:00,2012-12-13 08:51:57.032649921+00:00,3720,Value 12
781,0,Take in charge ticket,2012-12-13 08:51:57.032649921+00:00,2012-12-13 08:51:57.032649921+00:00,3721,Value 2
781,0,Resolve ticket,2012-12-13 08:51:57.032649921+00:00,2012-12-13 08:51:57.032649921+00:00,3722,Value 2
781,5,Closed,2012-12-13 08:51:57.032649921+00:00,2012-12-13 08:51:57.032649921+00:00,3723,Value 5
782,7,Assign seriousness,2012-12-13 11:35:38.294578154+00:00,2012-12-13 11:35:38.294578154+00:00,3724,Value 12
782,0,Assign seriousness,2012-12-13 11:35:38.294578154+00:00,2012-12-13 11:35:38.294578154+00:00,3725,Value 2
782,0,Take in charge ticket,2012-12-13 11:35:38.294578154+00:00,2012-12-13 11:35:38.294578154+00:00,3726,Value 2
782,0,Resolve ticket,2012-12-13 11:35:38.294578154+00:00,2012-12-13 11:35:38.294578154+00:00,3727,Value 2
782,5,Closed,2012-12-13 11:35:38.294578154+00:00,2012-12-13 11:35:38.294578154+00:00,3728,Value 5
783,7,Assign seriousness,2012-12-13 12:05:12.775036812+00:00,2012-12-13 12:05:12.775036812+00:00,3729,Value 12
783,0,Assign seriousness,2012-12-13 12:05:12.775036812+00:00,2012-12-13 12:05:12.775036812+00:00,3730,Value 2
783,0,Take in charge ticket,2012-12-13 12:05:12.775036812+00:00,2012-12-13 12:05:12.775036812+00:00,3731,Value 2
783,0,Resolve ticket,2012-12-13 12:05:12.775036812+00:00,2012-12-13 12:05:12.775036812+00:00,3732,Value 2
783,5,Closed,2012-12-13 12:05:12.775036812+00:00,2012-12-13 12:05:12.775036812+00:00,3733,Value 5
784,7,Insert ticket,2012-12-13 12:07:27.777894240+00:00,2012-12-13 12:07:27.777894240+00:00,3734,Value 12
784,7,Assign seriousness,2012-12-13 12:07:27.777894240+00:00,2012-12-13 12:07:27.777894240+00:00,3735,Value 12
784,3,Take in charge ticket,2012-12-13 12:07:27.777894240+00:00,2012-12-13 12:07:27.777894240+00:00,3736,Value 16
784,3,Resolve ticket,2012-12-13 12:07:27.777894240+00:00,2012-12-13 12:07:27.777894240+00:00,3737,Value 16
784,3,Take in charge ticket,2012-12-13 12:07:27.777894240+00:00,2012-12-13 12:07:27.777894240+00:00,3738,Value 16
784,3,Wait,2012-12-13 12:07:27.777894240+00:00,2012-12-13 12:07:27.777894240+00:00,3739,Value 16
784,8,Take in charge ticket,2012-12-13 12:07:27.777894240+00:00,2012-12-13 12:07:27.777894240+00:00,3740,Value 6
784,7,Resolve ticket,2012-12-13 12:07:27.777894240+00:00,2012-12-13 12:07:27.777894240+00:00,3741,Value 12
784,5,Closed,2012-12-13 12:07:27.777894240+00:00,2012-12-13 12:07:27.777894240+00:00,3742,Value 5
785,7,Assign seriousness,2012-12-13 12:14:41.557170678+00:00,2012-12-13 12:14:41.557170678+00:00,3743,Value 12
785,3,Take in charge ticket,2012-12-13 12:14:41.557170678+00:00,2012-12-13 12:14:41.557170678+00:00,3744,Value 16
785,3,Resolve ticket,2012-12-13 12:14:41.557170678+00:00,2012-12-13 12:14:41.557170678+00:00,3745,Value 16
785,5,Closed,2012-12-13 12:14:41.557170678+00:00,2012-12-13 12:14:41.557170678+00:00,3746,Value 5
786,7,Assign seriousness,2012-12-13 12:30:16.806471011+00:00,2012-12-13 12:30:16.806471011+00:00,3747,Value 12
786,7,Assign seriousness,2012-12-13 12:30:16.806471011+00:00,2012-12-13 12:30:16.806471011+00:00,3748,Value 12
786,13,Wait,2012-12-13 12:30:16.806471011+00:00,2012-12-13 12:30:16.806471011+00:00,3749,Value 17
786,13,Take in charge ticket,2012-12-13 12:30:16.806471011+00:00,2012-12-13 12:30:16.806471011+00:00,3750,Value 17
786,13,Resolve ticket,2012-12-13 12:30:16.806471011+00:00,2012-12-13 12:30:16.806471011+00:00,3751,Value 17
786,5,Closed,2012-12-13 12:30:16.806471011+00:00,2012-12-13 12:30:16.806471011+00:00,3752,Value 5
787,7,Assign seriousness,2012-12-13 15:00:09.332237331+00:00,2012-12-13 15:00:09.332237331+00:00,3753,Value 12
787,7,Assign seriousness,2012-12-13 15:00:09.332237331+00:00,2012-12-13 15:00:09.332237331+00:00,3754,Value 12
787,0,Assign seriousness,2012-12-13 15:00:09.332237331+00:00,2012-12-13 15:00:09.332237331+00:00,3755,Value 2
787,0,Take in charge ticket,2012-12-13 15:00:09.332237331+00:00,2012-12-13 15:00:09.332237331+00:00,3756,Value 2
787,0,Resolve ticket,2012-12-13 15:00:09.332237331+00:00,2012-12-13 15:00:09.332237331+00:00,3757,Value 2
787,5,Closed,2012-12-13 15:00:09.332237331+00:00,2012-12-13 15:00:09.332237331+00:00,3758,Value 5
788,1,Assign seriousness,2012-12-14 04:00:00+00:00,2012-12-14 04:00:00+00:00,3760,Value 15
788,0,Take in charge ticket,2012-12-14 04:00:00+00:00,2012-12-14 04:00:00+00:00,3761,Value 2
788,0,Resolve ticket,2012-12-14 04:00:00+00:00,2012-12-14 04:00:00+00:00,3762,Value 2
788,5,Closed,2012-12-14 04:00:00+00:00,2012-12-14 04:00:00+00:00,3763,Value 5
789,1,Assign seriousness,2012-12-14 10:21:20.800771590+00:00,2012-12-14 10:21:20.800771590+00:00,3764,Value 15
789,0,Take in charge ticket,2012-12-14 10:21:20.800771590+00:00,2012-12-14 10:21:20.800771590+00:00,3765,Value 2
789,0,Resolve ticket,2012-12-14 10:21:20.800771590+00:00,2012-12-14 10:21:20.800771590+00:00,3766,Value 2
789,5,Closed,2012-12-14 10:21:20.800771590+00:00,2012-12-14 10:21:20.800771590+00:00,3767,Value 5
790,1,Assign seriousness,2012-12-14 10:24:17.767205582+00:00,2012-12-14 10:24:17.767205582+00:00,3768,Value 15
790,9,Take in charge ticket,2012-12-14 10:24:17.767205582+00:00,2012-12-14 10:24:17.767205582+00:00,3769,Value 14
790,9,Wait,2012-12-14 10:24:17.767205582+00:00,2012-12-14 10:24:17.767205582+00:00,3770,Value 14
790,9,Take in charge ticket,2012-12-14 10:24:17.767205582+00:00,2012-12-14 10:24:17.767205582+00:00,3771,Value 14
790,9,Resolve ticket,2012-12-14 10:24:17.767205582+00:00,2012-12-14 10:24:17.767205582+00:00,3772,Value 14
790,5,Closed,2012-12-14 10:24:17.767205582+00:00,2012-12-14 10:24:17.767205582+00:00,3773,Value 5
791,1,Assign seriousness,2012-12-14 10:30:12.755578703+00:00,2012-12-14 10:30:12.755578703+00:00,3774,Value 15
791,1,Take in charge ticket,2012-12-14 10:30:12.755578703+00:00,2012-12-14 10:30:12.755578703+00:00,3775,Value 15
791,1,Resolve ticket,2012-12-14 10:30:12.755578703+00:00,2012-12-14 10:30:12.755578703+00:00,3776,Value 15
791,5,Closed,2012-12-14 10:30:12.755578703+00:00,2012-12-14 10:30:12.755578703+00:00,3777,Value 5
792,1,Assign seriousness,2012-12-14 13:42:48.737984690+00:00,2012-12-14 13:42:48.737984690+00:00,3778,Value 15
792,1,Take in charge ticket,2012-12-14 13:42:48.737984690+00:00,2012-12-14 13:42:48.737984690+00:00,3779,Value 15
792,1,Resolve ticket,2012-12-14 13:42:48.737984690+00:00,2012-12-14 13:42:48.737984690+00:00,3780,Value 15
792,5,Closed,2012-12-14 13:42:48.737984690+00:00,2012-12-14 13:42:48.737984690+00:00,3781,Value 5
793,1,Assign seriousness,2012-12-14 14:24:34.555640793+00:00,2012-12-14 14:24:34.555640793+00:00,3782,Value 15
793,0,Take in charge ticket,2012-12-14 14:24:34.555640793+00:00,2012-12-14 14:24:34.555640793+00:00,3783,Value 2
793,12,Wait,2012-12-14 14:24:34.555640793+00:00,2012-12-14 14:24:34.555640793+00:00,3784,Value 7
793,0,Wait,2012-12-14 14:24:34.555640793+00:00,2012-12-14 14:24:34.555640793+00:00,3785,Value 2
793,0,Take in charge ticket,2012-12-14 14:24:34.555640793+00:00,2012-12-14 14:24:34.555640793+00:00,3786,Value 2
793,0,Resolve ticket,2012-12-14 14:24:34.555640793+00:00,2012-12-14 14:24:34.555640793+00:00,3787,Value 2
793,5,Closed,2012-12-14 14:24:34.555640793+00:00,2012-12-14 14:24:34.555640793+00:00,3788,Value 5
794,5,Assign seriousness,2012-12-15 13:17:27+00:00,2012-12-15 13:17:27+00:00,3789,Value 5
794,0,Take in charge ticket,2012-12-17 03:00:00+00:00,2012-12-17 03:00:00+00:00,3791,Value 2
794,0,Resolve ticket,2012-12-17 03:00:00+00:00,2012-12-17 03:00:00+00:00,3792,Value 2
794,5,Closed,2012-12-17 06:00:00+00:00,2012-12-17 06:00:00+00:00,3793,Value 5
795,1,Assign seriousness,2012-12-17 04:00:49+00:00,2012-12-17 04:00:49+00:00,3794,Value 15
795,11,Take in charge ticket,2012-12-17 04:00:49+00:00,2012-12-17 04:00:49+00:00,3795,Value 9
795,11,Resolve ticket,2012-12-17 04:00:49+00:00,2012-12-17 04:00:49+00:00,3796,Value 9
795,5,Closed,2012-12-17 06:00:00+00:00,2012-12-17 06:00:00+00:00,3797,Value 5
796,1,Assign seriousness,2012-12-17 04:19:07.248001367+00:00,2012-12-17 04:19:07.248001367+00:00,3798,Value 15
796,1,Take in charge ticket,2012-12-17 04:19:07.248001367+00:00,2012-12-17 04:19:07.248001367+00:00,3799,Value 15
796,1,Resolve ticket,2012-12-17 04:19:07.248001367+00:00,2012-12-17 04:19:07.248001367+00:00,3800,Value 15
796,5,Closed,2012-12-17 06:00:00+00:00,2012-12-17 06:00:00+00:00,3802,Value 5
797,1,Assign seriousness,2012-12-17 07:15:48.529087543+00:00,2012-12-17 07:15:48.529087543+00:00,3803,Value 15
797,11,Take in charge ticket,2012-12-17 07:15:48.529087543+00:00,2012-12-17 07:15:48.529087543+00:00,3804,Value 9
797,11,Wait,2012-12-17 07:15:48.529087543+00:00,2012-12-17 07:15:48.529087543+00:00,3805,Value 9
797,11,Resolve ticket,2012-12-17 07:15:48.529087543+00:00,2012-12-17 07:15:48.529087543+00:00,3806,Value 9
797,5,Closed,2012-12-17 07:15:48.529087543+00:00,2012-12-17 07:15:48.529087543+00:00,3807,Value 5
798,1,Insert ticket,2012-12-17 07:26:19.692465267+00:00,2012-12-17 07:26:19.692465267+00:00,3808,Value 15
798,1,Assign seriousness,2012-12-17 07:26:19.692465267+00:00,2012-12-17 07:26:19.692465267+00:00,3809,Value 15
798,0,Take in charge ticket,2012-12-17 07:26:19.692465267+00:00,2012-12-17 07:26:19.692465267+00:00,3810,Value 2
798,3,Resolve ticket,2012-12-17 07:26:19.692465267+00:00,2012-12-17 07:26:19.692465267+00:00,3811,Value 16
798,5,Closed,2012-12-17 07:26:19.692465267+00:00,2012-12-17 07:26:19.692465267+00:00,3812,Value 5
799,1,Assign seriousness,2012-12-17 07:56:48.078774737+00:00,2012-12-17 07:56:48.078774737+00:00,3813,Value 15
799,1,Take in charge ticket,2012-12-17 07:56:48.078774737+00:00,2012-12-17 07:56:48.078774737+00:00,3814,Value 15
799,1,Resolve ticket,2012-12-17 07:56:48.078774737+00:00,2012-12-17 07:56:48.078774737+00:00,3815,Value 15
799,5,Closed,2012-12-17 07:56:48.078774737+00:00,2012-12-17 07:56:48.078774737+00:00,3816,Value 5
800,1,Assign seriousness,2012-12-17 08:15:45.628733245+00:00,2012-12-17 08:15:45.628733245+00:00,3817,Value 15
800,0,Assign seriousness,2012-12-17 08:15:45.628733245+00:00,2012-12-17 08:15:45.628733245+00:00,3818,Value 2
800,0,Resolve ticket,2012-12-17 08:15:45.628733245+00:00,2012-12-17 08:15:45.628733245+00:00,3819,Value 2
800,5,Closed,2012-12-17 08:15:45.628733245+00:00,2012-12-17 08:15:45.628733245+00:00,3820,Value 5
801,1,Assign seriousness,2012-12-17 08:42:01.133554967+00:00,2012-12-17 08:42:01.133554967+00:00,3821,Value 15
801,1,Take in charge ticket,2012-12-17 08:42:01.133554967+00:00,2012-12-17 08:42:01.133554967+00:00,3822,Value 15
801,17,Resolve ticket,2012-12-17 08:42:01.133554967+00:00,2012-12-17 08:42:01.133554967+00:00,3823,Value 1
801,5,Closed,2012-12-17 08:42:01.133554967+00:00,2012-12-17 08:42:01.133554967+00:00,3824,Value 5
802,1,Assign seriousness,2012-12-17 08:59:06.569013289+00:00,2012-12-17 08:59:06.569013289+00:00,3825,Value 15
802,1,Take in charge ticket,2012-12-17 08:59:06.569013289+00:00,2012-12-17 08:59:06.569013289+00:00,3826,Value 15
802,1,Resolve ticket,2012-12-17 08:59:06.569013289+00:00,2012-12-17 08:59:06.569013289+00:00,3827,Value 15
802,5,Closed,2012-12-17 08:59:06.569013289+00:00,2012-12-17 08:59:06.569013289+00:00,3828,Value 5
803,1,Assign seriousness,2012-12-17 09:28:46.608472504+00:00,2012-12-17 09:28:46.608472504+00:00,3829,Value 15
803,3,Take in charge ticket,2012-12-17 09:28:46.608472504+00:00,2012-12-17 09:28:46.608472504+00:00,3830,Value 16
803,3,Resolve ticket,2012-12-17 09:28:46.608472504+00:00,2012-12-17 09:28:46.608472504+00:00,3831,Value 16
803,5,Closed,2012-12-17 09:28:46.608472504+00:00,2012-12-17 09:28:46.608472504+00:00,3832,Value 5
804,1,Assign seriousness,2012-12-18 04:00:00+00:00,2012-12-18 04:00:00+00:00,3834,Value 15
804,1,Take in charge ticket,2012-12-18 04:00:00+00:00,2012-12-18 04:00:00+00:00,3835,Value 15
804,1,Resolve ticket,2012-12-18 04:00:00+00:00,2012-12-18 04:00:00+00:00,3836,Value 15
804,5,Closed,2012-12-18 04:00:00+00:00,2012-12-18 04:00:00+00:00,3837,Value 5
805,1,Assign seriousness,2012-12-18 04:13:37.735993350+00:00,2012-12-18 04:13:37.735993350+00:00,3838,Value 15
805,0,Take in charge ticket,2012-12-18 04:13:37.735993350+00:00,2012-12-18 04:13:37.735993350+00:00,3839,Value 2
805,0,Wait,2012-12-18 04:13:37.735993350+00:00,2012-12-18 04:13:37.735993350+00:00,3840,Value 2
805,15,Resolve ticket,2012-12-18 04:13:37.735993350+00:00,2012-12-18 04:13:37.735993350+00:00,3841,Value 13
805,5,Closed,2012-12-18 04:13:37.735993350+00:00,2012-12-18 04:13:37.735993350+00:00,3842,Value 5
806,1,Assign seriousness,2012-12-18 06:07:20.718847866+00:00,2012-12-18 06:07:20.718847866+00:00,3843,Value 15
806,0,Take in charge ticket,2012-12-18 06:07:20.718847866+00:00,2012-12-18 06:07:20.718847866+00:00,3844,Value 2
806,0,Resolve ticket,2012-12-18 06:07:20.718847866+00:00,2012-12-18 06:07:20.718847866+00:00,3845,Value 2
806,5,Closed,2012-12-18 06:07:20.718847866+00:00,2012-12-18 06:07:20.718847866+00:00,3846,Value 5
807,1,Assign seriousness,2012-12-18 06:37:28.835073481+00:00,2012-12-18 06:37:28.835073481+00:00,3847,Value 15
807,0,Take in charge ticket,2012-12-18 06:37:28.835073481+00:00,2012-12-18 06:37:28.835073481+00:00,3848,Value 2
807,0,Resolve ticket,2012-12-18 06:37:28.835073481+00:00,2012-12-18 06:37:28.835073481+00:00,3849,Value 2
807,5,Closed,2012-12-18 06:37:28.835073481+00:00,2012-12-18 06:37:28.835073481+00:00,3850,Value 5
808,1,Assign seriousness,2012-12-18 06:46:54.834502697+00:00,2012-12-18 06:46:54.834502697+00:00,3851,Value 15
808,0,Take in charge ticket,2012-12-18 06:46:54.834502697+00:00,2012-12-18 06:46:54.834502697+00:00,3852,Value 2
808,0,Resolve ticket,2012-12-18 06:46:54.834502697+00:00,2012-12-18 06:46:54.834502697+00:00,3853,Value 2
808,5,Closed,2012-12-18 06:46:54.834502697+00:00,2012-12-18 06:46:54.834502697+00:00,3854,Value 5
809,1,Assign seriousness,2012-12-18 07:05:25.390398878+00:00,2012-12-18 07:05:25.390398878+00:00,3855,Value 15
809,1,Take in charge ticket,2012-12-18 07:05:25.390398878+00:00,2012-12-18 07:05:25.390398878+00:00,3856,Value 15
809,1,Resolve ticket,2012-12-18 07:05:25.390398878+00:00,2012-12-18 07:05:25.390398878+00:00,3857,Value 15
809,5,Closed,2012-12-18 07:05:25.390398878+00:00,2012-12-18 07:05:25.390398878+00:00,3858,Value 5
810,1,Assign seriousness,2012-12-18 07:39:30.720688271+00:00,2012-12-18 07:39:30.720688271+00:00,3859,Value 15
810,3,Take in charge ticket,2012-12-18 07:39:30.720688271+00:00,2012-12-18 07:39:30.720688271+00:00,3860,Value 16
810,3,Resolve ticket,2012-12-18 07:39:30.720688271+00:00,2012-12-18 07:39:30.720688271+00:00,3861,Value 16
810,5,Closed,2012-12-18 07:39:30.720688271+00:00,2012-12-18 07:39:30.720688271+00:00,3862,Value 5
811,1,Assign seriousness,2012-12-18 07:54:15.700882993+00:00,2012-12-18 07:54:15.700882993+00:00,3863,Value 15
811,7,Wait,2012-12-18 07:54:15.700882993+00:00,2012-12-18 07:54:15.700882993+00:00,3864,Value 12
811,7,Take in charge ticket,2012-12-18 07:54:15.700882993+00:00,2012-12-18 07:54:15.700882993+00:00,3865,Value 12
811,7,Resolve ticket,2012-12-18 07:54:15.700882993+00:00,2012-12-18 07:54:15.700882993+00:00,3866,Value 12
811,5,Closed,2012-12-18 07:54:15.700882993+00:00,2012-12-18 07:54:15.700882993+00:00,3867,Value 5
812,1,Assign seriousness,2012-12-18 08:51:40.054367228+00:00,2012-12-18 08:51:40.054367228+00:00,3868,Value 15
812,1,Take in charge ticket,2012-12-18 08:51:40.054367228+00:00,2012-12-18 08:51:40.054367228+00:00,3869,Value 15
812,1,Resolve ticket,2012-12-18 08:51:40.054367228+00:00,2012-12-18 08:51:40.054367228+00:00,3870,Value 15
812,5,Closed,2012-12-18 08:51:40.054367228+00:00,2012-12-18 08:51:40.054367228+00:00,3871,Value 5
813,1,Assign seriousness,2012-12-18 10:14:20.244451380+00:00,2012-12-18 10:14:20.244451380+00:00,3872,Value 15
813,1,Take in charge ticket,2012-12-18 10:14:20.244451380+00:00,2012-12-18 10:14:20.244451380+00:00,3873,Value 15
813,1,Resolve ticket,2012-12-18 10:14:20.244451380+00:00,2012-12-18 10:14:20.244451380+00:00,3874,Value 15
813,5,Closed,2012-12-18 10:14:20.244451380+00:00,2012-12-18 10:14:20.244451380+00:00,3875,Value 5
